timestamp,bid_price_1,bid_size_1,bid_price_2,bid_size_2,bid_price_3,bid_size_3,bid_price_4,bid_size_4,bid_price_5,bid_size_5,bid_price_6,bid_size_6,bid_price_7,bid_size_7,bid_price_8,bid_size_8,bid_price_9,bid_size_9,bid_price_10,bid_size_10,ask_price_1,ask_size_1,ask_price_2,ask_size_2,ask_price_3,ask_size_3,ask_price_4,ask_size_4,ask_price_5,ask_size_5,ask_price_6,ask_size_6,ask_price_7,ask_size_7,ask_price_8,ask_size_8,ask_price_9,ask_size_9,ask_price_10,ask_size_10
1717200000,99978.2,0.525,99976.95,1.1509,99975.71,1.5421,99973.67,0.8716,99967.02,1.321,99964.84,3.6031,99963.81,3.435,99961.22,0.5287,99957.09,0.7062,99946.83,0.1129,100021.8,1.5905,100023.28,0.6814,100024.89,0.1522,100029.59,2.1091,100035.44,1.9102,100042.67,2.0578,100044.7,2.0203,100056.1,0.183,100066.89,3.4693,100075.19,1.8376
1717200060,99993.96,0.8332,99991.59,1.006,99987.4,0.1933,99986.0,2.4371,99984.57,1.1073,99978.51,2.1979,99974.42,3.9786,99967.58,1.8203,99959.02,0.4057,99948.19,3.4126,100003.74,1.5495,100006.18,0.4693,100008.76,0.4956,100011.46,1.8195,100015.16,0.3894,100019.57,2.6638,100024.13,0.619,100035.28,0.2779,100046.68,0.382,100049.03,2.9578
1717200120,99992.04,1.1451,99990.38,0.2884,99988.14,1.3474,99983.39,3.4737,99977.7,3.8739,99971.9,1.4131,99965.41,0.8588,99957.19,0.9047,99954.83,3.383,99948.69,3.0528,100002.9,1.6241,100005.59,1.9504,100009.45,1.2465,100013.67,0.1148,100020.71,3.3195,100023.85,0.7299,100031.52,1.2428,100036.26,0.0344,100048.13,2.2696,100054.74,0.5761
1717200180,99975.26,0.4695,99973.42,0.7147,99971.13,1.4571,99966.24,2.2747,99964.69,0.2199,99962.43,2.4752,99955.03,1.0957,99946.75,1.9478,99940.22,1.0999,99928.65,0.4641,100017.64,0.6023,100020.0,0.9989,100023.33,0.1386,100026.31,2.4013,100027.36,1.2127,100030.05,0.5576,100033.48,1.3192,100034.56,2.9906,100037.76,1.527,100048.61,2.006
1717200240,99981.62,1.7304,99980.54,0.0865,99976.31,1.7311,99972.43,2.2979,99966.82,1.6766,99964.9,0.0932,99960.81,3.2073,99953.01,3.3298,99940.52,0.3616,99927.69,0.9808,99987.34,1.0717,99989.13,0.655,99991.32,0.6995,99993.16,2.0468,99994.9,2.0447,100003.15,1.404,100011.06,3.2776,100021.02,0.9527,100023.86,0.7971,100033.29,3.0433
1717200300,99976.42,1.0135,99973.91,1.5318,99971.34,1.8521,99967.52,2.5448,99962.46,3.4583,99956.44,0.6123,99954.79,1.7744,99950.46,1.1059,99948.76,2.0343,99943.41,1.8131,99989.14,1.6718,99990.29,1.7353,99994.29,1.2493,99997.82,1.8562,100002.43,3.1694,100010.59,1.8044,100019.29,2.6108,100023.82,1.9078,100026.71,0.2569,100029.16,3.5975
1717200360,99978.72,0.3865,99977.22,0.9036,99974.69,1.0694,99972.89,1.4977,99970.05,1.641,99966.35,2.3956,99957.85,2.5927,99956.12,0.3871,99946.64,1.1437,99935.51,2.6297,99988.76,1.7529,99990.43,1.1863,99991.92,0.7322,99997.76,2.7969,100001.31,2.3842,100009.81,1.2452,100014.39,3.1687,100024.34,2.6838,100035.7,2.9577,100046.29,2.1103
1717200420,99984.72,0.7571,99983.36,0.4677,99979.04,0.9982,99976.91,0.5589,99975.41,3.3793,99973.6,3.0858,99964.67,3.5359,99963.25,1.3537,99952.67,0.5329,99946.4,0.6574,99993.34,1.5536,99995.96,0.3728,99998.49,0.8512,100002.87,0.9577,100006.76,1.1469,100013.75,1.8012,100019.82,1.2448,100029.72,1.8814,100041.15,1.4777,100055.41,3.9379
1717200480,99985.53,1.0785,99982.6,1.6429,99978.79,0.3199,99976.54,2.5683,99969.86,2.2226,99968.04,3.3851,99958.95,1.1474,99949.56,1.0984,99937.24,0.5979,99930.12,3.7862,99994.35,0.9297,99996.05,0.102,99997.24,1.0289,99999.41,3.9782,100002.85,0.1225,100011.3,3.3583,100018.47,3.1676,100020.99,1.1546,100032.36,2.7873,100035.3,2.8251
1717200540,99980.74,0.5491,99978.07,1.1202,99974.52,1.0792,99972.97,1.1595,99970.01,0.2005,99965.65,3.1777,99960.31,0.4523,99949.35,2.391,99948.15,2.0663,99943.76,0.5829,100003.12,1.2489,100004.6,0.8623,100007.93,0.2169,100013.8,0.28,100018.22,2.0342,100027.13,2.2211,100031.84,1.8858,100039.83,3.9243,100044.0,0.0748,100056.04,1.3858
1717200600,100022.66,1.4836,100020.99,0.1365,100018.08,1.6363,100016.21,3.1188,100012.19,2.7846,100006.13,3.2479,100004.54,3.107,99998.5,1.1808,99996.95,0.8059,99995.37,3.7342,100035.38,1.9788,100037.47,0.544,100041.1,0.4227,100043.89,3.1256,100050.52,1.3344,100052.51,1.4784,100061.96,2.9758,100072.8,1.5527,100085.97,1.9899,100093.94,3.698
1717200660,100011.19,0.2039,100008.99,1.6536,100006.08,0.6764,100004.68,2.6471,100001.68,2.4145,99997.27,2.7622,99992.93,0.179,99982.36,1.4167,99968.89,1.1055,99954.17,3.7921,100023.47,1.2931,100025.2,1.6121,100028.57,1.9079,100030.29,2.4342,100036.37,0.1488,100037.9,3.1163,100042.38,1.5376,100049.62,2.4243,100059.11,3.7958,100065.32,3.0547
1717200720,100024.04,1.3166,100022.54,0.2712,100018.97,1.0231,100016.03,2.2511,100013.33,1.0486,100008.76,3.9855,100005.05,3.6668,99998.64,0.4993,99986.98,1.8137,99973.4,1.786,100033.02,1.3798,100035.71,0.6732,100037.93,0.1766,100041.64,3.5664,100048.17,2.8501,100056.59,2.5544,100065.13,2.0399,100067.47,0.8119,100070.2,3.1636,100071.57,2.2205
1717200780,100039.86,1.2433,100038.69,0.6531,100034.19,1.4518,100030.56,3.079,100024.21,0.3043,100015.43,2.5729,100010.16,2.7236,100005.37,3.5131,99994.61,2.5628,99991.06,3.8654,100050.38,1.8259,100051.49,0.2921,100053.03,0.3711,100055.64,2.8402,100058.89,3.7642,100067.05,3.3853,100070.43,2.5439,100077.49,0.5094,100082.27,2.1386,100090.31,0.6829
1717200840,100051.98,1.4552,100049.77,1.6929,100046.8,1.6592,100045.66,0.1914,100040.49,2.3113,100034.28,3.0702,100029.32,2.5596,100022.84,2.5124,100018.22,3.827,100010.46,3.2207,100063.56,0.63,100064.71,0.1668,100067.24,0.9943,100069.26,2.4306,100072.3,2.8763,100079.17,3.4445,100089.44,0.5318,100094.51,2.251,100099.5,1.8712,100104.25,0.9992
1717200900,100062.09,1.25,100060.59,1.7373,100059.03,0.6885,100055.15,1.2577,100049.19,1.9981,100044.07,2.0001,100040.14,0.1025,100028.74,2.0267,100015.66,0.8684,100009.72,0.2117,100070.93,1.7706,100073.24,0.9676,100076.12,1.702,100079.27,3.531,100085.0,3.0578,100088.93,1.6083,100095.35,0.7867,100102.43,0.3034,100109.73,3.06,100114.65,3.9565
1717200960,100057.74,0.8181,100055.15,0.7112,100050.86,1.5222,100048.87,2.0414,100044.62,0.1908,100042.52,1.3388,100037.02,1.8334,100029.35,2.0669,100024.25,2.4561,100020.98,3.9626,100072.5,0.6335,100074.17,1.6652,100077.04,1.432,100079.53,3.2648,100082.93,2.6985,100091.77,2.339,100100.34,2.904,100108.91,0.1163,100115.84,3.8686,100127.8,3.1069
1717201020,100049.73,0.3825,100047.47,1.2585,100043.53,0.3382,100039.12,0.136,100031.96,0.4485,100030.81,1.2616,100028.37,2.7651,100022.86,3.1021,100010.35,3.4925,99999.05,0.2585,100060.57,0.4543,100062.22,1.3413,100065.06,0.6618,100066.93,3.6494,100070.15,1.4236,100077.33,2.8865,100084.44,2.7763,100092.15,0.7771,100096.23,2.2368,100100.38,3.8919
1717201080,100037.25,1.4247,100035.62,0.7302,100031.35,1.601,100028.98,0.4963,100023.58,1.525,100014.74,3.2753,100004.67,3.2204,100000.48,1.1576,99990.55,1.392,99983.36,1.0332,100044.33,0.444,100046.41,1.8694,100049.84,0.3177,100053.92,2.3515,100056.5,2.6826,100061.75,2.5554,100063.25,1.6591,100072.14,0.4112,100082.77,0.0307,100091.48,3.7171
1717201140,100028.99,0.981,100027.59,1.9296,100025.47,1.3095,100019.93,0.3669,100015.2,2.1453,100008.41,3.7473,99998.73,0.7085,99988.03,0.7114,99975.53,3.9887,99968.98,1.9866,100042.77,1.9262,100045.62,1.7596,100046.65,1.1575,100048.19,3.9321,100051.04,3.9565,100056.39,1.9807,100066.3,3.4057,100072.45,0.7793,100074.86,0.6584,100082.28,1.0365
1717201200,100018.31,1.1572,100015.8,0.3922,100011.8,1.7992,100006.66,2.066,100005.1,2.6803,100002.62,0.571,99998.55,0.9997,99994.68,0.9497,99984.26,3.8166,99979.03,2.8943,100031.21,1.3247,100033.6,0.1711,100035.01,0.6483,100038.04,2.0151,100044.85,2.8172,100048.34,0.4785,100058.05,1.1872,100065.81,0.8843,100068.48,0.6212,100079.94,2.4269
1717201260,100014.02,1.0982,100011.69,0.4759,100009.83,1.5217,100004.46,0.3367,100000.56,2.818,99998.93,2.261,99997.34,2.1951,99990.78,2.2951,99987.91,1.3192,99979.63,0.4738,100023.72,1.1871,100024.9,1.0452,100028.73,0.9342,100032.3,1.8326,100033.67,1.8549,100041.13,2.8959,100045.89,3.2676,100055.09,2.3175,100056.66,1.3847,100058.55,3.9766
1717201320,100010.86,0.1119,100009.04,1.5495,100005.36,1.9577,100001.13,1.6872,99993.68,1.5361,99985.72,3.628,99981.15,2.7341,99972.87,2.1618,99963.7,1.3976,99960.21,2.1537,100025.2,1.4693,100026.65,0.0568,100027.72,0.6318,100032.09,2.1823,100036.55,3.2952,100039.53,1.3912,100043.15,3.7503,100052.12,0.4603,100063.24,1.6828,100074.97,3.5362
1717201380,100018.16,0.1155,100015.96,1.4214,100014.79,1.4941,100011.78,0.945,100009.37,3.4563,100007.92,2.0205,100004.17,3.265,99995.12,1.2824,99986.65,2.6934,99981.16,1.214,100024.16,1.3374,100025.6,0.636,100026.82,1.8996,100032.21,3.6472,100037.28,1.7145,100042.25,3.8894,100052.19,2.6887,100061.84,1.2818,100068.04,0.6054,100074.31,3.0201
1717201440,100015.13,1.4298,100012.52,1.8337,100009.55,1.9372,100005.76,0.545,100003.19,0.8213,99997.01,3.6897,99987.96,0.3789,99978.99,0.77,99974.64,2.698,99965.2,3.4957,100023.13,1.5353,100025.58,1.1398,100028.26,1.7455,100030.92,3.8285,100032.02,3.7493,100040.72,0.4781,100051.21,1.9209,100054.88,2.4216,100058.44,3.6614,100067.17,3.1043
1717201500,100025.99,0.56,100023.96,1.0197,100022.62,1.9636,100019.27,3.3605,100012.33,1.4891,100008.02,2.2545,100004.92,0.5922,100001.05,3.7397,99992.81,1.6761,99989.67,1.3262,100034.59,1.6751,100036.59,1.3265,100039.99,0.5518,100045.09,3.8664,100050.26,1.9675,100052.61,3.182,100055.22,2.8841,100061.59,3.6684,100069.37,2.5708,100071.19,0.145
1717201560,100025.98,1.5405,100024.16,1.693,100022.35,1.429,100021.3,2.0279,100017.87,2.4752,100011.54,2.4699,100005.95,1.9565,100004.88,2.2111,100003.73,2.1224,99998.88,3.9101,100037.66,1.6357,100040.01,1.622,100044.19,0.2587,100045.67,0.6041,100047.92,2.1106,100055.44,1.0766,100060.21,1.4985,100065.68,2.2644,100079.06,0.9112,100089.63,3.393
1717201620,100031.56,0.2323,100029.8,1.1278,100028.61,0.0684,100026.75,2.0044,100022.93,3.1397,100017.4,3.4333,100015.49,2.1174,100014.03,0.8536,100002.18,3.5513,99994.52,0.1958,100044.16,1.8549,100046.96,1.1488,100048.07,1.8611,100050.65,3.8463,100055.46,3.0115,100062.16,1.5992,100063.89,0.6582,100067.54,3.3403,100073.4,3.5871,100079.05,3.0249
1717201680,100027.87,1.0265,100024.92,0.1547,100022.39,1.6854,100019.69,3.0783,100012.48,1.5928,100005.29,0.1282,100001.7,3.9704,99995.3,1.4297,99982.54,1.7331,99972.02,2.6461,100040.11,1.2563,100042.71,1.4406,100043.99,0.3507,100048.55,2.5393,100054.36,1.2735,100056.21,0.0307,100060.14,1.4461,100064.11,0.5387,100067.45,1.8009,100076.22,1.6381
1717201740,100027.85,1.2162,100026.2,0.8012,100024.18,0.8062,100022.76,3.6055,100015.87,3.9129,100010.3,0.6866,100005.68,0.564,100001.37,1.9776,99999.58,1.7444,99992.68,1.9421,100033.79,0.5408,100035.28,1.2688,100038.36,0.4313,100039.9,1.2256,100047.06,1.3355,100053.03,3.2183,100057.16,1.3456,100067.13,3.4394,100080.3,0.5531,100085.79,3.7896
1717201800,100005.89,1.939,100004.31,1.4052,100001.59,1.173,99999.38,1.5105,99993.07,1.5778,99991.16,2.2598,99984.53,2.1871,99976.03,2.2049,99963.12,1.8519,99952.2,1.7594,100020.53,1.401,100023.17,1.6015,100025.6,1.0236,100029.77,0.9757,100035.05,2.8638,100042.36,0.3051,100052.77,1.9221,100058.18,2.0314,100070.69,2.7699,100079.3,3.165
1717201860,100024.6,1.2945,100023.43,1.5495,100020.13,0.7423,100015.89,0.1867,100008.5,2.7131,100004.3,3.0132,99994.13,1.7275,99993.01,1.0424,99985.63,2.08,99976.5,2.3052,100034.96,0.8127,100037.5,1.1978,100040.26,0.7227,100041.38,0.4272,100045.08,3.8473,100047.01,3.7633,100049.36,1.2544,100055.37,0.8354,100062.4,1.9099,100069.54,2.7901
1717201920,100017.02,0.2744,100014.32,1.3135,100010.95,0.3705,100005.03,0.9832,100002.9,0.6489,99997.42,3.8343,99994.22,1.6261,99991.19,2.5655,99984.79,0.1265,99975.19,0.7973,100030.12,0.8082,100032.53,0.4513,100036.16,1.627,100037.48,0.416,100044.14,0.756,100047.75,1.8356,100051.24,3.4519,100058.05,2.56,100066.51,2.4491,100075.73,1.3982
1717201980,100002.84,1.4267,100001.25,1.2482,99999.95,0.3112,99998.36,1.2285,99996.17,2.7768,99991.08,1.6788,99988.77,1.541,99985.73,2.5457,99976.06,2.5846,99961.06,2.2241,100015.98,0.3236,100017.61,0.9295,100018.8,0.7501,100019.84,0.5548,100026.14,3.8557,100031.19,1.9849,100038.69,1.6684,100048.93,1.9599,100050.96,0.1331,100062.62,1.1754
1717202040,100012.88,0.9418,100010.39,1.5435,100007.47,0.2708,100005.9,3.1027,99999.55,1.4738,99991.97,0.176,99984.14,2.1899,99972.25,0.4186,99960.87,3.0079,99955.71,3.9973,100019.56,0.7297,100022.19,0.9062,100026.67,1.5625,100028.86,3.2447,100033.68,1.409,100040.36,2.5348,100042.94,0.5655,100046.21,0.8357,100047.96,1.4098,100052.89,2.1597
1717202100,100013.63,0.5713,100010.91,1.9717,100007.54,0.2357,100001.72,3.1449,99994.75,3.97,99986.81,0.5163,99977.59,1.0062,99968.76,3.3156,99958.24,2.7082,99950.39,2.3139,100021.53,0.8577,100023.43,1.2856,100027.51,0.2315,100031.09,1.1201,100038.18,1.4826,100046.78,1.3159,100047.8,3.0988,100056.86,2.9264,100063.59,2.6599,100069.61,0.2627
1717202160,100028.21,0.4631,100026.67,1.6653,100024.49,1.177,100020.66,1.9465,100017.43,2.7334,100016.04,0.4073,100007.59,1.8437,100005.22,3.432,99998.71,0.0127,99984.3,0.8172,100037.51,0.3072,100039.81,0.36,100044.07,0.5843,100048.35,1.0091,100051.76,3.6162,100054.09,1.5914,100057.99,2.8008,100061.57,2.6254,100071.36,0.0143,100079.04,0.5395
1717202220,100024.5,1.4064,100021.87,1.9769,100019.39,0.3077,100018.03,1.5384,100012.28,0.4187,100008.78,3.5251,100006.47,3.0961,99997.19,0.5413,99983.78,0.58,99975.35,0.0438,100029.6,0.9082,100032.04,1.2748,100033.57,0.8528,100038.01,3.4413,100039.57,0.4109,100046.59,2.3624,100051.24,3.8534,100055.7,0.5679,100060.16,0.3462,100068.91,2.404
1717202280,100006.98,1.7034,100004.66,0.6382,100001.85,1.0436,99997.11,1.1892,99995.76,3.5927,99987.12,1.9846,99985.05,2.0033,99977.52,2.1179,99964.29,3.9477,99950.22,0.5366,100018.88,1.1583,100020.61,1.3817,100024.28,1.9112,100029.13,0.0766,100030.57,1.0561,100031.89,0.2513,100040.39,2.0314,100048.3,2.0092,100054.5,2.8102,100056.65,2.1509
1717202340,100019.67,1.047,100018.26,1.6257,100015.39,0.8119,100011.21,3.3398,100005.79,0.2738,99999.2,2.9225,99990.16,0.241,99988.21,1.7436,99981.54,2.4392,99976.21,2.9694,100027.77,0.2829,100030.19,1.4179,100031.76,1.9084,100035.37,3.1341,100041.06,0.6762,100043.07,3.1267,100046.63,3.5468,100056.11,0.1271,100067.2,1.0952,100069.1,2.8522
1717202400,100019.11,0.7522,100017.11,1.1554,100014.82,0.5475,100013.31,2.2999,100007.61,0.9213,100002.54,0.1857,99993.34,0.9858,99987.15,1.5381,99984.28,3.7253,99971.27,2.2159,100028.67,1.4943,100030.51,0.6775,100032.97,1.4546,100035.32,0.3208,100038.75,2.0131,100046.96,0.7256,100055.6,3.9258,100067.1,0.285,100073.91,1.1364,100086.74,1.3159
1717202460,100021.1,1.1494,100019.49,1.2643,100016.87,1.2038,100013.4,3.0927,100011.13,3.6028,100004.05,0.9881,100002.99,1.646,99999.42,1.3922,99987.93,3.51,99973.62,0.0158,100047.12,1.7056,100049.57,0.2527,100052.43,0.5144,100055.89,0.249,100063.37,2.8495,100065.11,3.6859,100074.64,2.0838,100083.35,1.4962,100096.53,0.3488,100098.87,0.5427
1717202520,100035.17,0.8982,100032.24,0.5117,100030.33,0.6643,100025.32,2.8059,100019.54,1.2791,100016.37,0.308,100013.44,3.1219,100006.01,0.6301,100002.96,1.8696,99996.27,2.1483,100045.85,0.4549,100047.47,0.5668,100048.89,0.3573,100053.32,3.3073,100058.85,0.1709,100066.53,1.3179,100068.4,1.0004,100073.31,2.0587,100082.78,1.0481,100097.65,0.134
1717202580,100029.35,0.5372,100027.43,1.6176,100025.94,0.0733,100020.78,3.9304,100018.94,3.2965,100014.96,2.5249,100007.83,2.3335,100003.99,3.2529,100002.71,0.2672,99989.08,1.7793,100041.83,1.8149,100044.49,0.6965,100045.64,0.9489,100047.48,2.2998,100053.82,1.586,100055.05,2.736,100057.7,0.8667,100060.76,1.1266,100072.8,0.1483,100082.47,0.9907
1717202640,100026.78,0.1689,100025.22,0.3176,100023.52,1.7751,100019.89,2.5267,100013.68,3.1814,100004.76,3.1298,100000.35,2.1826,99994.02,3.6516,99986.74,1.5596,99983.22,1.2823,100037.28,1.7967,100039.84,0.1643,100044.31,1.0824,100049.14,3.9984,100056.47,0.4095,100062.73,1.0734,100071.48,3.6699,100073.1,3.9856,100076.84,3.3876,100089.0,1.4257
1717202700,100028.38,1.2054,100025.77,1.4104,100021.57,0.105,100017.07,3.7908,100012.4,2.2568,100009.9,3.9521,100000.52,1.974,99996.12,1.9668,99993.99,0.9382,99989.93,2.1105,100035.14,1.8399,100036.54,0.3045,100040.05,1.8416,100045.27,1.3011,100046.42,2.3506,100054.75,3.0997,100063.8,3.4441,100075.36,1.5006,100088.14,1.5884,100090.55,1.214
1717202760,100014.59,1.5941,100011.67,1.3159,100010.06,1.939,100005.59,3.7161,99999.48,0.9007,99993.76,0.7097,99989.85,2.7571,99987.45,2.918,99974.59,3.7953,99968.11,3.9772,100029.07,0.1131,100031.27,1.846,100035.66,0.4807,100039.49,3.7474,100041.4,2.9839,100044.31,3.9297,100046.9,3.5424,100048.88,2.8388,100057.87,3.5477,100065.12,1.0682
1717202820,100007.83,0.2607,100006.83,0.8026,100003.26,1.9397,99997.84,1.9774,99994.38,2.1886,99992.57,1.9232,99983.36,2.6074,99974.8,0.659,99972.88,3.3846,99967.75,1.2817,100015.39,0.1947,100016.73,0.7821,100020.29,1.1167,100025.78,0.3815,100030.64,2.4584,100035.51,0.1337,100045.46,0.6683,100056.25,0.6368,100058.51,0.8301,100062.17,2.7918
1717202880,99988.14,0.599,99986.66,0.1468,99983.66,1.6877,99981.9,1.4497,99978.12,1.1853,99971.82,2.4049,99968.92,0.1127,99966.04,1.1743,99964.02,3.3766,99958.7,1.5959,99995.8,1.339,99996.98,1.111,99998.63,1.7767,100001.48,1.7886,100004.19,1.8656,100007.0,1.0816,100008.58,3.0114,100016.93,0.352,100022.22,2.1704,100036.81,2.363
1717202940,100003.45,0.8663,100001.38,1.7404,99998.72,1.7692,99995.34,0.325,99988.47,2.8601,99983.45,3.6028,99974.85,2.7134,99967.02,0.4899,99956.56,0.6998,99941.78,3.8889,100016.63,0.2961,100018.48,1.9771,100021.0,1.9947,100025.14,3.3381,100027.81,3.6441,100036.13,0.2774,100040.81,1.5954,100045.4,1.112,100052.13,3.4951,100064.14,2.496
1717203000,100006.23,0.339,100004.05,1.5288,99999.77,1.8536,99995.95,0.413,99993.09,2.1472,99989.34,1.6495,99984.7,1.9475,99977.0,0.1595,99972.56,0.584,99963.04,2.7777,100015.37,1.7847,100017.03,0.5133,100020.64,1.8456,100026.13,0.0907,100032.44,1.2192,100035.68,1.9716,100043.3,0.4019,100053.86,0.5462,100067.03,1.778,100079.59,1.085
1717203060,100006.41,0.4622,100003.76,1.4948,100000.1,1.741,99995.0,2.0659,99992.97,1.2514,99987.91,0.5512,99978.82,3.5185,99977.51,0.7791,99966.09,3.3495,99961.6,1.8312,100013.29,1.424,100014.84,1.6558,100017.61,1.289,100019.23,0.1319,100022.65,2.3802,100025.07,3.4832,100031.64,1.4055,100034.44,3.579,100044.8,2.7585,100049.79,1.5524
1717203120,99996.38,1.7214,99994.09,1.3715,99992.14,0.8485,99991.04,3.1234,99985.05,0.0455,99976.76,2.593,99970.05,0.0438,99966.27,3.2223,99961.46,3.8684,99951.46,1.701,100011.02,0.73,100012.52,0.9601,100015.89,1.6574,100018.88,0.4182,100023.2,2.6528,100030.95,1.5032,100038.1,2.4401,100042.38,0.4413,100044.18,3.9536,100054.15,3.4474
1717203180,99995.28,0.6326,99993.98,1.5427,99989.83,1.6206,99984.82,2.4041,99979.53,2.7262,99972.76,2.625,99962.28,1.0451,99956.68,1.5592,99955.23,2.8352,99946.23,0.7678,100009.2,0.4836,100011.27,1.5805,100015.44,1.3601,100018.98,3.3832,100025.44,3.5072,100027.89,0.3994,100030.11,1.042,100040.0,3.054,100043.29,2.7221,100048.99,0.3663
1717203240,99990.13,1.5868,99988.47,0.5581,99986.44,1.7099,99983.09,3.4669,99978.29,3.7778,99976.72,3.5588,99970.97,3.4713,99965.77,1.2004,99964.09,3.4184,99961.17,0.8092,99998.21,1.1603,100001.02,0.9423,100003.13,1.4456,100008.03,1.9554,100013.13,0.7155,100019.2,0.0288,100022.8,3.0472,100025.66,3.0603,100032.78,3.0566,100035.01,2.4618
1717203300,99990.36,0.7975,99989.28,0.4389,99986.98,0.0775,99984.37,3.3346,99982.13,2.7102,99976.12,1.0028,99968.53,1.384,99966.11,1.5404,99957.75,0.6764,99945.22,1.1998,100005.02,1.4693,100007.21,0.7088,100011.32,1.9912,100014.03,3.6065,100017.37,0.7618,100025.95,3.6736,100030.79,0.9214,100039.79,0.5335,100049.96,2.3629,100053.33,1.4727
1717203360,99973.75,0.5488,99971.68,0.1447,99967.2,1.3408,99962.93,0.0888,99957.45,1.6729,99953.41,2.1937,99947.9,0.621,99939.25,2.5249,99934.49,2.65,99924.21,1.0872,100020.05,0.3175,100022.71,0.2546,100026.23,0.2796,100027.8,0.434,100030.09,0.807,100033.19,2.0974,100036.11,2.8167,100040.36,0.1672,100047.56,0.8387,100061.63,1.3291
1717203420,99999.27,1.6787,99996.93,0.3408,99995.62,1.0478,99991.0,0.4141,99988.34,0.9323,99979.43,1.1911,99974.02,0.4082,99971.09,0.1674,99966.46,3.2084,99961.08,2.9568,100013.33,1.5285,100014.42,1.7114,100017.74,0.3825,100020.53,1.7565,100025.57,3.5151,100027.32,3.2617,100030.05,1.6091,100041.64,1.0946,100047.46,3.4042,100059.66,2.5989
1717203480,100004.93,0.1644,100002.05,0.3608,99999.59,1.202,99994.58,2.7168,99992.4,1.5252,99988.53,0.125,99981.03,3.3558,99969.32,0.5313,99956.82,0.4606,99950.06,0.1934,100016.89,0.6628,100019.3,1.372,100022.99,1.1745,100026.81,3.9118,100032.16,1.3598,100037.35,2.8053,100039.25,2.6502,100042.99,1.3895,100052.44,1.5457,100065.19,2.2378
1717203540,100000.27,0.356,99997.57,1.7111,99993.53,0.196,99990.07,0.9712,99982.77,0.2109,99979.98,2.5768,99975.15,0.9476,99969.1,3.207,99962.5,3.4278,99955.24,0.4836,100011.71,1.3241,100012.92,0.8541,100015.87,0.0503,100017.32,2.4208,100022.34,1.2253,100027.41,0.8353,100034.79,3.8019,100039.79,0.2266,100043.57,1.8233,100052.41,2.4828
1717203600,100007.67,0.2723,100005.15,0.4824,100002.96,1.6683,99997.13,1.175,99992.74,2.8114,99991.38,0.665,99989.04,2.8703,99980.1,0.4368,99971.47,0.7583,99957.45,1.5777,100019.83,1.5738,100022.26,0.2601,100024.71,1.8569,100029.9,2.3594,100035.92,1.8075,100042.19,3.8252,100044.47,2.0003,100051.3,0.2038,100063.99,3.3569,100071.75,2.0382
1717203660,100019.45,1.4745,100018.19,0.8054,100015.09,1.7713,100011.57,1.5448,100004.2,3.6645,99997.11,1.1016,99986.95,3.8823,99980.97,0.5422,99974.81,2.8031,99963.33,1.2027,100030.23,1.7284,100032.65,1.8742,100035.87,0.4417,100039.99,1.1694,100043.23,2.6928,100052.08,2.6038,100062.19,2.0205,100070.83,1.2963,100073.27,1.4154,100080.99,2.2868
1717203720,100018.28,1.6907,100016.71,1.7022,100012.88,1.0693,100011.75,0.5899,100006.4,0.8076,99999.39,0.6521,99995.67,1.0097,99985.44,2.7655,99980.75,3.0168,99979.3,3.258,100030.76,1.7427,100033.24,1.7364,100036.84,1.1445,100039.03,3.1394,100045.22,1.1577,100051.53,3.7067,100056.22,3.8272,100067.95,1.2575,100075.85,0.0617,100080.37,2.486
1717203780,100110.45,1.8274,100108.04,1.3129,100104.4,1.1159,100100.38,3.1068,100093.11,1.1838,100090.69,2.7338,100087.92,0.7034,100081.27,1.515,100074.91,2.2308,100072.09,2.3401,100123.75,0.6946,100126.17,0.3519,100127.71,0.6791,100128.96,3.7302,100133.96,2.6509,100138.89,2.295,100143.29,3.1383,100147.79,0.8876,100151.08,0.282,100159.16,1.6696
1717203840,100106.17,0.466,100104.51,0.7536,100102.74,1.5177,100099.09,3.9866,100092.74,3.9247,100091.66,2.6791,100086.43,3.6189,100078.68,2.4883,100065.69,2.7334,100060.2,3.6646,100113.39,0.8025,100115.47,0.6015,100119.66,1.6531,100122.53,3.2132,100126.43,0.185,100134.62,0.7781,100140.5,3.7934,100143.34,3.8255,100151.07,0.0392,100152.98,2.6846
1717203900,100103.96,0.2527,100101.88,1.4203,100097.47,1.5617,100093.23,3.7596,100087.38,0.6235,100082.71,1.3335,100080.87,0.2265,100071.14,2.2368,100062.95,0.9183,100058.33,1.5583,100113.2,0.8944,100114.23,1.3629,100117.11,1.3008,100121.2,3.0263,100126.0,2.8065,100127.58,3.7129,100129.59,3.1497,100133.91,0.3552,100144.47,1.7563,100151.01,2.6463
1717203960,100107.77,0.8124,100105.18,1.1142,100100.81,0.3309,100096.43,3.6575,100090.26,2.92,100086.28,3.7984,100080.02,2.2247,100077.66,0.0301,100069.2,2.1532,100054.95,1.2257,100114.13,1.8119,100115.82,0.8547,100119.08,1.0495,100120.88,0.8909,100127.31,0.7854,100129.76,3.2006,100138.86,3.407,100150.11,3.9773,100156.88,2.2032,100161.95,0.2788
1717204020,100113.71,0.6952,100112.45,1.3282,100111.1,1.2581,100105.6,1.278,100101.67,2.4692,100098.23,2.3408,100091.86,1.4643,100087.38,1.7189,100086.32,0.9922,100082.21,2.9619,100123.59,1.6882,100124.86,1.4793,100128.93,0.9526,100131.72,1.2288,100136.31,0.7113,100142.16,3.3688,100151.32,0.5686,100158.25,1.0603,100170.33,0.3151,100172.38,0.0843
1717204080,100104.41,0.84,100102.23,1.8173,100099.3,1.1098,100093.31,1.8937,100087.27,1.4696,100084.48,3.0909,100076.51,1.1711,100070.4,2.0465,100064.44,2.0136,100054.17,3.3934,100141.87,1.2474,100143.2,1.0526,100145.76,0.3993,100151.51,2.6411,100158.8,2.9463,100163.67,1.4416,100166.74,1.9557,100168.44,1.484,100169.97,0.835,100183.68,1.4514
1717204140,100120.58,1.9622,100118.93,1.4223,100116.11,1.6678,100110.93,1.0606,100106.39,0.7037,100100.17,1.4675,100092.96,3.3435,100086.28,1.5116,100073.93,2.0703,100067.99,3.4722,100126.04,0.9901,100128.25,1.0286,100129.73,0.3729,100131.12,2.5775,100133.5,0.7558,100137.39,2.872,100139.52,0.9291,100149.44,2.8838,100156.46,1.9205,100160.41,0.6534
1717204200,100108.24,1.1683,100106.92,1.2776,100105.78,1.1659,100104.5,1.0405,100102.33,3.8334,100096.54,2.2588,100095.36,2.881,100087.08,1.141,100085.01,1.8023,100070.11,3.4705,100129.54,1.6692,100131.74,1.5995,100135.61,0.4047,100139.91,1.0654,100145.62,1.3773,100150.25,2.3665,100153.43,1.548,100155.62,0.8174,100167.37,2.0224,100174.25,0.6067
1717204260,100111.55,0.1261,100108.98,1.0315,100107.57,0.9904,100105.92,2.4179,100099.54,3.5889,100092.34,2.6004,100086.38,1.4878,100084.9,2.124,100081.04,3.2112,100068.98,1.5311,100122.69,1.4957,100125.21,1.4086,100126.56,0.3111,100129.94,0.9377,100136.52,1.1402,100144.54,1.6405,100147.33,2.8395,100157.02,2.3162,100159.49,0.0387,100169.65,2.7542
1717204320,100129.78,1.3206,100128.27,1.7172,100125.79,0.763,100123.41,2.7256,100117.51,1.6588,100110.23,1.935,100105.72,2.2241,100101.93,1.2335,100096.62,2.8249,100085.32,3.4214,100136.32,1.5082,100138.21,1.4137,100139.78,0.4682,100142.78,1.3604,100147.36,2.7913,100154.02,0.6513,100164.18,0.0311,100166.18,0.5899,100178.75,1.7472,100180.65,0.8949
1717204380,100104.47,1.9697,100102.24,1.066,100098.75,1.2151,100093.02,3.2827,100087.86,1.7615,100085.25,2.631,100076.61,1.1512,100075.24,2.4021,100067.79,0.9344,100064.42,0.1539,100135.99,0.0506,100137.3,1.9938,100141.03,0.7386,100144.01,2.3485,100148.37,2.9503,100149.92,0.3698,100153.63,3.3208,100164.69,1.3989,100177.73,1.1133,100187.22,0.7862
1717204440,100113.02,0.8439,100111.81,0.1912,100109.78,1.8967,100104.76,3.8273,100098.07,3.2545,100092.47,2.7798,100082.29,2.257,100072.82,3.0323,100059.81,1.8408,100052.36,2.3514,100120.64,0.2767,100121.78,1.2856,100126.25,1.37,100128.4,1.2698,100135.61,2.0709,100136.69,3.3304,100140.05,0.3811,100148.46,3.2861,100150.41,3.7263,100158.08,1.4206
1717204500,100120.94,1.3821,100118.12,1.023,100116.42,1.4841,100111.06,0.835,100108.74,1.0063,100102.79,0.6324,100100.78,3.6816,100092.34,2.6571,100083.67,3.0593,100075.09,0.1786,100135.42,1.2603,100137.4,1.9715,100141.54,1.7441,100145.0,3.9377,100151.95,1.1283,100154.73,2.3109,100156.24,3.1991,100162.5,2.1677,100169.79,1.5809,100180.39,0.7075
1717204560,100122.77,1.394,100121.75,0.461,100118.71,0.6846,100114.65,1.0462,100110.08,0.9562,100105.31,2.4562,100100.84,2.0001,100097.52,2.8058,100091.87,3.4188,100086.95,0.7278,100132.37,1.173,100133.83,0.2447,100135.77,0.5098,100138.93,1.5297,100140.88,3.837,100143.08,3.2246,100145.76,2.0034,100157.71,3.3991,100165.17,2.885,100177.16,1.2071
1717204620,100126.96,1.3966,100125.84,1.6369,100123.17,1.2782,100119.92,1.3453,100116.58,2.2458,100108.12,1.0383,100106.93,0.4937,100096.39,3.8528,100092.91,2.3078,100082.82,0.7064,100135.94,0.7425,100138.29,1.0006,100141.86,1.7848,100144.77,1.1532,100149.88,0.5879,100152.22,3.2328,100156.42,2.5288,100163.71,3.3971,100165.6,0.6564,100169.8,1.2743
1717204680,100129.4,0.5789,100127.51,1.7325,100125.24,1.1945,100119.41,1.6618,100117.22,0.1022,100110.39,2.6515,100100.46,2.8058,100098.58,0.676,100096.29,0.2645,100082.99,2.1983,100140.84,0.8242,100143.37,0.2123,100145.29,0.3528,100149.56,3.543,100152.57,0.9971,100155.85,2.5097,100158.09,3.3557,100159.41,2.6576,100171.16,1.3076,100178.83,3.9002
1717204740,100130.83,1.9406,100128.43,0.3952,100125.34,1.2805,100121.16,2.2603,100116.76,2.5617,100113.28,1.3952,100107.16,3.2208,100101.3,1.4695,100097.05,1.2213,100096.05,3.2634,100140.27,0.7206,100142.21,0.0662,100146.44,1.8966,100149.82,0.0464,100153.62,1.1788,100156.47,0.0388,100161.02,1.6528,100168.18,1.5851,100171.23,2.9511,100177.68,1.5196
1717204800,100137.18,1.5408,100134.36,1.6248,100130.96,0.6051,100126.25,3.2371,100122.57,3.4154,100120.11,1.1655,100113.06,2.4747,100109.06,2.4948,100105.71,0.0874,100104.02,2.1445,100144.58,0.2494,100146.12,1.4446,100149.66,0.504,100151.42,1.9794,100154.64,1.2532,100162.03,3.9919,100167.44,3.1678,100172.07,3.3757,100184.97,0.2336,100196.83,0.2948
1717204860,100136.18,1.6436,100133.52,0.2878,100129.83,0.5355,100124.98,1.7774,100119.18,0.1437,100114.5,3.0863,100108.55,3.9286,100102.35,2.729,100097.44,1.299,100087.64,0.1783,100149.6,1.0658,100151.11,1.2951,100152.8,1.7807,100158.12,0.879,100159.85,2.5353,100163.45,0.6778,100167.07,0.4874,100176.75,0.0456,100178.28,3.1361,100185.93,2.3889
1717204920,100156.54,0.2282,100154.3,1.8652,100149.81,1.269,100148.51,2.5819,100142.96,3.168,100140.95,0.9384,100130.62,3.1564,100121.3,3.224,100114.82,0.7799,100104.17,1.4391,100163.12,1.8024,100165.09,0.9031,100167.12,1.4092,100169.07,0.7546,100172.33,2.9323,100175.53,3.3271,100185.22,2.2225,100186.98,0.6286,100191.67,1.0608,100197.81,0.0129
1717204980,100156.98,0.0865,100154.27,1.5632,100152.43,1.456,100148.14,2.1604,100144.62,2.101,100139.64,2.2104,100132.82,1.2972,100124.77,0.4508,100117.23,0.2761,100104.53,0.5278,100163.84,0.4441,100165.81,0.2426,100168.81,1.6808,100173.1,2.108,100178.66,1.0312,100182.59,2.4278,100184.26,3.7215,100187.56,1.9707,100199.68,0.329,100211.89,0.2522
1717205040,100167.37,0.7697,100164.95,1.6561,100163.02,0.1293,100161.67,1.2226,100154.53,3.8427,100152.75,2.9034,100146.7,0.7659,100139.92,1.0026,100131.1,0.7238,100119.61,1.6666,100176.53,1.2953,100178.25,0.9445,100181.57,1.7715,100183.41,0.7298,100187.02,1.3567,100189.28,3.9937,100194.49,1.4158,100198.96,3.9659,100204.02,1.4932,100215.72,1.728
1717205100,100175.85,0.4672,100173.32,1.856,100171.43,1.9252,100168.19,1.5944,100162.47,3.932,100156.7,2.0753,100146.27,1.2143,100141.96,0.8953,100130.27,0.0966,100117.76,2.762,100186.49,1.1296,100188.6,1.8555,100190.14,0.1236,100192.92,0.5622,100196.31,2.3328,100199.17,3.2462,100201.05,1.6052,100212.14,2.9397,100222.19,3.1737,100225.61,3.3046
1717205160,100169.66,1.2107,100168.06,1.475,100165.04,0.203,100163.76,3.0859,100160.5,3.2704,100156.17,3.4726,100146.91,0.9146,100138.73,2.4132,100137.58,3.1119,100131.23,1.2261,100183.74,1.1029,100185.04,1.0297,100186.81,0.1485,100191.47,1.5776,100195.37,2.3846,100200.4,0.8961,100204.16,1.5833,100206.61,0.3394,100214.75,0.2068,100221.34,0.3495
1717205220,100175.03,0.313,100172.91,1.0013,100169.63,0.4324,100165.55,2.9453,100162.95,0.2959,100155.73,1.3004,100145.95,0.3675,100137.57,1.6999,100132.21,1.2897,100122.9,0.1066,100181.33,1.9759,100183.56,1.9808,100186.11,0.3343,100187.33,3.2745,100189.63,1.5015,100196.69,3.4125,100198.76,0.2276,100210.2,3.7077,100222.06,3.2823,100223.25,2.7782
1717205280,100170.35,0.4576,100168.27,0.4474,100165.44,0.5544,100162.03,2.9224,100160.11,2.798,100158.96,2.3362,100151.66,0.1835,100148.78,1.1432,100137.92,2.4757,100136.18,2.6225,100175.57,0.8079,100177.11,1.7116,100180.42,1.7354,100181.52,3.471,100186.74,0.9324,100190.79,3.9067,100192.73,1.2687,100203.27,2.1309,100206.6,2.0076,100214.01,3.7061
1717205340,100159.5,0.7005,100157.71,0.3562,100155.5,0.7362,100151.37,0.9525,100144.01,2.01,100136.52,2.5069,100127.17,3.5627,100117.21,0.1276,100109.27,1.128,100106.15,3.5897,100169.8,0.2212,100171.56,1.9232,100174.71,1.2698,100176.85,0.969,100178.84,3.8824,100187.12,1.3238,100193.27,0.835,100195.79,2.17,100206.79,3.4517,100212.12,2.8235
1717205400,100160.99,1.9528,100159.7,1.8694,100155.49,0.6691,100151.7,3.7949,100149.93,1.2772,100141.9,2.911,100133.62,3.5217,100128.07,1.6509,100121.53,3.7357,100108.02,3.7337,100175.95,1.5693,100177.16,0.4103,100180.83,1.2434,100183.17,2.2725,100185.67,0.9364,100192.17,1.4435,100199.7,1.9116,100206.23,2.4228,100216.13,1.5021,100229.06,1.9709
1717205460,100169.1,1.5409,100168.07,0.5762,100165.62,1.4976,100159.68,3.0335,100158.25,3.7091,100149.37,3.4698,100143.71,1.3063,100137.68,0.9947,100131.62,0.1769,100120.33,1.5277,100174.42,1.2424,100176.9,1.2079,100179.74,1.7578,100184.68,2.0874,100188.61,3.3098,100189.95,3.9834,100195.88,1.5885,100204.97,2.2352,100212.42,2.5263,100214.11,1.1718
1717205520,100164.41,0.9496,100162.57,1.2456,100161.37,1.0581,100159.66,3.3213,100155.73,2.8934,100153.82,3.1171,100143.91,2.7875,100141.42,1.6601,100134.79,0.7237,100125.52,2.8534,100177.69,0.9366,100179.19,1.3988,100183.37,1.6031,100187.96,0.5029,100189.7,1.8031,100193.6,2.1,100198.25,3.1664,100204.88,3.7995,100210.61,1.5286,100222.37,3.6499
1717205580,100171.36,1.7442,100170.0,1.4385,100167.53,0.6536,100162.69,1.7906,100157.62,0.479,100155.57,0.8194,100148.65,1.0199,100142.61,3.4231,100134.81,0.0329,100121.46,0.9591,100177.86,0.9776,100179.68,0.2048,100182.78,0.5272,100186.52,2.4829,100191.14,3.3028,100192.53,0.6015,100199.74,0.1565,100210.13,2.6713,100221.61,1.2008,100235.49,0.2056
1717205640,100163.78,1.2416,100161.4,1.2102,100157.64,0.396,100154.36,2.3201,100147.31,0.3816,100143.92,1.4806,100139.32,0.28,100133.62,2.2064,100128.95,0.5468,100118.23,1.1049,100175.5,1.0731,100177.89,1.2435,100179.27,1.473,100183.42,3.9489,100187.56,2.7577,100196.03,3.9453,100199.76,2.4393,100204.24,2.1063,100217.68,1.4219,100220.5,2.2549
1717205700,100158.64,0.4008,100156.42,1.4317,100151.99,0.0531,100150.87,2.5056,100149.11,3.3938,100141.71,3.996,100136.78,1.3418,100129.61,2.5536,100128.47,0.8127,100123.53,3.1629,100168.56,1.038,100170.21,0.062,100173.61,0.7157,100178.23,2.4678,100179.42,0.7108,100183.06,1.3584,100190.45,3.6655,100200.22,2.5862,100207.24,2.5125,100220.73,2.1525
1717205760,100161.75,1.498,100159.08,0.6337,100155.54,0.6652,100151.86,0.841,100146.41,3.2001,100138.3,1.4208,100128.09,1.129,100126.75,3.9346,100117.92,3.3712,100108.92,1.5644,100170.89,1.736,100173.39,1.4253,100175.49,0.1117,100178.56,1.9932,100181.11,1.8131,100189.71,0.8724,100193.59,0.4578,100203.22,3.1134,100215.64,1.7807,100216.99,1.9358
1717205820,100143.97,1.4783,100141.92,1.5623,100140.42,1.75,100135.31,3.7527,100129.91,0.5395,100123.12,1.8429,100115.34,2.0942,100114.29,3.73,100104.7,2.3812,100102.48,1.8728,100158.21,1.0651,100160.53,0.6593,100163.55,0.6587,100169.01,1.2903,100171.26,1.1138,100174.81,1.7701,100176.93,0.6058,100180.94,0.0709,100189.73,2.0611,100193.62,1.4078
1717205880,100150.33,0.6024,100148.84,0.1889,100145.69,0.7105,100142.48,0.529,100138.42,2.7052,100136.57,0.2247,100131.52,0.7241,100123.96,2.3751,100112.51,2.8005,100102.88,1.2566,100162.37,1.4402,100164.71,1.0903,100169.12,1.5237,100172.45,0.5359,100178.73,3.6796,100183.48,1.8278,100190.98,2.8438,100197.1,0.9345,100200.9,3.4458,100210.53,3.6523
1717205940,100165.42,1.5881,100162.66,0.9339,100161.55,0.9769,100158.79,1.8504,100156.68,3.0741,100150.85,0.5183,100148.87,3.272,100139.1,1.3102,100129.99,3.1718,100121.53,1.6093,100177.08,1.2607,100179.18,1.9491,100181.52,0.7144,100186.59,2.368,100192.69,1.7471,100199.99,2.1827,100203.23,2.6538,100205.09,3.7241,100213.26,1.9517,100222.55,1.857
1717206000,100167.46,1.914,100166.32,0.2621,100162.47,1.5541,100159.58,1.9822,100154.29,0.3712,100146.75,3.5502,100137.17,2.5482,100136.17,0.5954,100133.3,2.1297,100126.84,2.3159,100174.22,1.379,100175.85,1.162,100180.05,0.6439,100185.77,1.7446,100193.15,1.3836,100194.87,0.0424,100205.24,1.6227,100207.64,1.1838,100213.26,2.2001,100215.0,2.8164
1717206060,100166.49,1.7381,100165.02,1.4193,100162.64,0.6703,100159.73,1.5324,100155.18,2.6533,100150.38,0.761,100145.73,3.6987,100135.49,0.6255,100122.02,2.6836,100119.14,0.2963,100180.11,1.4566,100182.08,0.9016,100186.55,0.2151,100190.76,1.6693,100194.72,3.1578,100200.56,1.7086,100203.27,2.0426,100210.34,1.8057,100215.78,0.7513,100225.25,2.316
1717206120,100164.02,0.8511,100161.93,0.7656,100157.5,1.1579,100152.98,0.4615,100148.85,2.7651,100146.71,2.9279,100136.37,3.9348,100126.8,1.8651,100124.82,3.5608,100122.59,1.8951,100174.04,1.9228,100175.2,1.2857,100178.99,0.6594,100180.25,1.3807,100186.31,1.8808,100191.42,1.8822,100199.39,1.6899,100210.95,3.1949,100215.57,0.151,100229.49,3.0002
1717206180,100163.62,0.9727,100162.28,0.1507,100157.82,1.6273,100153.69,1.1544,100152.16,2.0273,100144.35,1.1186,100142.09,1.1311,100131.65,0.0667,100129.26,0.7067,100119.97,0.613,100169.24,1.6253,100170.76,1.4165,100173.46,1.6088,100178.77,1.378,100180.32,0.5888,100188.79,0.6251,100194.5,3.9744,100203.98,0.9594,100210.48,2.5539,100214.43,2.9401
1717206240,100161.44,0.2762,100160.1,0.8276,100158.05,1.505,100153.29,2.1348,100149.82,2.8254,100145.02,0.5891,100135.75,0.0573,100124.56,1.8008,100115.07,3.8474,100104.51,0.1737,100174.0,1.293,100176.91,0.892,100181.13,1.7238,100183.8,1.0757,100185.44,2.6208,100189.57,3.0949,100197.68,2.9399,100205.16,0.7878,100210.38,2.7642,100213.9,2.195
1717206300,100163.49,0.2405,100162.28,0.9196,100160.51,0.6024,100158.55,0.1046,100156.95,3.7546,100150.7,3.3435,100140.67,2.556,100131.88,0.4887,100120.17,0.5283,100109.98,3.6006,100168.61,1.936,100171.4,1.4065,100173.29,0.9606,100178.97,2.5587,100185.97,1.1128,100190.38,3.6145,100198.7,1.3004,100201.48,0.3052,100212.19,1.5374,100217.85,0.2496
1717206360,100174.96,1.0089,100172.1,1.2401,100170.48,1.0095,100168.76,3.0771,100166.34,2.5769,100158.04,2.8644,100156.06,0.3009,100148.77,1.0099,100142.2,3.5871,100139.12,2.5649,100184.36,1.346,100185.89,1.4151,100190.06,1.1705,100193.64,3.7602,100197.83,1.7499,100205.58,3.1259,100214.04,2.1651,100215.08,3.8171,100226.3,1.9334,100235.24,3.7408
1717206420,100200.12,1.2829,100197.2,0.2268,100194.33,1.9238,100192.93,1.844,100186.95,2.5947,100184.53,0.1669,100179.88,0.7721,100171.23,3.5869,100162.35,1.4435,100160.16,2.5348,100209.12,0.3229,100210.51,1.4535,100213.58,1.004,100214.9,2.1668,100217.9,2.1404,100225.57,1.8027,100236.03,0.1578,100237.65,3.1532,100239.18,0.4816,100251.48,2.6726
1717206480,100190.38,0.3405,100188.22,1.8534,100187.09,0.3261,100182.82,1.8902,100175.86,0.1927,100169.25,0.5308,100166.61,0.2093,100162.23,3.1769,100155.53,0.6911,100146.25,3.273,100204.12,1.0194,100206.72,0.4801,100210.53,0.8811,100215.59,3.9289,100221.0,1.3037,100229.81,2.3081,100232.11,3.3473,100241.84,3.0593,100250.25,1.3487,100252.94,0.5735
1717206540,100195.37,0.9054,100192.52,0.1294,100191.17,1.7024,100187.11,3.1129,100186.0,1.953,100184.95,0.7259,100183.11,2.6105,100172.35,1.6707,100161.26,3.0925,100150.57,0.8326,100205.91,1.07,100207.73,1.8793,100210.87,0.1234,100212.77,2.0046,100219.95,2.5125,100227.21,1.3979,100228.25,0.9502,100230.54,2.1255,100232.74,1.454,100244.4,2.1635
1717206600,100199.99,0.589,100198.6,1.6034,100195.2,1.9387,100191.83,0.7135,100186.48,0.182,100180.32,1.1474,100175.19,1.3438,100165.33,3.036,100163.79,2.9643,100149.84,0.7118,100211.59,0.9959,100212.82,1.7954,100216.35,1.2058,100218.98,0.803,100224.38,1.3095,100231.61,1.3113,100233.54,2.9536,100244.11,1.5084,100247.87,1.8893,100255.65,3.5631
1717206660,100187.79,0.8053,100186.52,1.4537,100183.31,1.9523,100181.29,0.5176,100175.79,0.248,100173.7,3.4081,100168.35,0.6931,100163.57,3.5468,100155.02,3.1603,100145.09,2.45,100197.33,1.9418,100200.04,0.2186,100204.04,1.004,100210.02,2.3704,100216.46,1.1239,100223.3,2.9474,100226.64,1.3159,100234.02,3.5684,100242.41,0.6044,100251.44,0.0303
1717206720,100171.63,1.5488,100170.56,1.0857,100167.89,1.6061,100162.78,1.8152,100160.22,2.2384,100159.12,2.9298,100149.09,0.5395,100144.84,2.5941,100142.7,1.9243,100137.44,2.8162,100205.75,1.5072,100206.8,0.9369,100210.5,1.7547,100213.53,3.1615,100216.93,1.8625,100223.0,3.4429,100224.67,3.5748,100229.34,0.1405,100235.66,1.0865,100249.9,2.1743
1717206780,100169.76,1.7677,100167.29,0.1569,100162.98,1.3656,100157.54,0.4528,100154.16,2.4803,100150.24,0.7093,100143.93,0.2774,100135.13,0.8268,100121.86,0.9621,100119.27,1.9192,100175.56,1.1812,100178.48,0.4591,100182.09,0.4896,100184.85,1.0768,100190.27,1.1158,100191.78,1.3875,100197.4,2.1115,100199.75,2.8422,100209.23,2.1361,100214.32,2.4876
1717206840,100165.49,1.8847,100164.36,1.7892,100161.76,0.2063,100156.27,1.1606,100149.05,0.4464,100145.84,2.7914,100140.13,3.5012,100133.4,2.5128,100128.73,3.8786,100120.15,0.5368,100178.57,0.9155,100180.86,0.6185,100182.08,1.75,100184.24,3.7903,100189.43,1.6527,100193.17,2.5877,100197.27,2.3775,100205.94,3.3692,100212.51,1.2233,100215.35,3.1595
1717206900,100171.26,1.9429,100168.72,0.1423,100166.48,0.9391,100164.65,3.6973,100159.03,1.1481,100150.24,3.3589,100142.66,2.6688,100139.97,0.9592,100138.46,1.2733,100135.68,1.049,100181.1,1.1469,100182.17,0.668,100184.37,0.7772,100188.07,0.6588,100191.03,3.6825,100195.27,2.0027,100197.65,1.8376,100202.17,0.0271,100212.4,3.9026,100218.04,2.8248
1717206960,100171.08,1.9623,100168.93,0.3368,100165.95,1.8184,100162.74,2.7597,100156.99,3.6017,100154.87,2.2083,100150.95,1.6125,100140.7,1.7894,100138.54,0.2296,100128.56,2.3379,100185.52,1.8745,100187.08,0.094,100189.96,0.9186,100194.32,0.3586,100198.64,0.7859,100202.19,2.4243,100212.15,3.6347,100217.12,0.6003,100228.79,1.4848,100235.01,1.1458
1717207020,100171.45,0.2208,100168.99,0.9162,100164.52,1.6172,100162.08,3.2246,100154.77,1.7011,100146.6,0.5669,100140.02,0.3535,100136.73,1.9037,100124.89,3.9467,100122.96,3.8408,100185.19,0.2225,100187.01,1.8331,100189.46,1.1338,100194.01,3.0234,100195.9,0.7522,100199.96,2.2199,100201.36,3.3067,100211.54,1.2226,100219.53,1.8592,100220.9,0.0198
1717207080,100175.32,0.9715,100173.01,1.7907,100170.55,1.0092,100166.11,0.9866,100164.34,1.1161,100155.38,0.2762,100147.3,2.3285,100140.08,3.4747,100131.23,1.9094,100120.51,0.4871,100188.66,1.1718,100191.35,0.3676,100192.56,0.6734,100197.95,0.5506,100200.01,1.098,100204.36,3.6493,100208.75,1.1665,100215.57,3.7459,100223.0,3.0681,100226.56,0.3871
1717207140,100165.55,1.6623,100163.18,0.6371,100159.78,1.3923,100158.3,2.3244,100151.95,0.0615,100146.8,1.4983,100141.2,1.3678,100130.18,0.4186,100127.25,0.8922,100123.61,3.5893,100179.27,1.6713,100181.32,1.0876,100184.25,1.5248,100185.82,1.8474,100187.32,3.2772,100195.7,1.9233,100199.66,1.4566,100209.65,3.56,100218.12,3.0567,100223.91,2.8425
1717207200,100162.23,1.7208,100160.95,0.4918,100159.51,0.3039,100158.11,2.7664,100152.02,0.3202,100144.82,3.0318,100143.42,0.4402,100133.69,2.0588,100131.95,0.4845,100127.41,0.2743,100169.45,1.5214,100172.01,1.8442,100173.73,1.8073,100175.66,1.4126,100177.25,3.385,100185.78,3.7957,100190.09,0.6506,100196.59,2.9169,100200.62,2.2852,100203.0,2.3168
1717207260,100143.55,0.5996,100140.75,1.0974,100136.34,0.2424,100134.27,2.0217,100128.67,1.4722,100122.95,1.7643,100112.86,0.7316,100107.95,1.5247,100104.27,0.9179,100101.69,3.9386,100150.47,0.2651,100151.74,1.5364,100155.21,1.1364,100156.41,1.3192,100158.16,1.1416,100163.97,1.2549,100174.24,1.7814,100181.33,1.1695,100193.03,0.7633,100195.0,3.3658
1717207320,100140.65,1.9975,100138.67,0.2551,100136.13,1.3342,100134.71,0.582,100131.1,2.3663,100129.29,3.7019,100119.0,0.2682,100107.27,1.3611,100098.84,3.9627,100096.12,3.3541,100147.45,0.5931,100149.88,1.1847,100151.83,1.5895,100156.05,1.6069,100160.14,2.4166,100164.38,1.9433,100168.03,3.0743,100170.22,1.0103,100177.43,2.5172,100180.32,0.4074
1717207380,100138.44,1.9455,100136.67,1.3744,100135.14,1.2628,100133.66,0.3153,100127.77,3.0726,100120.43,0.8157,100113.14,1.9661,100109.26,1.381,100097.52,2.191,100083.18,0.1361,100150.22,1.8341,100151.99,0.6634,100154.3,0.9463,100155.47,2.2311,100162.06,1.2191,100168.71,1.971,100170.99,2.8657,100177.35,0.4464,100186.79,2.6437,100197.38,2.2931
1717207440,100147.02,0.8132,100145.03,1.9432,100141.87,0.7379,100135.98,1.2887,100134.8,0.19,100127.1,1.402,100119.05,0.1173,100108.25,1.3716,100106.03,1.3871,100100.03,1.4116,100157.08,0.5328,100159.38,1.2054,100163.56,0.1777,100166.09,1.357,100167.22,1.3112,100171.9,3.4548,100178.3,3.6066,100182.23,2.7869,100190.58,3.9432,100196.87,1.5673
1717207500,100143.35,1.3665,100141.68,1.0304,100138.0,0.7121,100133.93,1.4597,100130.09,1.9928,100122.31,3.1507,100113.33,2.148,100109.17,0.1997,100095.72,1.6141,100091.55,2.9741,100149.35,1.6962,100150.54,0.7068,100151.77,1.6123,100155.15,0.8469,100161.32,2.6096,100164.74,3.2185,100169.85,2.1644,100173.05,1.6152,100181.86,1.8184,100193.55,0.7306
1717207560,100151.47,1.1748,100150.04,1.9261,100146.45,0.9612,100140.76,2.1356,100135.77,3.0788,100131.3,2.2688,100124.34,2.0939,100119.34,0.5995,100116.45,2.7444,100111.25,1.7472,100165.09,1.6689,100166.22,0.4469,100168.66,1.6562,100172.89,1.0332,100177.8,1.6294,100179.71,0.7757,100183.04,3.3106,100189.15,2.2437,100195.6,2.5912,100197.12,0.6458
1717207620,100178.09,1.3344,100176.74,1.7124,100172.36,0.9974,100171.27,3.4397,100169.72,2.4104,100161.78,3.6033,100156.92,1.4601,100148.68,0.3703,100135.89,2.8997,100132.93,0.4566,100191.13,1.8692,100193.17,1.6665,100197.5,1.8665,100199.76,3.5394,100202.3,0.4979,100209.76,1.3239,100216.31,1.5659,100225.54,0.9514,100231.83,0.5857,100235.28,3.88
1717207680,100178.53,1.0062,100176.78,1.9,100174.67,0.8764,100170.26,3.8536,100163.54,3.7485,100159.64,2.8655,100150.84,0.0941,100139.2,2.4272,100127.68,2.6523,100113.51,2.7658,100189.43,0.5174,100191.54,0.6531,100195.89,0.7576,100200.95,0.497,100207.59,3.432,100211.69,3.6401,100216.43,3.9122,100220.24,0.3701,100231.52,0.9495,100235.47,3.5621
1717207740,100174.94,1.5451,100173.13,0.1161,100169.09,1.6552,100163.39,1.8897,100159.71,3.3662,100152.97,3.5083,100144.18,3.2994,100135.49,2.0303,100130.1,2.4124,100117.71,2.9538,100188.74,0.1033,100189.84,1.3011,100193.05,1.5925,100194.73,1.6086,100199.81,1.2617,100201.47,0.6397,100207.38,3.879,100217.51,3.055,100229.1,2.7462,100241.2,1.2844
1717207800,100196.21,1.3906,100193.56,1.6091,100191.86,0.8583,100189.95,3.5068,100182.81,3.5385,100180.01,3.793,100170.25,2.592,100162.35,3.6283,100149.18,0.8011,100138.36,0.6833,100203.81,0.8864,100205.33,0.2237,100207.62,1.8971,100209.2,2.8771,100213.03,3.6808,100217.66,2.6977,100219.79,2.8571,100222.88,3.4491,100233.66,1.159,100241.58,0.5295
1717207860,100188.93,0.6018,100186.58,0.8657,100184.15,0.3346,100181.69,1.0546,100176.68,3.6302,100172.72,2.7402,100167.37,0.0512,100164.9,1.2998,100155.24,2.7505,100144.26,2.8367,100203.89,0.5496,100205.08,0.1646,100207.25,0.5079,100212.79,3.987,100219.89,3.8692,100225.68,2.9955,100227.11,1.0221,100234.93,1.217,100240.86,1.4899,100255.41,2.2426
1717207920,100194.42,1.8641,100191.66,0.3072,100189.55,1.0843,100187.84,0.4762,100186.56,0.5202,100178.58,3.3409,100170.48,3.7057,100166.37,3.509,100157.71,3.0486,100153.01,1.2589,100204.46,0.6653,100207.45,1.5392,100208.98,1.7134,100213.27,3.1949,100214.61,0.603,100217.45,0.1531,100220.92,2.8268,100226.72,3.9809,100239.31,0.1728,100245.3,2.839
1717207980,100174.27,1.7404,100173.02,0.2325,100168.98,0.4023,100167.14,2.0399,100164.37,3.5647,100158.68,2.3384,100148.45,2.1088,100141.17,1.6715,100139.21,3.0753,100128.74,3.5506,100187.73,1.3786,100190.09,0.8186,100193.16,1.9049,100198.34,0.6236,100199.87,3.3245,100206.15,1.8217,100216.22,2.3809,100217.28,3.8794,100226.49,3.8041,100232.03,2.9289
1717208040,100177.3,0.4622,100176.2,1.3051,100174.07,0.1583,100172.72,3.8081,100169.24,1.6014,100166.81,3.8605,100157.59,0.3659,100147.22,0.6601,100136.47,1.1469,100124.94,2.6197,100188.0,1.0071,100189.86,1.6224,100191.95,1.3857,100193.61,2.6654,100200.01,2.0555,100204.93,3.5428,100210.46,2.2566,100216.11,3.0284,100227.25,2.4593,100234.33,1.7098
1717208100,100171.31,0.4872,100168.94,0.3524,100166.2,1.2776,100162.58,1.1699,100158.74,3.6298,100153.92,0.6029,100151.7,3.6126,100141.45,2.0971,100136.75,0.2004,100134.68,0.1899,100180.95,0.8786,100182.14,1.3387,100185.13,0.5441,100187.4,0.3363,100191.68,0.4646,100197.97,0.7264,100200.7,1.5779,100202.62,3.5083,100207.34,2.353,100214.71,2.6843
1717208160,100172.43,1.7491,100171.06,0.4109,100167.44,1.2279,100162.08,0.4343,100157.61,0.0333,100155.68,0.6952,100150.14,2.7703,100139.59,3.8636,100131.06,1.952,100121.4,3.8959,100187.09,1.3639,100189.47,0.8202,100191.53,0.2939,100192.6,0.4565,100193.7,3.8824,100201.57,0.8448,100208.74,2.6025,100214.53,2.508,100225.41,0.7717,100230.62,1.8591
1717208220,100165.3,0.3472,100162.89,1.9295,100160.24,1.7266,100156.32,0.8133,100151.62,3.337,100150.21,0.0414,100143.22,2.8552,100131.45,3.396,100121.23,2.3874,100112.47,1.1702,100190.28,0.9979,100192.46,1.2424,100195.84,1.6425,100199.28,2.86,100203.71,1.6938,100207.24,0.2634,100216.72,1.6744,100222.93,1.9842,100235.66,1.3936,100246.43,0.093
1717208280,100167.19,0.5026,100165.75,1.8227,100163.56,1.2241,100158.35,2.6313,100156.5,1.1806,100149.81,3.8396,100140.89,2.6957,100131.81,3.1859,100120.82,3.3797,100111.11,1.137,100175.63,1.3508,100176.89,0.439,100180.01,0.2468,100183.09,3.9751,100186.06,0.8456,100187.44,0.0823,100196.81,1.4346,100199.55,3.3135,100211.73,0.1376,100213.62,1.7282
1717208340,100165.35,0.5528,100163.67,0.7427,100162.51,1.7615,100160.17,0.6132,100154.68,2.0664,100148.33,2.8286,100138.52,1.7569,100132.5,3.368,100130.11,0.4325,100120.56,3.1308,100172.59,1.656,100173.67,0.2556,100176.88,1.7482,100182.43,0.6366,100185.33,1.7717,100190.38,2.9329,100192.32,2.5919,100197.0,0.5597,100208.61,1.762,100215.43,3.0784
1717208400,100167.68,1.0348,100166.51,0.7763,100162.87,0.7533,100158.54,0.6149,100152.64,1.6927,100149.82,3.2091,100144.89,1.6431,100138.85,3.411,100127.91,1.4535,100126.5,0.5909,100176.1,1.6222,100178.99,0.2153,100181.09,1.9648,100182.91,0.2553,100188.85,2.6441,100194.98,3.611,100196.53,2.5301,100205.37,2.6448,100212.87,1.1899,100219.5,2.7267
1717208460,100176.2,1.823,100175.18,0.5956,100172.34,1.8449,100167.84,1.7903,100165.5,2.1823,100158.2,2.6116,100150.57,3.5518,100140.97,1.624,100137.51,1.2131,100135.99,1.3446,100188.62,1.4931,100189.87,1.9843,100191.87,0.231,100195.62,2.0901,100201.55,0.6485,100202.77,3.1884,100209.4,0.9729,100218.91,2.9088,100232.25,0.4507,100234.09,1.4982
1717208520,100192.12,1.3194,100190.87,0.631,100187.29,0.9336,100181.38,3.2235,100173.95,2.2667,100165.79,2.5147,100159.73,2.3862,100154.87,1.1453,100144.06,2.8623,100133.65,2.8603,100197.6,0.5329,100199.26,1.1856,100203.14,0.7545,100204.63,2.8494,100211.01,0.337,100212.51,3.5552,100218.03,1.7902,100223.09,2.1098,100231.45,2.0806,100237.97,1.0621
1717208580,100181.1,1.8655,100179.12,1.9479,100175.24,0.3315,100173.6,2.8475,100171.76,2.8211,100163.85,0.4811,100160.83,1.8987,100151.62,3.7768,100146.01,3.8078,100136.58,1.6404,100190.5,1.1649,100191.58,0.3489,100193.88,1.9825,100196.4,1.9488,100202.54,0.5771,100208.26,0.2041,100217.75,3.5573,100221.12,3.2783,100228.23,0.4981,100234.11,3.483
1717208640,100179.99,1.8056,100177.43,0.9767,100173.91,1.2311,100169.1,2.024,100165.1,1.8052,100160.51,3.4667,100156.42,3.2012,100148.11,1.6444,100144.2,1.5876,100135.63,3.8327,100190.65,1.485,100192.94,1.7386,100196.42,1.1654,100201.4,2.8325,100206.04,0.5039,100211.52,0.7778,100218.4,2.3117,100219.98,2.2853,100223.35,1.9086,100236.9,0.4899
1717208700,100183.02,1.5842,100181.53,1.426,100177.42,0.9162,100172.39,2.4314,100168.78,0.1895,100160.88,0.1028,100155.73,1.6656,100145.27,1.2764,100141.06,0.4674,100138.67,0.6809,100188.2,0.5483,100189.38,0.6482,100191.8,0.3799,100195.88,1.3079,100197.05,0.2434,100201.17,1.287,100206.1,1.3036,100211.23,3.3127,100213.74,0.8182,100225.27,2.3483
1717208760,100179.82,0.2744,100178.7,0.9564,100176.27,0.9941,100173.24,0.9426,100166.48,1.0839,100157.77,2.7036,100154.43,2.2233,100144.79,1.2254,100138.71,0.3448,100128.81,0.8218,100188.68,0.7779,100191.65,1.5749,100194.53,0.8763,100200.09,1.8125,100201.1,1.864,100208.73,1.1641,100218.97,0.0122,100230.23,1.9339,100238.71,3.3596,100245.03,1.4122
1717208820,100191.95,0.1387,100189.47,1.148,100187.42,0.8208,100185.8,0.5672,100181.19,1.125,100176.73,2.4457,100166.64,1.28,100158.13,1.3771,100153.87,3.0132,100146.53,0.9913,100202.05,0.7162,100203.97,1.2191,100205.03,1.3991,100209.26,0.0182,100213.35,3.6068,100219.74,1.6585,100229.24,2.8162,100238.63,2.1571,100249.47,2.5999,100251.56,0.1335
1717208880,100193.9,0.7383,100191.27,1.6636,100189.02,0.3955,100184.18,2.7912,100183.13,1.8561,100174.64,1.7839,100171.53,0.0889,100167.44,3.6864,100161.97,0.369,100152.38,1.2197,100205.62,0.5068,100207.61,0.7578,100209.59,1.8138,100214.13,0.8443,100216.4,3.2863,100220.57,3.481,100226.97,1.9811,100234.04,2.6428,100242.12,2.7327,100251.03,0.2708
1717208940,100195.75,1.1613,100194.29,1.07,100190.56,0.4241,100186.17,3.9679,100180.66,2.1364,100177.64,2.2449,100172.33,3.7522,100164.28,3.7729,100162.63,3.7556,100155.57,3.9805,100203.35,1.3763,100205.28,0.7549,100208.94,1.7734,100211.06,1.119,100214.79,1.801,100215.83,0.7865,100217.61,2.2916,100218.89,2.9524,100232.12,1.701,100234.16,1.0074
1717209000,100178.96,0.2386,100177.0,1.6257,100173.93,1.2713,100171.25,1.0091,100169.55,0.9611,100165.83,0.2272,100161.66,3.1785,100150.28,3.1052,100141.53,3.0588,100131.78,2.3199,100190.22,0.1683,100191.29,0.6609,100195.25,0.1768,100196.89,3.6773,100200.76,1.2129,100206.77,0.2725,100214.21,2.2414,100218.45,1.532,100220.65,3.0103,100224.92,2.4023
1717209060,100164.17,1.6006,100161.41,1.2575,100159.22,1.8783,100154.31,1.8218,100151.17,0.778,100149.35,2.3847,100147.71,3.1598,100144.58,2.2971,100135.61,1.0326,100128.72,2.9012,100195.69,0.5241,100198.28,0.168,100200.37,0.8999,100206.17,3.02,100209.2,3.542,100216.4,0.5982,100220.33,1.3782,100225.39,0.0422,100233.72,2.7164,100235.52,2.0334
1717209120,100179.74,0.431,100178.34,1.8216,100174.59,0.716,100170.25,2.7822,100162.87,2.4031,100159.22,2.3179,100149.07,2.4683,100143.47,0.6575,100136.79,3.1589,100135.2,0.8854,100188.96,0.4849,100190.42,1.2666,100192.26,1.4824,100198.02,1.3327,100203.83,0.8292,100206.3,3.9596,100210.75,0.3042,100212.08,0.4696,100216.71,0.7857,100225.91,3.0645
1717209180,100175.94,0.3896,100173.17,1.4517,100170.98,1.1313,100169.09,0.0958,100162.61,3.6435,100161.44,2.713,100156.84,3.1518,100154.62,3.7451,100149.81,0.9682,100137.47,2.647,100201.88,1.9553,100204.88,1.7692,100208.95,0.1775,100210.67,3.6974,100216.84,0.7748,100220.86,1.5033,100227.56,3.9082,100231.25,0.1943,100239.95,0.7645,100248.45,3.1605
1717209240,100193.03,1.7521,100190.33,1.9383,100186.23,0.458,100184.82,1.888,100179.51,0.2688,100174.44,3.0077,100167.31,2.0415,100160.83,1.8624,100155.8,1.5018,100145.08,2.8654,100205.99,0.5733,100207.79,1.8463,100210.84,0.1214,100212.93,0.82,100219.54,1.5896,100222.99,3.5559,100229.42,3.7426,100234.54,2.2067,100237.21,0.3453,100244.44,1.4128
1717209300,100180.35,0.8809,100178.41,0.8475,100174.6,0.6682,100171.69,0.7265,100169.17,2.585,100165.29,0.3388,100156.29,2.056,100148.21,3.1456,100135.63,0.4027,100133.63,0.1627,100191.57,0.4335,100193.23,0.6403,100197.08,1.3829,100199.46,2.8255,100206.94,3.9936,100213.96,2.9619,100223.63,0.0441,100227.92,3.291,100238.71,1.6212,100245.39,2.324
1717209360,100191.65,1.5343,100190.35,0.8251,100188.56,1.5108,100185.19,2.0681,100179.08,3.0329,100172.3,1.851,100163.77,1.2592,100160.71,3.0828,100150.98,0.8462,100143.68,2.2382,100201.77,1.1761,100203.03,1.8895,100204.06,1.6303,100209.23,1.3659,100212.96,2.7462,100217.18,3.1168,100223.29,1.3111,100224.55,3.1436,100237.07,0.6232,100251.41,1.3277
1717209420,100199.16,1.7405,100196.2,0.4482,100193.83,1.0923,100191.89,0.4435,100187.19,1.8116,100179.03,0.382,100177.04,2.2161,100175.69,2.7592,100168.58,0.7549,100166.61,3.8523,100210.24,0.5044,100212.56,0.1865,100213.76,1.0611,100215.62,3.4402,100219.29,0.6366,100221.18,2.1504,100226.72,0.2844,100238.23,3.4641,100240.85,0.8307,100247.9,2.8416
1717209480,100193.72,1.1956,100191.72,1.3854,100189.75,0.0645,100188.04,0.2652,100184.44,3.2322,100179.24,3.6421,100169.88,1.8462,100162.55,2.9518,100157.95,3.5252,100150.56,2.8043,100208.12,0.63,100210.35,1.6295,100211.96,0.5358,100217.46,2.9356,100221.43,3.6442,100223.9,2.2788,100228.64,3.7833,100232.28,3.4835,100236.7,2.5161,100241.79,3.666
1717209540,100193.74,1.0123,100190.76,1.128,100186.27,0.1992,100184.75,3.0685,100181.63,1.8092,100178.6,2.0292,100173.21,0.3021,100164.57,3.0014,100158.81,2.9864,100145.83,1.5927,100200.92,0.2736,100203.75,0.6879,100207.37,0.9953,100208.72,2.1982,100211.29,3.8006,100213.41,3.2835,100222.41,0.6907,100223.61,0.4111,100228.28,2.1433,100234.76,0.3196
1717209600,100208.1,0.7483,100206.67,0.1172,100203.3,0.4715,100198.82,3.3476,100192.55,2.5676,100185.81,3.5891,100181.1,1.2402,100179.53,0.0286,100168.87,3.0708,100154.87,1.5048,100214.64,0.2282,100216.48,1.9791,100218.66,0.4247,100223.01,0.8901,100229.74,3.1897,100237.39,0.6799,100239.97,1.6686,100242.16,1.3153,100250.18,0.7663,100254.08,2.1714
1717209660,100201.41,0.7453,100200.06,0.8342,100197.96,0.8089,100194.66,0.2734,100188.36,2.6033,100184.41,0.2787,100181.34,1.2131,100173.75,3.9326,100171.48,2.1494,100156.61,3.4034,100208.55,1.9201,100210.75,1.9638,100214.19,1.3719,100220.05,2.7779,100223.21,2.5451,100231.28,1.2787,100240.37,1.9337,100245.05,2.438,100253.37,1.5357,100263.34,0.9374
1717209720,100193.75,1.2519,100190.96,0.6523,100187.37,1.5266,100183.27,0.2491,100179.84,1.1935,100177.63,0.8255,100176.27,3.6944,100168.69,3.784,100158.45,1.3215,100153.55,2.578,100201.07,1.0657,100204.03,1.3137,100206.03,0.0962,100211.27,1.3318,100213.84,2.1619,100222.1,2.6634,100225.46,2.7525,100234.37,2.4362,100240.14,1.2933,100247.33,0.0341
1717209780,100198.71,1.287,100197.43,0.4482,100196.11,1.2056,100190.95,3.7279,100188.41,0.3219,100181.61,1.2527,100173.76,0.9873,100170.82,1.0034,100166.25,1.7986,100156.35,1.0947,100205.63,0.206,100208.58,0.8266,100210.16,0.9107,100213.69,2.9424,100219.63,3.2802,100226.98,0.089,100231.6,3.4176,100240.95,3.6869,100249.39,0.6197,100260.56,1.0366
1717209840,100182.26,1.2317,100181.12,0.3165,100178.47,0.3517,100176.53,0.0612,100172.27,2.9041,100167.34,3.7035,100157.41,3.8823,100152.3,1.9633,100143.29,2.3574,100136.57,0.1649,100191.02,0.8004,100193.15,0.4287,100195.68,0.5478,100201.24,2.8918,100205.56,1.9596,100212.06,2.7889,100219.25,3.7068,100228.34,0.977,100229.77,3.2544,100239.6,2.7089
1717209900,100183.35,0.9382,100180.99,0.5459,100177.88,1.906,100172.67,0.0592,100166.66,2.5811,100158.33,1.5967,100151.76,3.605,100145.05,0.7634,100138.77,3.3207,100134.23,1.2159,100190.97,1.334,100192.74,0.6506,100195.18,1.759,100199.81,0.3646,100204.95,3.109,100208.7,0.5794,100216.82,3.7208,100222.2,1.2393,100235.53,3.2674,100236.56,0.2887
1717209960,100177.29,1.4794,100175.95,0.7806,100172.48,0.4361,100170.57,3.7944,100166.65,3.2593,100164.16,0.2453,100161.42,3.0391,100157.57,3.6101,100151.46,2.5111,100141.72,3.4748,100188.83,0.6216,100190.59,0.5897,100192.78,1.192,100196.17,2.6945,100197.83,0.2536,100204.84,0.0388,100211.38,3.9506,100213.44,2.0941,100214.53,2.4159,100229.35,3.0478
1717210020,100181.04,0.8874,100179.3,1.7858,100174.8,1.6429,100169.1,2.6637,100165.64,0.2384,100161.79,1.3277,100159.84,1.8331,100151.15,2.9036,100139.05,0.5641,100129.63,3.4773,100189.42,1.4136,100192.05,0.7684,100195.21,1.3348,100198.59,1.6584,100200.81,3.9449,100209.47,3.2524,100210.63,1.4472,100212.13,3.2322,100217.2,1.7828,100226.7,1.6067
1717210080,100194.73,1.8664,100191.87,1.9744,100187.87,1.8151,100183.2,1.1825,100180.93,0.5812,100175.77,2.2919,100166.63,2.0235,100164.22,3.1893,100159.46,2.6955,100150.77,3.5004,100204.01,0.9203,100205.24,1.3422,100207.08,0.4627,100211.85,2.6424,100213.43,1.7452,100220.16,0.6493,100229.98,3.6116,100239.41,0.8893,100243.63,1.9104,100257.2,0.5012
1717210140,100159.97,0.2264,100157.59,1.7503,100153.33,1.5444,100149.32,2.5795,100145.87,2.8726,100138.98,1.5328,100131.88,2.252,100121.47,3.2357,100117.67,0.4716,100115.44,0.3657,100172.23,1.8776,100174.72,0.2764,100177.01,1.714,100182.78,2.3119,100183.79,0.2569,100189.07,3.39,100199.38,1.2854,100204.4,2.7204,100215.35,2.0838,100224.78,0.8963
1717210200,100163.46,0.3322,100160.57,1.6826,100157.82,0.9388,100153.82,0.592,100148.49,3.2072,100141.87,2.3995,100137.93,3.9614,100135.58,3.9874,100125.74,1.9183,100113.14,1.9852,100173.06,0.7846,100176.02,0.6996,100179.92,0.4607,100184.58,3.2436,100190.14,0.2197,100198.06,0.7243,100203.69,1.5733,100215.52,2.6404,100227.13,3.9643,100235.8,1.3563
1717210260,100168.32,0.8126,100166.26,0.6019,100162.83,0.4304,100157.55,1.5812,100155.69,3.0115,100150.05,3.2222,100140.98,2.8413,100134.95,0.6631,100132.23,2.7869,100127.15,0.5878,100180.9,1.5093,100183.37,0.0678,100186.91,1.1726,100191.3,3.9541,100193.26,3.8021,100197.68,3.3682,100207.48,0.3932,100219.19,0.7267,100220.85,3.9213,100230.95,2.3776
1717210320,100167.66,0.1163,100166.18,1.0028,100162.77,1.9114,100158.51,1.5077,100153.01,3.1833,100146.74,3.1131,100137.53,2.6047,100133.5,2.6162,100127.91,0.4888,100125.75,1.962,100176.7,1.044,100177.75,1.1673,100180.75,0.5838,100185.48,3.1794,100187.65,1.9419,100193.81,1.7403,100200.24,0.4068,100201.94,3.6364,100212.88,0.7477,100225.26,0.0888
1717210380,100176.54,1.0027,100174.5,1.1902,100171.0,1.5906,100169.38,3.0144,100162.11,3.5914,100159.66,2.4004,100156.95,2.2233,100147.15,0.501,100144.54,0.8329,100141.28,2.2544,100189.66,0.1183,100192.62,1.037,100194.89,1.1116,100198.01,3.7815,100199.01,1.2094,100207.58,2.0826,100216.01,2.64,100221.91,2.3125,100231.6,2.0954,100246.4,1.4149
1717210440,100161.29,1.6485,100159.82,0.4167,100157.77,1.6736,100151.98,2.4126,100149.58,1.4427,100147.55,2.493,100145.84,1.0273,100140.64,3.6156,100134.64,0.3422,100130.08,1.7071,100167.29,1.095,100168.43,1.4787,100172.91,1.4088,100174.88,1.4948,100180.15,3.2838,100185.99,1.6845,100188.45,3.9699,100194.22,0.1134,100202.76,0.3193,100205.51,0.4489
1717210500,100153.99,0.7575,100152.32,0.5828,100148.28,0.4902,100147.23,1.5149,100139.94,1.5207,100138.1,3.7033,100135.43,2.916,100131.05,3.2872,100123.93,2.1206,100113.13,3.4629,100165.39,1.2346,100168.18,0.383,100172.5,0.8096,100175.22,2.9678,100182.51,2.1314,100188.27,3.4,100193.8,0.519,100194.91,2.0591,100197.85,0.5142,100204.15,2.9443
1717210560,100160.9,1.4296,100159.4,1.237,100155.93,0.4071,100150.0,3.1959,100145.73,1.1105,100141.31,3.7673,100131.94,3.258,100127.58,3.4331,100114.74,1.632,100109.36,0.3697,100175.64,1.4734,100178.53,0.372,100179.73,1.4996,100183.5,1.9765,100190.18,3.849,100194.58,2.0396,100202.52,1.9238,100209.18,3.9918,100221.29,2.7945,100227.96,2.469
1717210620,100180.34,1.4201,100177.84,0.5262,100174.25,1.9042,100169.14,3.5225,100164.7,2.4407,100158.85,3.8589,100151.44,3.5289,100144.68,0.908,100142.74,3.3592,100134.55,3.8104,100192.48,0.7892,100194.23,0.2708,100198.43,0.537,100202.12,3.068,100203.89,1.2037,100207.24,0.8601,100215.25,2.2797,100218.64,1.2262,100231.3,2.5755,100243.86,0.1514
1717210680,100169.25,0.7437,100167.02,0.6907,100164.78,0.0601,100159.33,0.7528,100156.02,0.4143,100151.09,0.3481,100145.2,0.6233,100142.84,1.9548,100139.89,2.63,100135.73,1.5875,100179.13,0.8853,100180.49,1.6325,100181.87,0.9052,100187.07,0.6557,100190.37,1.7415,100194.24,3.4834,100197.13,0.7664,100198.57,1.5842,100208.87,3.605,100212.12,0.804
1717210740,100175.17,0.8711,100173.07,1.6096,100169.57,0.6835,100164.75,3.5282,100160.49,3.695,100152.74,1.5615,100150.7,0.4404,100149.47,0.6306,100142.22,3.0719,100137.9,2.7165,100182.83,1.9541,100185.3,0.8969,100187.32,0.9976,100192.12,0.9985,100194.11,2.0498,100197.11,3.0692,100206.32,3.9771,100210.04,3.2842,100213.52,2.8288,100225.86,2.8076
1717210800,100163.31,1.2028,100161.04,0.4973,100159.58,0.1248,100153.63,3.7171,100149.86,2.4697,100148.13,0.2133,100143.26,1.2327,100135.29,0.9334,100130.09,1.922,100121.95,2.5791,100178.23,0.575,100179.79,0.7345,100182.25,0.6737,100183.49,0.1731,100184.83,2.9816,100187.53,1.8935,100197.16,0.412,100200.19,3.7938,100205.74,1.2244,100208.09,0.0645
1717210860,100165.7,1.4955,100163.98,1.5687,100161.13,0.7746,100156.87,0.848,100153.38,3.5499,100151.33,2.9729,100149.19,2.3504,100138.16,2.6209,100134.78,2.8216,100120.82,0.3088,100174.02,0.7187,100176.47,1.9798,100178.18,1.4555,100179.4,0.7749,100183.97,1.0176,100191.99,3.4152,100201.61,3.9008,100212.45,1.7994,100222.42,3.6443,100224.36,1.6818
1717210920,100166.79,1.2183,100164.4,0.3014,100163.24,1.154,100158.27,2.7783,100152.45,1.596,100145.97,3.4823,100135.74,0.6704,100126.49,1.5428,100115.74,1.6094,100110.94,0.7444,100172.01,0.4747,100174.4,1.7644,100178.17,0.9381,100182.71,2.105,100185.68,0.8891,100192.35,2.2131,100194.97,0.192,100198.59,0.166,100201.45,3.5356,100215.43,1.089
1717210980,100164.86,1.6557,100162.79,0.0527,100160.57,1.2301,100157.73,0.3422,100152.14,2.2016,100145.37,1.6393,100138.56,1.3053,100136.93,3.2655,100125.63,0.8849,100111.12,0.7152,100172.36,1.0979,100175.32,1.5675,100179.05,0.2576,100183.78,1.5341,100189.03,3.4814,100195.1,2.208,100203.86,0.8903,100207.82,2.3308,100218.92,3.0141,100222.09,0.9346
1717211040,100158.75,0.2327,100157.39,0.4108,100153.37,0.4183,100149.92,2.9206,100144.71,0.094,100142.4,0.7192,100137.66,2.4352,100135.89,0.2975,100131.83,3.6374,100117.24,0.4099,100172.77,1.4672,100175.39,1.2264,100177.71,0.0904,100182.84,3.0561,100188.03,0.1845,100191.02,0.3435,100193.37,2.5133,100194.52,3.8658,100207.49,0.4343,100218.8,1.3602
1717211100,100147.6,1.1476,100145.71,0.3681,100143.55,0.3513,100142.27,2.7712,100137.19,0.5011,100129.59,0.4202,100125.77,2.0511,100115.57,0.5759,100103.17,0.1058,100096.19,0.598,100157.4,0.4905,100160.16,0.8003,100164.25,1.6544,100165.81,0.6865,100167.53,0.4159,100176.18,1.4357,100183.03,0.4822,100194.18,3.6803,100206.38,2.422,100209.87,2.1266
1717211160,100159.64,1.3512,100158.04,1.6442,100155.82,0.2526,100150.24,2.6503,100143.17,3.2448,100136.48,0.3147,100135.46,3.733,100132.83,2.6269,100127.82,1.5685,100116.72,3.1443,100166.14,0.1813,100168.3,1.9212,100170.27,0.2264,100176.24,0.7357,100179.75,1.2841,100184.14,2.7767,100189.07,3.1761,100193.74,3.2105,100202.91,0.9912,100209.77,1.9934
1717211220,100160.98,0.8,100158.82,0.8726,100155.8,1.4023,100151.05,2.8153,100148.53,0.0214,100139.57,0.0784,100133.27,3.8309,100122.14,0.2477,100116.77,3.3965,100103.64,3.2779,100174.2,0.3311,100176.91,1.945,100181.1,0.5229,100186.24,0.2329,100188.14,3.8486,100194.77,1.5161,100196.02,3.86,100201.11,2.8086,100210.39,0.3043,100223.12,3.4832
1717211280,100171.74,0.2003,100169.6,1.6367,100168.08,0.4057,100163.36,2.9949,100157.82,1.205,100153.53,1.356,100145.1,2.784,100140.95,0.632,100128.93,0.1382,100117.42,2.0181,100177.52,1.6737,100179.88,1.7582,100182.82,1.6676,100188.42,2.0125,100194.03,1.7004,100196.28,3.8928,100202.23,3.9119,100204.61,0.8553,100213.35,0.8834,100216.92,2.9865
1717211340,100157.28,0.9635,100155.65,1.3017,100151.76,0.3714,100146.74,2.5901,100144.48,0.4425,100142.85,2.4167,100133.81,0.1219,100129.71,2.1709,100127.89,2.3925,100116.3,1.2434,100170.44,1.2949,100171.5,0.5749,100175.92,1.1514,100179.74,3.163,100181.04,1.2652,100189.59,0.0438,100193.97,1.1368,100199.35,0.7876,100209.75,2.9055,100224.39,2.8136
1717211400,100150.51,0.247,100147.9,0.3429,100144.84,0.7951,100140.91,3.4096,100138.02,0.6146,100133.32,3.542,100131.43,2.8767,100120.7,3.2318,100111.53,3.0776,100108.27,3.855,100162.93,1.471,100165.23,1.8639,100167.43,1.5814,100170.12,1.4477,100176.69,1.7293,100184.81,3.099,100189.49,0.8432,100197.21,0.3092,100200.11,2.5149,100208.08,3.2209
1717211460,100155.59,1.9394,100153.03,0.22,100151.7,0.6618,100146.03,0.6543,100143.21,1.4597,100141.49,0.725,100133.16,1.0392,100126.95,1.0315,100115.0,2.6047,100112.03,0.5046,100166.07,0.1272,100168.79,0.8318,100172.79,1.8384,100174.43,1.4733,100180.92,3.8087,100184.91,2.732,100190.72,1.0587,100201.35,2.7334,100210.11,2.579,100221.48,0.9868
1717211520,100121.04,0.6168,100119.72,0.8286,100118.47,0.807,100115.16,0.3831,100111.13,2.5735,100102.93,1.8648,100101.11,2.9298,100090.02,3.6907,100079.42,0.8059,100073.82,1.276,100166.64,0.9983,100169.04,0.9786,100171.02,0.1247,100172.8,1.8852,100177.96,1.2875,100179.21,2.4083,100183.82,3.7465,100188.8,1.7261,100195.72,0.2258,100208.87,3.8111
1717211580,100146.98,0.213,100145.84,0.8399,100143.8,1.4388,100138.44,2.1039,100133.09,1.0452,100125.44,0.3788,100115.88,1.3747,100106.59,0.6665,100101.23,1.6822,100093.57,2.7584,100158.34,1.4085,100160.05,1.4012,100162.41,0.0694,100167.33,2.3925,100168.83,2.6752,100174.76,1.3017,100185.14,3.7565,100194.31,2.9495,100199.26,0.6105,100206.68,0.5985
1717211640,100139.94,0.8425,100137.9,0.0572,100135.32,1.6734,100133.69,1.8028,100126.39,0.3988,100123.64,3.9163,100118.65,2.1889,100115.82,1.5165,100110.47,3.81,100095.87,2.3116,100154.64,1.6369,100155.67,1.7985,100158.43,1.7421,100162.93,2.5992,100166.89,1.6474,100170.71,2.1744,100176.68,3.0627,100178.93,0.7115,100185.28,0.7158,100194.61,2.1756
1717211700,100124.38,0.9031,100122.81,1.2597,100118.58,1.7211,100112.6,3.2257,100110.92,2.602,100104.99,1.651,100099.28,3.0094,100088.08,0.4078,100081.53,2.3291,100080.07,1.1667,100136.26,0.4846,100138.17,0.7931,100139.85,0.9657,100141.48,3.8708,100148.42,1.6576,100155.98,2.8183,100164.02,0.0403,100169.14,0.9035,100173.69,3.5196,100178.39,3.3556
1717211760,100134.6,1.8054,100132.77,0.0803,100131.23,0.7801,100126.15,3.2819,100121.25,1.347,100112.58,3.9714,100109.28,3.8942,100106.16,2.5813,100094.8,3.2073,100085.71,0.5242,100142.02,1.9558,100143.37,1.8131,100146.18,0.9029,100147.68,3.2067,100151.95,2.5294,100159.23,3.3737,100166.19,1.0483,100173.27,3.7953,100176.82,0.3821,100183.94,2.5193
1717211820,100112.38,1.8452,100111.22,0.7957,100107.62,0.3046,100104.36,2.5297,100101.03,0.9665,100092.84,1.1947,100086.76,0.9886,100077.18,3.1463,100066.55,2.6404,100061.7,3.7406,100153.6,1.2949,100155.76,0.2517,100158.37,1.212,100159.9,1.137,100166.72,0.3802,100171.67,1.452,100180.63,1.5693,100187.04,0.0976,100188.96,3.8373,100191.02,2.7525
1717211880,100118.29,1.6267,100116.93,0.0698,100115.31,1.1562,100111.27,0.1355,100103.93,3.975,100099.06,2.4599,100092.87,0.642,100083.71,3.7071,100080.3,0.1279,100078.97,2.0519,100132.37,1.7404,100133.6,0.4731,100135.75,0.4785,100140.38,3.76,100143.12,1.9315,100151.75,1.4007,100157.99,1.1843,100167.19,1.9882,100174.59,1.6058,100178.3,0.7001
1717211940,100104.2,0.816,100102.03,1.5446,100099.94,1.5985,100094.17,1.9564,100087.43,1.7007,100080.46,3.2654,100073.54,2.4331,100067.82,2.2729,100062.14,2.5345,100060.24,0.6773,100112.02,1.0471,100114.19,0.6223,100118.09,1.3079,100123.91,1.4155,100125.11,0.7278,100128.69,3.1657,100133.09,0.2998,100141.31,1.4941,100152.06,0.498,100157.52,0.0535
1717212000,100104.3,1.8026,100102.18,0.8019,100099.07,1.0782,100097.56,1.1194,100092.6,3.5346,100084.73,0.3085,100075.24,1.6928,100065.93,1.278,100060.93,0.7965,100048.69,1.9996,100117.26,0.8714,100118.51,0.3837,100120.65,0.7966,100124.53,1.1473,100129.72,3.4259,100138.62,3.6475,100142.32,3.3682,100147.75,3.5844,100160.23,0.1661,100170.26,0.2871
1717212060,100112.73,0.5856,100110.22,0.8307,100107.28,0.6607,100103.21,1.5794,100097.69,1.8238,100089.9,3.8689,100087.74,1.5019,100079.95,0.1269,100078.35,0.0515,100075.88,1.2982,100124.97,0.8996,100126.31,0.4228,100130.47,0.7693,100135.98,3.9584,100143.05,3.4734,100146.13,3.1419,100148.18,3.7891,100150.01,1.324,100158.67,3.2518,100163.45,0.6897
1717212120,100120.37,1.7307,100117.86,1.7812,100113.48,0.8559,100110.25,0.4983,100105.82,2.3158,100099.53,3.9056,100095.47,2.9261,100091.99,1.0626,100087.28,0.3403,100078.47,3.4928,100126.63,1.4838,100128.04,0.2021,100132.44,0.1675,100133.51,0.8724,100139.83,0.7598,100141.67,0.8426,100148.28,2.1153,100158.72,3.0443,100163.62,1.8215,100166.77,2.023
1717212180,100124.49,1.9514,100121.75,1.0513,100118.02,0.4165,100115.64,0.6651,100112.64,3.4806,100106.45,0.5977,100097.13,2.9827,100093.48,3.5775,100090.14,0.1241,100079.88,1.816,100133.13,1.8575,100134.3,0.8914,100135.83,1.0293,100139.36,0.2221,100142.14,0.4003,100148.33,2.9307,100153.34,1.1831,100158.77,2.3803,100166.39,1.9795,100173.46,2.7278
1717212240,100112.82,0.1536,100111.75,0.569,100110.52,0.247,100108.39,2.4847,100102.73,1.5737,100100.92,2.9384,100091.57,1.0804,100088.3,3.1451,100082.96,1.1591,100073.61,2.9382,100120.02,1.0313,100122.42,0.9797,100124.49,1.818,100126.68,1.2673,100128.13,0.7575,100136.33,0.5759,100137.45,1.9037,100142.13,0.7183,100146.43,0.3171,100156.94,3.4138
1717212300,100111.33,1.0022,100109.83,0.2633,100105.97,1.1562,100100.02,3.3431,100095.6,0.6775,100093.43,0.3847,100089.54,2.9474,100083.56,2.9419,100070.18,1.0368,100062.37,1.4635,100122.17,0.7376,100124.59,1.7882,100128.3,1.7211,100133.81,2.387,100135.54,2.7463,100142.37,0.0927,100152.67,3.4265,100160.92,0.5751,100168.14,0.985,100179.52,3.8934
1717212360,100114.74,1.9119,100112.46,1.9326,100108.39,1.3737,100102.9,1.8026,100095.67,2.1124,100092.54,2.7195,100083.11,1.5702,100077.52,3.9758,100072.65,0.174,100064.37,1.3797,100121.68,0.8952,100123.59,1.9379,100127.36,0.6124,100133.21,2.0007,100138.67,1.8706,100140.87,3.867,100147.79,2.6606,100152.13,1.1602,100163.13,0.0722,100164.71,1.1392
1717212420,100115.77,0.8891,100113.45,0.0513,100111.57,0.7329,100109.15,3.4375,100103.83,3.0779,100101.59,0.3532,100098.02,3.9837,100094.85,2.345,100092.84,0.8832,100085.22,1.425,100123.83,1.2922,100125.68,1.9355,100127.02,0.5595,100129.53,1.2498,100134.19,2.7189,100137.77,2.3169,100145.27,0.806,100147.76,2.2216,100152.52,0.3515,100161.45,2.517
1717212480,100110.16,0.9019,100108.88,0.9117,100106.79,1.873,100102.22,1.8788,100098.44,1.6878,100094.16,0.1204,100087.85,3.8304,100082.22,3.0259,100073.53,1.2165,100069.13,2.0537,100123.92,1.1094,100126.05,0.622,100129.69,0.8157,100132.71,0.0338,100138.96,3.5009,100143.64,0.2268,100145.16,3.3213,100153.31,1.3406,100155.53,1.1694,100163.27,1.3319
1717212540,100115.16,1.4918,100114.05,0.4499,100112.55,1.4938,100109.07,0.9019,100103.68,3.4105,100100.27,1.2505,100089.88,0.0357,100083.54,2.7542,100081.11,0.0101,100071.66,0.4929,100126.9,0.4484,100128.85,1.6738,100131.4,0.1585,100133.01,1.6242,100140.4,3.2829,100148.13,2.1914,100156.94,2.7285,100167.39,2.4725,100173.79,2.5484,100177.38,3.276
1717212600,100126.18,1.116,100124.23,0.6156,100120.89,1.9202,100117.43,2.6741,100113.88,2.7936,100112.03,1.6734,100106.99,0.1216,100100.96,2.2612,100099.82,1.218,100089.79,3.574,100138.6,0.1331,100141.41,1.9275,100144.05,1.46,100146.44,3.9272,100149.76,3.4248,100154.79,1.4018,100162.5,1.5686,100164.19,2.6271,100169.59,2.8796,100175.34,2.8636
1717212660,100125.35,0.6407,100123.56,1.8365,100120.3,0.7842,100116.95,2.6393,100112.2,3.7104,100105.0,2.1065,100102.77,1.3031,100091.26,1.3989,100082.54,1.6211,100080.91,3.4096,100137.97,0.2383,100139.18,1.8718,100141.85,1.5318,100147.76,3.2361,100153.52,0.9541,100161.72,0.7043,100171.2,3.0257,100176.82,0.2668,100185.46,0.4668,100198.32,0.3008
1717212720,100124.0,1.8509,100122.36,1.4125,100120.04,1.9783,100116.17,0.8069,100113.53,1.7557,100110.24,0.8128,100107.7,3.2572,100097.8,0.7773,100089.53,2.5202,100079.16,0.8221,100137.4,1.7919,100139.12,0.8457,100142.03,0.1903,100143.96,2.9226,100150.88,2.5725,100155.85,3.3313,100162.27,1.9002,100167.14,2.4777,100175.12,0.5601,100177.07,1.7158
1717212780,100134.15,1.5757,100132.55,0.28,100130.75,1.2229,100128.09,0.9038,100120.98,3.6899,100117.97,2.8161,100116.32,3.4872,100104.67,0.3084,100096.48,3.4142,100082.43,2.0052,100139.93,0.1605,100142.33,0.2662,100144.97,1.8389,100147.29,0.1296,100150.49,1.0509,100154.16,3.0613,100156.49,2.1929,100165.56,3.6975,100174.85,3.5143,100179.15,0.3009
1717212840,100135.97,1.5429,100134.9,1.9631,100130.57,1.2164,100126.51,0.3316,100121.93,3.7869,100118.76,0.1765,100117.43,2.0353,100109.27,1.7317,100104.48,3.4008,100089.88,0.0956,100148.01,1.5585,100150.63,1.0917,100154.64,1.3798,100159.33,2.2145,100160.67,3.0651,100167.24,1.7246,100172.29,0.5597,100178.11,3.5896,100191.39,1.4772,100195.1,1.7517
1717212900,100133.71,0.4929,100131.22,1.7823,100127.44,1.1577,100121.48,0.0694,100115.81,3.2524,100114.19,0.5156,100111.48,0.1844,100106.63,2.6243,100102.58,1.1767,100093.09,1.92,100144.59,0.1998,100146.09,1.1101,100148.82,1.4837,100151.61,3.6613,100154.04,2.8554,100162.57,3.123,100166.35,2.618,100173.15,1.0775,100182.87,2.0187,100184.62,3.6027
1717212960,100134.68,0.4469,100133.41,1.9531,100131.6,1.4967,100129.55,1.4958,100123.24,0.5764,100114.42,2.7964,100107.24,1.8205,100104.98,2.0006,100103.56,1.1191,100097.18,3.3104,100142.48,0.5942,100144.7,1.0159,100148.72,0.8001,100149.94,0.8309,100152.14,1.73,100153.56,1.2275,100159.7,1.3977,100160.99,2.4389,100173.15,3.6916,100186.86,3.2429
1717213020,100120.25,1.667,100118.38,0.8837,100114.83,1.4841,100113.54,0.4457,100110.02,2.888,100103.6,3.4355,100093.69,1.8594,100086.39,2.2775,100078.9,0.6586,100072.56,2.9851,100128.65,0.3072,100129.68,1.6092,100134.01,0.2168,100136.26,2.1758,100139.45,1.5845,100145.38,1.4532,100152.64,3.1319,100162.55,2.4359,100165.11,2.2781,100170.6,1.0654
1717213080,100123.39,0.9596,100120.46,0.9864,100116.5,0.4748,100115.21,3.7559,100112.41,2.4452,100108.9,0.2655,100106.19,3.0662,100102.16,3.4775,100099.57,2.525,100096.51,2.4756,100132.79,0.2732,100133.87,1.3847,100137.88,1.1808,100139.09,2.8723,100140.48,2.8611,100143.56,1.0372,100151.0,3.4314,100155.89,2.8761,100164.4,1.4054,100166.48,1.7808
1717213140,100107.54,0.7742,100104.89,0.8611,100101.65,1.7579,100099.93,1.3129,100093.81,1.3466,100089.54,2.6114,100084.07,3.8943,100076.23,0.6496,100074.67,3.7219,100060.91,0.1119,100115.8,1.6257,100117.82,1.5727,100120.6,1.1839,100123.32,0.8673,100129.72,0.1401,100136.53,1.5305,100147.01,0.323,100148.86,3.7427,100152.67,2.0189,100161.71,2.1974
1717213200,100093.65,1.0791,100092.55,0.971,100089.71,0.91,100087.37,3.3457,100084.46,0.9837,100081.52,3.0729,100077.08,1.8287,100067.85,0.4705,100063.83,2.9339,100050.51,1.4539,100107.13,1.036,100109.96,1.324,100113.08,0.9255,100116.17,2.2817,100122.55,0.5099,100127.85,3.108,100132.72,2.3432,100135.24,1.0485,100139.82,1.2622,100141.97,1.6899
1717213260,100092.71,1.5567,100089.91,1.759,100088.86,0.2855,100086.54,2.2228,100079.49,2.974,100077.48,0.146,100072.38,2.7633,100060.49,0.5382,100048.66,3.6753,100035.0,1.4239,100104.03,1.136,100106.45,0.2821,100110.59,1.8018,100114.55,2.4704,100122.01,0.1905,100128.92,1.4263,100134.19,1.6414,100140.14,3.3409,100144.75,1.9137,100147.64,0.742
1717213320,100081.69,0.2134,100078.9,1.2074,100076.6,1.3163,100073.71,1.76,100069.4,2.3564,100060.84,0.3966,100057.02,1.3711,100049.81,3.5902,100041.56,3.3778,100034.59,1.298,100096.05,0.3979,100097.34,1.6373,100100.91,1.979,100102.96,2.0813,100107.7,2.4658,100109.5,1.1463,100111.62,1.1027,100117.45,3.5425,100122.06,3.6716,100136.9,3.0163
1717213380,100096.02,0.4533,100093.34,1.522,100092.25,1.81,100086.45,2.1639,100080.25,0.0366,100072.59,0.1129,100069.66,3.7678,100062.38,2.931,100054.87,3.3258,100049.74,0.4474,100102.44,1.6973,100104.33,0.8929,100106.25,1.7358,100112.21,2.9292,100113.97,1.4213,100115.6,3.1753,100123.51,1.3152,100130.09,1.1117,100138.97,2.0562,100150.85,2.8302
1717213440,100086.42,1.8681,100083.83,0.6692,100079.89,1.3392,100074.5,0.1522,100069.37,0.0418,100067.28,1.5111,100057.32,2.6967,100053.4,0.6142,100042.23,2.9369,100037.27,0.8023,100095.76,1.9041,100098.47,1.5114,100099.49,0.1812,100103.27,0.8421,100105.43,1.6785,100108.54,1.5274,100115.08,2.5545,100121.41,2.6312,100124.66,1.2074,100128.91,1.1755
1717213500,100086.65,0.7464,100084.69,0.2382,100083.29,1.7677,100078.52,1.1562,100071.22,1.3083,100064.92,0.4721,100059.5,1.2824,100057.26,2.7909,100047.45,3.097,100039.67,3.2208,100095.57,0.8534,100097.04,0.6173,100099.82,1.7851,100104.73,0.2526,100110.75,1.0538,100114.29,1.5716,100119.49,1.6007,100130.52,1.0806,100140.62,1.366,100153.08,1.241
1717213560,100099.0,0.4521,100096.75,1.8984,100093.6,0.6929,100089.58,0.0895,100083.88,3.2116,100082.16,2.8219,100072.5,3.0697,100065.41,2.6232,100057.93,1.4548,100054.15,0.6364,100105.66,1.7265,100107.12,1.6125,100111.31,0.6964,100113.38,2.936,100120.49,0.1539,100121.65,3.762,100123.63,1.5978,100129.96,0.6362,100134.73,0.9277,100146.54,0.9968
1717213620,100091.22,1.3278,100089.96,1.494,100088.01,0.2156,100086.64,2.8912,100080.69,1.6674,100079.57,3.3227,100072.82,0.6159,100063.73,3.1726,100060.3,2.4267,100054.93,1.3017,100104.06,0.0957,100105.61,0.4452,100107.53,1.3293,100110.89,1.172,100112.49,3.8679,100117.98,1.9386,100127.61,2.1375,100131.3,0.0787,100138.51,1.5806,100144.73,2.1909
1717213680,100085.48,0.8248,100084.02,0.7712,100081.04,1.3035,100078.38,3.2406,100071.04,0.3906,100068.69,3.4607,100063.03,1.0074,100060.48,2.4698,100053.56,2.8949,100044.63,0.9374,100100.24,0.5414,100101.86,0.7088,100103.39,0.6768,100107.22,1.6321,100108.25,2.7647,100115.29,3.1808,100121.48,1.2589,100129.65,1.2941,100139.51,2.0626,100152.53,3.9711
1717213740,100085.72,0.7826,100083.21,0.3661,100079.59,0.3741,100076.4,3.8879,100075.15,1.7025,100072.78,3.2146,100067.15,2.9985,100060.13,1.6036,100055.42,1.7476,100050.31,3.6887,100097.72,1.0688,100099.95,0.7747,100103.23,0.326,100106.84,0.8258,100111.83,2.8608,100116.99,1.0124,100122.39,3.7454,100133.58,2.8833,100145.24,0.55,100153.58,3.3193
1717213800,100095.24,0.1807,100092.29,0.6581,100090.63,1.4034,100086.94,1.3308,100085.54,1.8801,100083.29,1.4083,100076.98,0.9119,100069.06,3.7122,100064.63,3.2848,100051.48,2.342,100101.74,1.2678,100103.55,0.5468,100106.44,1.3358,100107.83,0.6182,100113.58,1.1271,100116.68,0.4183,100125.25,2.3534,100134.68,1.3273,100145.33,2.3728,100150.21,3.2311
1717213860,100094.87,0.3778,100092.3,1.9787,100090.98,1.6165,100089.25,0.6676,100082.57,1.3001,100074.4,0.2182,100068.54,1.7644,100060.22,1.3151,100052.97,0.478,100044.13,1.5155,100104.61,0.9752,100106.23,1.0679,100109.09,1.7724,100114.3,3.8219,100121.45,3.3361,100128.14,3.3611,100134.46,1.9655,100144.14,2.7446,100152.12,1.7473,100157.99,0.1109
1717213920,100105.92,1.4706,100104.49,1.1416,100100.0,1.8818,100097.09,0.7242,100091.23,0.0526,100086.69,2.1088,100085.64,1.2485,100083.6,1.4818,100079.43,3.687,100069.94,0.1438,100117.62,0.9835,100118.71,1.4062,100120.59,1.2693,100126.45,3.2951,100133.06,3.711,100142.04,2.5326,100147.7,1.8991,100158.32,3.0048,100169.41,0.1624,100170.82,3.5781
1717213980,100096.33,0.3067,100094.49,1.6993,100093.29,1.2931,100091.98,0.3989,100087.45,3.9338,100084.89,2.4599,100083.73,3.3507,100073.4,1.2728,100063.54,3.6238,100054.32,3.7778,100110.03,1.8841,100111.84,1.6835,100115.18,0.1767,100120.31,2.0111,100126.04,0.345,100130.59,1.1093,100133.48,2.0268,100136.38,2.9898,100147.85,0.0229,100152.69,1.4092
1717214040,100102.48,1.1541,100100.55,0.2767,100099.24,1.4726,100097.31,2.3687,100090.03,3.0692,100082.72,0.8779,100078.16,0.3343,100069.2,0.9945,100057.73,2.5728,100044.11,0.7724,100114.44,0.3088,100115.55,1.4265,100117.17,0.3238,100119.75,0.9116,100121.97,3.5354,100124.39,1.1868,100132.01,1.0655,100138.4,2.319,100143.76,2.5709,100151.06,2.5278
1717214100,100070.51,0.8021,100068.43,0.4608,100064.98,0.7265,100059.92,3.1871,100057.57,2.8016,100052.54,3.3211,100044.0,0.3721,100034.49,1.0403,100027.64,0.1355,100025.03,2.6367,100115.55,0.3226,100117.72,0.776,100120.05,1.1974,100121.22,2.8081,100126.31,3.4786,100127.37,1.6914,100131.55,2.595,100133.65,3.6535,100138.48,1.8727,100142.09,0.0968
1717214160,100095.81,0.8982,100094.01,1.6765,100092.13,0.7778,100089.44,2.7174,100086.49,3.8834,100078.47,3.0551,100068.91,2.0328,100063.28,3.0985,100050.35,1.609,100048.95,2.0537,100106.57,1.7789,100109.5,1.8886,100111.2,1.9462,100115.95,0.5283,100119.12,3.8401,100127.88,1.244,100136.16,3.2079,100142.2,0.6697,100143.21,0.5985,100156.58,1.2121
1717214220,100105.94,0.2258,100104.45,1.3852,100100.49,0.7798,100097.1,1.3854,100093.04,2.7503,100086.45,3.6522,100079.1,3.3271,100070.33,3.0546,100068.14,0.5227,100056.45,0.5428,100112.98,1.8011,100115.62,1.4742,100118.11,0.818,100119.46,1.9584,100125.28,2.3499,100128.05,2.438,100136.34,1.4828,100141.08,3.2947,100149.72,3.0092,100163.52,2.5859
1717214280,100045.08,0.899,100043.4,1.3254,100040.91,0.6057,100037.98,3.2869,100036.75,3.8345,100032.38,0.6625,100024.89,3.3386,100018.78,0.3397,100009.2,0.4146,99996.13,3.2162,100052.2,0.6721,100054.35,0.7988,100056.94,0.998,100062.74,1.6128,100068.75,1.2188,100071.82,2.5401,100078.56,3.2116,100084.51,1.4976,100091.43,1.3469,100099.92,1.4658
1717214340,100054.13,0.7978,100051.78,0.3433,100049.6,1.8716,100045.65,0.7985,100039.37,2.9132,100034.73,0.2037,100031.05,0.495,100024.66,1.4747,100012.55,2.7487,100008.02,1.3565,100064.45,1.6474,100066.54,0.3985,100068.78,0.0842,100071.41,2.5476,100076.28,1.4354,100077.57,2.9573,100080.94,0.3453,100082.98,2.9099,100091.89,1.7301,100096.73,3.8877
1717214400,100060.52,1.6781,100058.05,1.0709,100055.45,0.1992,100052.59,0.5955,100045.24,2.5549,100037.18,1.5338,100026.87,0.3243,100015.67,2.9996,100009.38,0.0993,99995.08,1.0349,100073.78,1.7717,100076.45,0.8952,100077.86,0.4237,100080.17,1.2198,100084.51,3.4184,100087.46,3.1978,100092.01,1.8969,100101.38,1.7534,100111.72,3.1155,100116.59,2.689
1717214460,100058.72,0.5817,100056.91,0.0865,100054.46,0.303,100052.12,2.4003,100044.78,1.2795,100042.01,0.0821,100037.92,0.2643,100033.76,2.851,100022.42,2.3558,100012.53,1.3217,100070.5,1.8633,100071.53,0.7142,100073.74,0.9165,100077.05,2.9729,100079.42,2.7939,100085.8,1.0302,100087.11,3.4106,100098.75,2.5292,100106.77,1.3877,100110.67,3.9396
1717214520,100055.9,1.3653,100054.84,1.2685,100053.26,0.7357,100050.1,3.9833,100048.95,3.8937,100043.5,1.9681,100040.27,3.6855,100037.82,2.4324,100026.2,0.3969,100022.14,3.9686,100064.06,0.3983,100065.38,1.5662,100068.95,0.8322,100071.99,3.0076,100075.71,2.401,100079.26,1.4591,100081.27,3.5402,100092.83,3.0494,100097.8,2.1472,100104.29,3.4376
1717214580,100049.82,0.9264,100046.97,0.3964,100044.96,1.0887,100042.29,1.8614,100040.17,3.6301,100036.11,2.6159,100025.85,1.6471,100017.85,2.4793,100015.12,2.4835,100000.13,2.4023,100063.08,1.8937,100064.73,0.5374,100067.72,0.9702,100069.18,1.4875,100075.01,3.5352,100081.24,2.2127,100090.44,3.4027,100093.22,1.4826,100105.15,0.7091,100119.27,3.6863
1717214640,100056.49,0.4537,100054.57,0.5278,100051.46,1.9799,100046.47,3.8915,100042.22,0.4535,100036.39,1.3317,100026.65,0.6455,100020.56,3.8503,100019.48,0.139,100009.0,3.4696,100070.43,1.7312,100071.57,0.8633,100073.48,1.4462,100075.09,3.1086,100080.29,2.1413,100081.48,1.9284,100089.38,1.1789,100094.76,3.291,100105.37,1.4599,100116.4,2.0511
1717214700,100061.53,0.3347,100060.01,1.6592,100056.37,0.268,100054.52,1.6574,100051.31,3.6528,100043.95,0.8482,100042.03,2.5717,100040.21,3.5978,100033.07,0.9865,100028.43,1.1882,100067.77,1.5854,100070.17,1.1581,100073.25,1.5346,100074.99,1.1608,100077.43,1.4897,100081.33,1.172,100091.3,0.6416,100099.28,1.9064,100105.77,1.1866,100117.19,2.7834
1717214760,100064.67,1.2917,100063.61,0.4627,100061.55,1.1893,100059.26,2.8873,100053.41,3.9845,100049.16,2.4777,100046.55,1.3834,100043.83,3.4119,100038.9,1.5037,100025.79,1.9461,100073.51,1.0742,100074.86,1.7994,100075.91,1.8965,100078.62,1.2441,100081.08,1.1205,100088.3,3.1592,100095.48,1.4324,100101.53,3.6517,100113.86,3.3615,100126.7,3.1345
1717214820,100073.17,1.3453,100071.37,0.2427,100069.22,0.181,100065.45,2.1437,100059.64,3.4917,100050.87,0.2333,100044.49,0.9994,100040.67,2.9603,100031.05,2.6067,100026.62,2.7617,100080.19,0.1285,100082.41,1.1264,100083.73,0.4205,100088.88,0.264,100095.75,2.095,100097.24,0.9181,100103.8,2.3293,100109.91,2.1524,100120.68,1.2822,100130.55,0.7937
1717214880,100080.93,1.1076,100079.5,1.0001,100076.51,1.1843,100071.2,0.455,100064.44,3.1118,100061.88,3.225,100055.04,1.8305,100054.04,3.0207,100045.52,1.9755,100042.05,2.0341,100087.91,1.9053,100089.51,1.7412,100091.38,0.5868,100095.19,1.2421,100099.05,3.9091,100107.61,1.9554,100111.65,3.8977,100117.82,0.6609,100119.64,1.7337,100124.91,3.7019
1717214940,100063.56,0.4062,100061.0,1.5376,100059.26,1.0285,100056.66,2.1263,100054.99,1.2072,100049.11,2.2883,100046.64,0.634,100037.21,3.1454,100025.56,2.4444,100022.36,3.8273,100073.94,1.3243,100076.52,1.5705,100078.46,1.869,100081.82,3.4264,100084.79,0.5885,100088.46,1.4222,100096.54,1.8043,100102.22,1.5802,100108.44,3.0513,100115.09,3.875
1717215000,100057.87,1.5457,100056.83,1.4235,100055.1,1.4475,100052.63,1.5002,100049.53,3.1658,100045.93,2.2443,100043.03,0.8678,100036.5,3.427,100034.17,0.9801,100028.61,1.9239,100072.61,0.9662,100075.55,0.1397,100078.86,1.3912,100084.4,1.9533,100087.23,2.4308,100091.23,0.4147,100098.3,1.1114,100103.37,3.6952,100105.75,0.5458,100117.25,1.3049
1717215060,100069.27,0.3433,100067.67,0.44,100066.36,0.5282,100062.5,3.0535,100059.81,2.1288,100056.47,0.0972,100048.14,0.2813,100038.49,2.8485,100033.57,3.4152,100019.9,1.7889,100075.79,0.4091,100077.73,0.9486,100079.89,1.3715,100084.41,1.0289,100090.27,0.1023,100092.23,1.649,100096.99,1.9506,100098.52,2.1183,100110.93,2.0539,100112.16,1.7545
1717215120,100068.32,1.5908,100066.34,1.1709,100063.12,1.4821,100059.29,3.8972,100053.22,2.1317,100045.83,3.3867,100043.99,3.6908,100036.28,3.9719,100025.88,3.0708,100018.85,1.1147,100081.3,1.7671,100083.78,1.3184,100085.03,1.3133,100087.73,2.1156,100093.23,3.2826,100097.69,0.0957,100104.15,0.0354,100114.26,0.0853,100118.08,1.7143,100122.7,0.8993
1717215180,100070.42,1.3475,100067.88,1.1702,100065.64,1.7666,100060.3,0.6189,100054.28,0.8325,100051.83,0.1146,100045.11,3.3803,100035.53,2.1649,100022.6,1.3166,100017.19,0.9281,100080.0,0.6407,100081.85,0.5786,100086.13,0.4736,100088.9,0.5579,100095.75,1.7642,100103.42,1.5067,100108.64,2.9783,100117.77,1.5279,100124.36,1.6027,100128.24,1.5282
1717215240,100063.89,1.8309,100061.44,0.2873,100057.79,0.2847,100054.35,2.4233,100048.47,1.2743,100045.95,3.9408,100037.35,1.4458,100033.54,0.4568,100026.83,0.0389,100014.58,1.6072,100070.65,0.7416,100073.54,1.6812,100076.06,1.7032,100078.56,3.9988,100080.11,2.5779,100084.23,1.8907,100094.27,1.1061,100102.39,1.2999,100105.15,1.0035,100114.05,0.5205
1717215300,100081.45,0.1693,100078.85,1.7394,100075.53,0.7748,100072.46,0.6384,100070.34,3.7458,100061.61,2.9704,100052.92,0.7346,100042.25,0.4465,100039.22,1.9952,100033.93,2.505,100094.07,0.5671,100095.71,1.5774,100097.87,1.7832,100099.04,3.4894,100105.98,0.1955,100110.0,2.398,100115.99,0.6411,100117.15,3.5898,100119.3,3.9529,100121.88,1.908
1717215360,100048.97,0.3121,100046.76,1.2919,100044.67,0.9655,100039.16,0.5215,100033.89,1.4687,100027.98,2.8681,100022.44,2.9974,100012.07,0.7932,100008.33,0.5279,99994.14,0.91,100059.33,0.2348,100061.14,1.7795,100062.51,0.4911,100064.43,2.6409,100067.57,3.8961,100073.91,2.0845,100080.4,3.5355,100089.75,0.5355,100096.03,2.6482,100105.14,3.7392
1717215420,100041.16,0.1436,100039.76,0.4052,100038.26,0.1165,100033.29,0.6559,100030.19,2.2926,100025.32,1.3822,100018.35,3.2698,100011.0,1.8139,100007.32,2.489,99998.67,0.4801,100050.02,1.5486,100052.87,0.7076,100056.99,0.5478,100062.03,1.9545,100066.59,2.6564,100072.94,1.3761,100078.87,0.2618,100083.89,2.5727,100096.95,0.5137,100101.13,1.8352
1717215480,100043.78,1.7529,100042.17,0.9005,100037.72,0.2118,100032.39,2.0238,100028.8,3.7656,100019.81,0.7876,100010.83,0.8952,100009.65,2.9363,100004.23,2.4077,100001.1,3.4411,100051.74,1.6105,100053.47,0.4993,100057.78,1.0852,100060.65,0.4096,100062.73,2.5409,100068.67,3.3745,100076.81,0.6167,100088.17,2.4426,100099.9,1.1209,100114.33,3.7961
1717215540,100028.91,1.7928,100026.97,0.3154,100022.69,0.0507,100020.43,2.2275,100017.41,3.693,100011.5,3.8375,100009.94,1.6474,100007.36,3.2915,99996.8,3.2299,99982.49,0.9774,100043.63,1.3099,100045.41,0.4271,100049.33,0.1875,100055.15,1.1121,100061.95,0.5027,100068.87,3.7779,100071.31,1.7791,100079.71,3.0447,100080.84,0.478,100086.2,0.4194
1717215600,100030.91,0.6327,100029.66,1.4987,100027.07,0.1873,100021.18,3.6429,100017.96,1.0957,100009.05,1.5322,99999.59,0.4602,99993.46,2.3441,99981.5,2.7688,99969.38,3.0363,100042.51,0.2509,100045.51,1.2265,100048.6,0.757,100053.95,2.663,100060.39,3.8533,100064.76,2.5559,100073.98,1.128,100082.94,1.1107,100087.09,2.0362,100093.97,3.3468
1717215660,100035.17,1.6217,100033.68,1.0152,100030.62,1.348,100029.1,3.1259,100023.49,2.2471,100015.79,1.5095,100009.86,3.7017,100004.65,2.4106,99996.27,3.1765,99981.92,2.3067,100041.19,1.5399,100042.91,1.3616,100047.07,0.8726,100050.04,2.9798,100053.3,3.1547,100061.12,2.2976,100067.09,3.7614,100077.03,2.5162,100087.75,2.6796,100089.11,2.2721
1717215720,100030.12,1.8453,100027.52,1.4717,100023.54,0.5444,100018.45,1.3828,100011.12,1.0023,100006.56,0.2007,100001.2,3.964,99997.31,3.1766,99993.69,3.0855,99985.03,1.2943,100036.1,0.7297,100038.73,1.6972,100042.73,0.7008,100046.81,2.962,100053.25,0.918,100060.88,0.4142,100068.73,2.5614,100073.18,1.9938,100076.5,1.537,100081.21,2.8325
1717215780,100017.05,1.5218,100014.13,0.6794,100012.74,1.1846,100007.2,2.8039,100002.55,3.0295,99997.25,1.5979,99989.64,0.8025,99987.64,2.3959,99975.68,1.6245,99970.99,2.8664,100031.01,0.8237,100033.85,0.2521,100038.2,1.6384,100043.64,1.1827,100048.34,0.338,100057.34,1.7757,100058.72,2.1965,100067.07,1.1024,100074.25,3.3347,100089.01,0.989
1717215840,100020.92,0.0742,100019.43,0.0905,100016.29,1.684,100013.22,2.2094,100008.52,1.6552,100000.74,2.3278,99993.78,3.5555,99982.01,2.9897,99972.18,3.9278,99959.93,1.0616,100028.08,1.8051,100030.95,0.6743,100033.2,1.9183,100034.88,3.4412,100042.29,0.9951,100047.59,0.5238,100057.91,3.139,100064.49,1.9082,100069.41,3.2309,100078.87,2.8832
1717215900,100014.36,1.9709,100012.43,1.1698,100011.24,1.2567,100007.76,1.7504,100000.56,0.6937,99995.08,2.2404,99993.54,1.3969,99982.99,0.6,99973.47,0.271,99962.4,2.2833,100024.9,1.4691,100027.33,1.0071,100030.79,1.8884,100036.72,0.8687,100040.66,2.1582,100047.06,1.3288,100053.47,3.5051,100064.88,0.5855,100072.63,2.7285,100078.03,0.037
1717215960,100026.43,0.2834,100023.48,1.247,100020.62,1.4742,100015.96,1.0027,100011.05,3.0377,100008.61,0.7331,100001.44,1.985,99999.13,0.3655,99986.3,2.3003,99972.02,1.5559,100035.01,1.408,100036.29,0.7194,100037.62,0.7426,100042.16,3.5175,100046.41,0.7464,100050.62,0.9143,100060.98,2.5357,100065.72,3.0097,100073.27,0.0914,100082.75,3.9282
1717216020,100037.07,1.929,100035.01,0.0591,100032.67,0.1039,100027.14,2.2578,100020.55,3.8233,100018.05,2.4873,100015.32,0.8813,100010.52,3.4897,99998.11,2.4029,99989.08,3.5668,100043.75,1.7654,100045.1,0.3403,100048.97,0.1092,100050.17,2.155,100057.39,3.7634,100064.85,1.2535,100068.62,1.4027,100071.6,2.0788,100083.86,1.9956,100093.31,3.9894
1717216080,100040.02,1.1186,100038.24,0.9235,100036.83,1.1312,100034.14,1.4691,100031.59,3.2722,100029.08,1.6231,100024.68,3.6673,100013.54,3.2455,100001.17,2.8335,99988.43,0.4041,100054.3,1.3438,100055.94,1.0783,100058.95,1.0873,100061.92,2.1901,100064.23,1.2881,100068.81,0.8002,100078.78,1.711,100084.57,0.3387,100085.87,0.4262,100094.73,2.4426
1717216140,100041.83,1.5531,100039.43,1.0787,100038.29,1.8962,100035.75,2.354,100028.9,2.1757,100022.77,2.9596,100016.7,0.1984,100012.36,0.7611,99999.31,0.2192,99986.76,3.4961,100054.53,1.0718,100055.89,0.7731,100059.33,1.8258,100060.83,3.8004,100067.63,2.8525,100069.21,0.8224,100072.17,2.5653,100073.35,3.6891,100076.92,2.7607,100090.86,0.0289
1717216200,100031.33,1.9696,100028.36,1.6618,100026.05,1.6837,100024.83,0.5753,100022.23,2.6774,100014.18,1.6971,100007.75,3.4563,99999.87,0.8275,99987.88,2.9492,99983.07,2.7642,100044.65,0.8566,100046.21,1.8071,100050.06,1.002,100054.07,2.5099,100057.64,2.787,100062.23,2.6552,100065.35,2.554,100067.62,3.6098,100074.72,0.7416,100080.31,3.7746
1717216260,100038.43,0.8265,100036.36,0.6052,100033.36,0.2616,100031.77,3.2933,100025.02,3.8013,100019.58,1.9969,100017.37,3.9823,100011.21,0.4463,100007.36,3.334,100003.77,3.0525,100052.73,0.5214,100054.96,0.9043,100056.46,1.2142,100057.67,3.7351,100063.65,0.764,100066.33,1.2785,100072.74,3.7949,100077.49,3.8022,100090.01,1.407,100093.82,2.5801
1717216320,100038.94,0.1741,100037.57,0.429,100034.27,0.9058,100028.91,0.2868,100026.31,2.1189,100020.86,0.582,100010.7,0.2363,100002.17,1.6456,99994.49,2.4782,99991.11,3.7319,100046.86,0.3298,100048.07,0.5056,100050.4,1.1473,100055.47,3.0771,100057.25,0.9058,100063.27,2.2589,100064.98,2.599,100076.0,3.7495,100085.06,1.137,100094.68,1.8042
1717216380,100034.59,0.723,100031.61,0.9372,100027.4,0.3486,100023.71,1.4469,100021.78,2.552,100019.38,3.8698,100008.89,3.5289,100003.84,0.0935,99992.77,0.5845,99985.33,2.8456,100045.71,0.4926,100047.51,1.6883,100049.75,1.8867,100052.86,1.6767,100058.62,1.7811,100062.73,1.4606,100066.83,1.6015,100075.78,0.8316,100079.5,0.772,100083.22,3.4957
1717216440,100029.79,1.119,100027.26,0.846,100024.01,0.4664,100022.3,0.4435,100017.06,1.2083,100009.4,3.1006,100002.47,0.213,99999.09,2.2113,99996.13,1.5433,99987.88,0.7295,100043.79,1.4032,100045.56,1.3506,100047.52,1.5046,100051.34,0.6319,100054.95,3.1296,100057.53,1.651,100062.98,3.4734,100065.42,3.7257,100070.37,3.7328,100079.94,2.9439
1717216500,100027.89,0.2172,100026.87,1.7314,100025.69,1.7126,100023.12,3.6082,100020.8,0.6109,100018.1,3.3643,100013.65,3.6379,100006.23,3.3147,99999.29,2.8174,99994.24,0.415,100040.75,1.8066,100042.05,0.8596,100044.92,1.2557,100046.71,2.2138,100050.76,3.9334,100057.28,3.6156,100067.55,2.6588,100070.17,1.7852,100080.61,0.551,100086.95,1.5237
1717216560,100009.08,1.645,100006.22,1.1905,100004.58,1.7933,99998.73,3.787,99994.05,3.5436,99985.14,3.5471,99983.49,0.5484,99979.19,1.5805,99976.32,3.9717,99964.25,2.6789,100049.72,0.6754,100052.14,1.9001,100053.43,1.2255,100058.43,0.0737,100065.22,1.6768,100067.57,3.4065,100070.4,1.1282,100077.12,3.6645,100084.24,3.6242,100085.97,0.9628
1717216620,100031.61,0.1289,100029.11,1.5315,100026.51,0.2065,100022.75,0.5313,100015.39,2.5004,100008.51,0.0867,100003.9,3.6191,99998.72,0.1536,99989.32,2.7905,99983.62,3.2146,100040.93,1.579,100042.74,0.7172,100047.04,1.4523,100050.81,1.9604,100053.54,3.6543,100061.89,0.3483,100069.22,1.2813,100075.82,0.463,100086.95,3.2268,100089.45,0.3069
1717216680,100021.24,1.5688,100018.51,0.0688,100017.47,1.6236,100012.11,2.4737,100010.1,2.5082,100002.13,1.8484,99992.83,3.1467,99990.67,0.4967,99980.87,0.8061,99969.42,0.3338,100034.26,1.9052,100035.27,1.5936,100037.08,0.1475,100038.48,1.2884,100042.92,1.9094,100045.5,3.9518,100052.25,0.7524,100056.42,2.7079,100068.23,0.2545,100071.82,0.0352
1717216740,100037.56,1.1069,100034.61,1.4149,100031.15,0.1978,100029.22,1.2924,100021.77,0.6581,100015.69,2.3733,100008.97,2.0316,100004.83,1.7118,99993.53,2.9444,99985.1,2.6228,100044.0,0.5408,100046.51,0.1761,100047.73,0.7212,100052.39,2.4832,100058.71,0.329,100065.82,2.8673,100066.94,2.9796,100068.91,2.3567,100081.36,1.4523,100091.9,2.716
1717216800,100045.02,0.929,100042.54,0.9869,100039.79,1.5387,100037.22,3.9964,100034.98,2.353,100033.64,1.4181,100028.22,1.8519,100017.07,3.3875,100003.91,1.8599,99990.33,1.8142,100058.42,1.5136,100060.26,0.0977,100061.75,0.6676,100067.7,2.5325,100071.29,0.0657,100078.62,2.6505,100081.26,2.3758,100084.29,0.3884,100090.18,0.6081,100095.9,0.0965
1717216860,100041.56,1.1212,100040.1,0.9987,100036.57,0.8941,100030.83,0.6477,100023.54,0.2484,100014.84,0.277,100010.77,1.912,100006.59,0.9483,99993.8,3.2165,99986.97,0.0617,100056.12,0.3593,100058.38,1.3839,100060.88,0.2876,100062.53,1.1348,100068.24,3.2304,100076.15,1.4846,100086.37,0.2619,100092.29,1.6738,100095.91,1.3115,100100.18,3.4888
1717216920,100029.42,1.5843,100027.31,1.1756,100025.15,0.429,100023.52,1.2941,100018.4,3.8848,100015.57,2.3754,100012.32,3.2804,100005.95,1.8843,100004.7,2.0487,100002.37,3.0033,100044.14,0.2085,100046.12,1.2251,100050.24,1.9186,100052.57,1.8034,100058.62,3.1672,100061.83,0.5809,100070.89,0.2455,100074.6,2.5359,100079.69,3.3011,100087.45,0.593
1717216980,100034.41,1.2293,100032.34,1.6571,100029.08,1.9176,100025.09,0.4902,100019.32,2.9446,100016.76,3.1974,100013.08,3.1649,100007.43,3.2762,100006.29,1.0513,100003.27,0.1109,100049.27,1.5366,100050.43,0.9566,100054.61,0.3378,100058.74,2.2255,100063.6,3.0363,100065.46,1.1015,100069.08,2.8281,100075.07,0.66,100077.68,3.8249,100080.41,3.4723
1717217040,100041.23,1.455,100039.13,1.2763,100035.87,0.8213,100033.23,3.3459,100032.01,1.1388,100026.49,2.2784,100017.09,0.2329,100008.2,0.5361,100006.41,0.2809,100003.28,2.0959,100049.39,0.5083,100051.9,1.946,100054.08,0.8547,100058.84,1.9749,100063.38,2.1035,100069.51,1.59,100071.99,3.2932,100081.95,1.7995,100084.39,3.6466,100089.04,0.9647
1717217100,100033.17,1.6936,100031.72,0.1327,100029.95,0.5037,100028.19,3.4832,100023.94,1.2986,100016.89,2.6843,100015.7,3.0645,100009.29,2.6819,99999.58,2.2046,99998.01,2.3628,100038.69,1.1863,100039.7,1.4186,100042.74,0.7678,100048.23,0.6651,100050.62,2.1496,100058.94,2.9796,100062.61,2.2295,100069.23,0.6479,100072.75,2.4344,100078.43,1.315
1717217160,100031.18,0.1062,100028.97,1.3202,100026.18,0.8411,100024.26,0.1762,100018.03,2.9738,100010.03,0.8086,100003.62,2.9916,99993.45,2.7001,99981.37,3.2733,99975.32,0.2269,100039.04,1.1554,100041.81,0.542,100044.6,0.6543,100046.68,0.7319,100049.85,2.0034,100056.61,2.8827,100061.96,1.5691,100071.25,3.6841,100078.25,2.391,100090.38,2.6714
1717217220,100025.72,0.0505,100024.66,0.1476,100023.62,0.5848,100022.62,1.7858,100016.88,3.8452,100015.1,1.4785,100007.97,3.8841,99998.81,1.4976,99994.31,2.618,99989.14,0.1496,100031.8,0.3266,100033.71,1.8679,100038.16,1.8334,100039.76,2.5505,100046.95,3.1731,100054.99,3.7289,100057.65,0.4592,100066.62,1.8264,100078.7,2.7827,100083.53,0.1
1717217280,100036.88,0.4702,100035.08,0.786,100033.95,0.8934,100030.63,0.7083,100029.54,3.5907,100023.29,3.8381,100013.96,2.8425,100005.05,0.8188,100000.71,2.6883,99986.23,0.7604,100048.8,1.6302,100051.79,0.136,100054.76,1.7211,100058.56,2.8148,100064.71,2.8651,100071.65,1.1532,100073.49,1.4755,100083.51,2.1829,100089.18,3.6083,100100.35,2.1677
1717217340,100046.78,1.1814,100045.04,1.9678,100041.35,0.3379,100036.99,3.5588,100031.59,1.6372,100022.9,0.3549,100019.5,0.5592,100008.33,2.5854,100001.69,2.1615,99991.17,3.5601,100055.86,1.8407,100058.83,0.3328,100061.02,1.2838,100065.75,3.4059,100070.47,3.9092,100077.81,3.3005,100082.58,3.2955,100093.27,3.9621,100101.07,2.0831,100110.12,1.0263
1717217400,100007.82,1.3838,100005.24,1.0039,100003.11,1.6811,100000.24,3.7483,99995.84,3.2792,99993.09,1.411,99988.21,3.0087,99986.04,2.5655,99979.37,3.3391,99965.84,0.7614,100020.22,1.5975,100022.23,0.2602,100023.73,0.1908,100029.48,0.9749,100033.12,3.3027,100038.46,0.3954,100047.2,0.1038,100048.54,0.4931,100051.86,3.1065,100053.86,1.0212
1717217460,100012.71,0.8359,100010.31,0.6354,100007.96,0.4565,100004.81,2.3629,100000.7,2.4631,99999.37,1.9704,99998.07,1.2853,99996.73,2.8055,99984.96,1.5412,99976.42,0.401,100021.29,1.2595,100022.99,1.9442,100025.71,0.1033,100026.9,1.9549,100033.79,1.9047,100039.14,0.341,100047.02,2.8653,100058.17,1.8242,100068.53,0.9731,100083.3,0.147
1717217520,100006.11,0.4723,100004.29,0.0701,100002.84,1.7323,99997.94,3.7428,99994.05,2.0133,99989.34,2.7916,99984.65,3.7007,99976.46,0.2044,99968.14,2.7959,99960.27,3.61,100019.65,0.3674,100021.23,0.6963,100022.61,0.3519,100027.8,0.8045,100031.96,0.0327,100039.17,3.2291,100048.77,3.0921,100050.25,0.7389,100055.5,2.7353,100068.34,0.9226
1717217580,99996.93,0.248,99995.65,1.4937,99991.34,1.1474,99988.15,1.473,99982.6,0.0919,99977.4,2.7783,99970.37,0.4342,99964.16,1.1228,99956.2,1.6948,99954.28,1.0585,100011.05,0.7474,100012.85,1.8426,100017.03,1.7573,100018.63,0.6564,100023.34,2.6619,100027.91,3.9861,100032.45,1.0594,100034.19,3.1621,100037.51,1.6589,100046.34,0.9367
1717217640,100011.87,0.0718,100010.75,1.5868,100009.36,1.3485,100005.43,0.0453,99998.71,0.5569,99990.34,3.4437,99981.73,0.7628,99975.51,1.9202,99973.27,1.5576,99963.4,2.1702,100023.89,0.3349,100025.14,1.0442,100029.16,0.1826,100032.72,3.9496,100037.41,0.9958,100044.43,3.3607,100048.87,0.9091,100052.76,0.2481,100059.15,3.484,100071.08,0.1204
1717217700,100032.81,1.2326,100030.08,1.5098,100028.63,1.249,100023.68,3.5561,100018.48,3.0242,100016.22,2.3999,100012.49,3.0947,100006.73,0.1333,100004.9,0.3485,99991.42,0.5908,100041.71,0.7706,100043.5,0.9558,100047.32,1.8384,100049.84,2.1458,100052.96,1.2395,100061.55,2.0506,100066.22,3.4859,100074.79,2.784,100087.34,2.4248,100097.59,2.3002
1717217760,100033.48,0.7177,100031.45,1.2812,100029.57,0.573,100027.21,1.1629,100022.87,1.2591,100014.62,3.6298,100008.25,1.4006,100003.88,3.3047,99996.41,1.652,99991.71,1.7012,100043.38,1.5482,100046.16,0.3216,100049.86,0.6253,100054.29,1.4523,100058.82,1.2914,100066.2,2.3312,100068.85,2.9011,100079.49,2.558,100083.06,3.1619,100095.69,0.7405
1717217820,100021.18,0.9945,100019.64,1.158,100016.76,0.3354,100012.73,1.0176,100005.45,3.2543,99996.57,0.023,99993.78,3.7371,99982.57,1.8245,99969.19,2.3385,99964.31,2.2741,100028.64,0.1494,100030.5,1.9643,100033.58,0.9789,100036.51,0.4866,100038.69,1.4517,100046.1,0.2275,100055.15,1.1167,100062.18,1.081,100072.98,3.7037,100083.59,0.8275
1717217880,100023.28,0.7083,100021.03,0.5905,100018.53,0.4995,100014.44,2.2868,100011.7,2.2149,100003.98,0.6153,99997.72,1.2737,99994.3,3.2248,99982.98,0.8205,99973.35,3.8183,100028.38,1.4939,100031.34,0.576,100034.04,0.2366,100039.27,0.8917,100043.25,0.6709,100045.64,0.8892,100047.66,0.9627,100052.05,2.3228,100060.55,1.5529,100064.54,0.4105
1717217940,100006.89,1.4914,100005.12,1.2494,100002.79,1.1055,100000.43,3.5284,99996.24,3.1605,99991.05,1.2951,99985.3,2.4664,99975.08,2.4302,99969.42,2.8168,99960.01,2.7987,100016.31,1.5867,100017.72,0.6627,100020.14,0.5351,100022.6,0.9313,100027.5,1.8842,100028.69,3.7417,100032.01,2.7933,100037.99,3.2024,100043.85,1.3873,100050.18,1.9689
1717218000,100009.45,0.5471,100007.99,0.7649,100003.5,0.9831,100001.66,3.4161,99996.47,2.4004,99988.99,3.3852,99978.68,1.4646,99969.32,0.369,99956.87,0.3786,99946.13,0.2098,100015.35,1.8674,100017.26,0.6216,100021.26,0.5931,100026.84,0.9241,100029.87,2.0868,100032.72,0.3782,100034.22,2.6219,100043.84,3.8158,100056.61,0.712,100065.28,3.7686
1717218060,100003.39,0.431,100000.96,0.1814,99999.61,1.6437,99997.72,0.5053,99993.71,3.0458,99986.92,0.6193,99977.07,0.9901,99975.97,3.4231,99965.39,2.0579,99964.1,2.023,100016.47,0.3132,100017.57,0.354,100019.03,1.7303,100024.2,2.2997,100027.02,0.9907,100029.42,0.4484,100032.78,2.5641,100042.08,0.2776,100047.79,0.0123,100055.24,3.1974
1717218120,99998.31,0.8376,99996.26,1.9261,99991.96,0.7402,99987.93,2.8762,99982.06,3.009,99976.87,1.6366,99971.09,2.0039,99961.24,0.8355,99952.74,1.4763,99947.56,2.4215,100008.73,0.7831,100010.48,0.6634,100012.17,0.0813,100015.35,2.5574,100017.31,3.4621,100024.63,2.9994,100031.8,1.2149,100035.49,0.0753,100039.33,1.7617,100047.14,1.8707
1717218180,99990.43,0.8608,99989.33,1.8981,99985.19,1.8494,99982.71,0.2219,99978.69,1.5524,99972.46,1.7392,99965.78,1.4255,99959.14,1.9137,99946.46,3.4758,99938.75,1.4164,100000.07,1.8479,100001.4,1.9846,100002.91,1.4367,100005.26,0.1085,100007.68,2.0892,100008.88,1.6196,100017.46,1.8466,100025.3,1.1469,100026.94,2.0728,100029.66,1.7592
1717218240,99990.95,1.5697,99988.49,1.1544,99987.26,1.9379,99981.59,1.5179,99976.3,1.765,99969.52,1.0758,99967.17,3.6608,99965.14,1.5417,99959.21,0.1771,99953.97,3.8147,99996.31,1.1601,99998.15,1.6605,99999.68,1.1168,100001.95,3.6651,100002.96,0.2743,100010.83,1.0694,100016.41,0.2737,100022.56,3.925,100035.12,1.979,100037.24,1.8438
1717218300,99984.39,1.7087,99981.48,0.5533,99978.52,1.7839,99973.45,1.3291,99968.13,2.1116,99961.79,3.3431,99955.18,2.7336,99945.32,3.1154,99941.25,3.2616,99934.18,1.096,99999.19,0.6361,100002.14,1.9831,100003.32,1.2038,100008.32,1.038,100014.68,2.2245,100022.44,0.8836,100032.52,1.8627,100035.21,0.4034,100042.98,1.4583,100054.38,1.683
1717218360,99982.41,0.9883,99979.55,0.1793,99977.45,1.7841,99974.28,3.2621,99972.27,1.898,99971.03,3.751,99968.91,0.9504,99958.24,1.9725,99945.26,2.3578,99938.58,3.3993,99989.03,1.2406,99990.36,0.3604,99992.5,0.7849,99993.92,0.3376,100000.09,0.0439,100005.42,1.9757,100007.29,3.8805,100017.18,2.5954,100030.58,0.0183,100034.07,0.5426
1717218420,99981.24,1.6622,99979.53,1.1654,99978.38,1.7911,99975.73,0.1654,99970.94,3.9529,99965.03,3.2875,99962.2,0.688,99956.9,3.974,99954.56,2.3775,99944.94,2.1091,99993.1,0.6047,99994.23,1.232,99996.14,1.3048,100000.64,0.3935,100005.58,2.7592,100006.84,3.4101,100014.16,2.7827,100024.07,1.4414,100031.43,1.1817,100042.31,1.6104
1717218480,99983.55,0.6532,99981.9,0.5193,99980.38,0.3527,99978.98,2.3549,99977.21,0.4396,99972.62,0.6058,99970.92,3.0838,99962.36,2.3213,99952.38,1.747,99949.66,2.5808,99998.39,1.1266,100000.57,1.878,100002.3,0.9728,100003.47,0.6346,100005.71,0.2736,100006.96,3.4137,100010.36,0.7544,100016.83,2.6367,100022.8,2.8395,100028.33,0.5403
1717218540,99988.59,0.6638,99985.76,1.1548,99982.31,0.0645,99977.39,3.8176,99973.69,1.9527,99964.78,0.6012,99955.38,0.9677,99947.74,3.8287,99935.4,2.8859,99928.55,3.0857,99997.81,1.4372,100000.41,0.7774,100001.42,0.9915,100006.54,2.0093,100008.91,1.3367,100015.18,2.9488,100020.98,2.1282,100031.77,3.9746,100040.42,2.4528,100047.51,3.7998
1717218600,99992.24,1.1169,99990.16,1.5238,99989.01,0.6986,99985.97,2.5119,99979.82,1.9033,99971.8,3.7169,99962.11,2.439,99958.57,1.2676,99950.19,1.8026,99944.98,2.6117,100004.44,0.4975,100007.25,0.5456,100009.18,1.0849,100010.38,3.8085,100014.3,1.594,100018.74,3.835,100027.36,1.1018,100037.32,2.1907,100043.53,2.012,100057.87,3.1806
1717218660,100002.49,0.1498,99999.51,0.4662,99996.2,0.6107,99994.62,0.947,99987.19,2.2474,99983.56,2.1848,99980.66,2.7435,99978.78,2.5909,99965.95,0.0926,99963.13,3.0001,100013.49,1.332,100015.83,0.8604,100020.0,0.448,100021.82,0.3994,100028.88,1.2449,100034.22,2.1992,100035.87,3.9314,100046.48,3.4136,100047.52,0.9658,100059.42,3.1798
1717218720,100003.48,0.93,100002.24,1.5437,99998.51,0.9573,99996.9,2.6753,99994.09,0.3422,99986.78,1.4194,99982.09,0.7653,99970.7,2.904,99958.31,2.4852,99943.74,3.0683,100009.62,0.3665,100011.3,1.0681,100014.72,0.4286,100020.67,3.0317,100023.96,1.3673,100028.07,3.0295,100030.06,2.0546,100039.99,0.8573,100043.36,2.5536,100055.19,2.9935
1717218780,100004.88,1.3312,100002.05,1.014,99998.36,0.8052,99994.14,0.8045,99992.87,1.8171,99991.84,1.4281,99981.46,3.7363,99973.32,1.668,99961.85,3.8786,99948.79,0.35,100012.14,1.2096,100014.26,0.2772,100015.74,1.014,100021.72,2.9064,100024.93,2.5035,100026.19,3.3426,100030.21,1.2551,100040.25,1.1809,100051.98,0.2291,100057.19,3.8567
1717218840,99970.37,0.3484,99968.69,0.8535,99967.43,1.0854,99966.05,1.2405,99963.11,0.1007,99954.26,1.3177,99946.49,3.4793,99935.25,2.4156,99923.6,1.4565,99921.27,1.0642,99979.17,1.7824,99980.54,0.464,99984.34,0.5015,99986.72,3.3675,99991.3,2.1698,99999.17,3.2482,100005.38,2.3137,100013.98,1.1959,100021.88,1.1972,100035.42,3.0117
1717218900,99968.86,1.3329,99967.32,0.1515,99966.08,1.9005,99962.14,0.4362,99958.04,1.8822,99954.15,2.1724,99950.64,2.3675,99943.47,3.1785,99941.44,0.6818,99931.36,2.2804,99978.06,1.2801,99979.09,0.4759,99982.57,0.3803,99988.36,3.4567,99992.67,3.9587,99993.71,2.0967,99997.31,3.1807,100006.85,0.7583,100014.69,0.2469,100018.65,2.6709
1717218960,99957.61,0.8388,99955.43,1.826,99953.42,0.5356,99948.14,0.5073,99944.41,2.5969,99939.43,3.9115,99934.58,0.7727,99930.79,0.5215,99927.49,2.5669,99924.81,2.6874,99966.05,0.1284,99969.05,1.5025,99972.61,1.3839,99974.27,0.8804,99981.51,2.3026,99987.72,2.8718,99996.61,0.0649,99998.78,0.8333,100001.59,2.9,100013.59,3.4765
1717219020,99952.04,1.3766,99950.15,0.443,99946.93,0.4532,99944.16,3.4811,99937.59,2.6526,99932.67,3.7971,99927.51,1.0159,99921.75,0.6428,99910.98,3.3364,99899.5,2.1019,99963.64,0.2653,99965.21,0.6027,99966.83,1.5497,99970.2,3.0529,99971.62,1.8232,99975.05,0.905,99977.96,3.4568,99988.19,3.8544,99992.56,1.9266,99999.7,0.5426
1717219080,99937.29,1.9737,99935.19,1.3017,99933.68,0.572,99930.83,1.0267,99929.18,3.4494,99924.05,1.2478,99919.22,0.2612,99907.69,0.4374,99895.45,1.0159,99891.03,3.8311,99946.13,1.7189,99948.28,1.8526,99952.51,1.2737,99958.39,0.0234,99965.62,1.3162,99972.14,2.22,99978.54,0.0158,99981.66,0.4428,99986.49,3.059,99991.01,3.2203
1717219140,99936.91,1.9233,99934.78,0.7459,99932.45,1.268,99927.0,1.3056,99920.42,1.434,99913.35,2.1346,99907.67,1.729,99900.48,2.762,99898.19,3.5847,99893.95,3.4675,99948.61,0.8541,99951.6,0.1916,99954.99,1.9531,99958.19,0.5515,99963.99,0.8817,99965.76,1.0333,99975.49,1.6425,99987.39,2.5756,99999.51,3.5735,100001.82,3.695
1717219200,99934.37,1.2167,99931.88,1.8796,99930.03,0.9782,99927.65,0.6765,99921.72,2.9174,99913.32,1.9633,99902.89,3.1849,99892.13,0.4094,99884.83,0.925,99875.77,0.0104,99941.87,1.8726,99944.38,1.1348,99945.95,1.4909,99951.86,2.2911,99957.19,0.7783,99964.77,0.9445,99966.2,0.7258,99976.3,0.7986,99980.99,0.2545,99988.28,2.4784
1717219260,99933.99,0.765,99931.48,1.5341,99927.56,0.8921,99923.12,3.3361,99921.08,1.5186,99918.71,0.1502,99916.05,3.3732,99910.42,0.3485,99907.45,0.3021,99900.64,1.7441,99946.23,0.3741,99948.66,1.4418,99952.75,1.0852,99958.26,2.3708,99965.51,2.3466,99969.15,1.8177,99978.02,2.3811,99986.29,0.8702,99992.9,0.6968,100005.61,1.7859
1717219320,99918.38,1.6067,99915.71,0.4327,99913.67,1.5565,99910.35,0.3732,99905.57,3.1884,99903.56,0.2246,99895.56,2.1388,99885.13,2.2447,99879.19,2.6021,99868.22,3.2687,99932.64,0.4006,99935.39,1.6079,99937.23,0.149,99942.52,2.1792,99944.01,2.1606,99945.68,2.1051,99947.56,1.0519,99954.6,3.3142,99956.15,1.9671,99968.88,0.5675
1717219380,99924.78,0.3383,99922.9,0.8731,99919.68,0.2063,99914.88,1.849,99909.45,3.9711,99905.75,0.1421,99904.64,0.119,99896.32,0.1066,99885.2,0.1311,99879.69,3.0327,99930.68,1.1924,99931.85,0.4213,99936.18,0.2416,99941.1,2.1607,99944.51,3.152,99951.5,2.4234,99959.33,3.9537,99963.78,2.692,99974.71,2.021,99979.77,1.1756
1717219440,99922.81,1.3529,99920.73,0.61,99917.9,1.5476,99916.15,3.2992,99913.27,2.4904,99911.93,1.524,99910.55,1.7444,99909.26,2.4009,99908.22,1.0525,99903.79,1.388,99929.29,0.7549,99931.32,1.0836,99933.74,1.1479,99935.92,0.6056,99938.67,0.9191,99942.24,2.6487,99946.72,3.2881,99956.36,1.5075,99957.88,2.86,99967.63,0.2216
1717219500,99917.49,1.1386,99915.25,1.5837,99914.19,1.2676,99910.01,3.755,99903.0,0.7472,99901.49,1.0786,99900.04,0.4984,99894.73,3.3412,99892.18,2.2276,99883.77,0.0298,99931.05,0.5544,99933.76,0.396,99938.08,1.022,99943.74,2.0675,99947.2,3.0578,99952.42,0.266,99955.97,0.6279,99957.69,2.7896,99966.43,1.1877,99969.82,2.29
1717219560,99911.4,0.3593,99909.91,0.8686,99906.41,0.7681,99901.78,2.118,99899.39,1.2452,99892.16,0.3379,99882.86,3.2899,99878.66,3.929,99872.78,1.4252,99861.28,3.0331,99920.48,0.1325,99922.29,0.4967,99925.65,0.7129,99930.07,1.1824,99937.3,3.6466,99938.49,0.3476,99943.07,1.6507,99947.15,1.1695,99955.35,3.2607,99963.42,3.673
1717219620,99935.88,1.1344,99933.88,0.398,99929.44,0.6965,99923.58,1.8681,99917.17,0.2555,99910.67,0.1598,99903.14,0.2395,99892.76,0.9629,99880.3,0.8437,99868.59,1.4267,99944.56,0.5525,99946.19,1.4323,99948.57,0.4827,99950.28,0.4177,99951.89,2.4034,99957.1,2.8878,99965.58,2.1821,99973.25,0.8025,99981.67,2.5272,99985.44,0.875
1717219680,99925.6,1.7706,99922.89,1.4606,99918.54,1.8404,99914.48,2.0245,99908.55,1.3165,99904.44,1.8522,99898.68,1.6347,99891.61,3.4574,99879.46,0.0526,99875.87,3.2832,99932.86,0.1073,99934.07,1.5683,99935.47,0.2994,99939.45,3.6981,99942.04,1.5154,99946.82,2.8143,99950.33,1.1418,99962.09,0.4876,99972.15,1.6679,99973.2,2.488
1717219740,99914.15,0.3112,99913.03,0.6569,99911.79,0.2902,99908.16,3.0898,99905.29,2.1615,99902.48,1.594,99896.95,3.3539,99889.5,3.0285,99883.41,0.6907,99872.29,3.767,99927.07,1.0364,99928.22,0.93,99930.39,0.8656,99931.85,3.7358,99937.37,3.4305,99940.72,2.0835,99945.59,2.9911,99955.72,2.5256,99966.44,1.3566,99974.34,1.588
1717219800,99909.8,1.4027,99908.57,0.3011,99904.84,0.085,99903.63,0.7798,99896.19,2.0858,99893.56,1.5685,99884.16,0.3626,99873.58,0.1188,99870.65,1.828,99865.17,2.9832,99915.26,0.3922,99916.7,1.8001,99918.94,1.6439,99922.49,0.7418,99927.21,1.9467,99934.99,1.7036,99941.32,3.6106,99949.15,3.9358,99960.54,1.1687,99975.03,0.4722
1717219860,99908.88,1.971,99906.32,0.7181,99904.49,1.7325,99898.92,2.9493,99894.49,1.6358,99891.79,2.5841,99884.96,0.5053,99882.83,1.4885,99873.19,0.082,99860.68,2.0345,99921.82,1.1826,99922.95,0.6142,99925.96,1.8732,99930.53,1.8179,99933.19,3.2312,99937.41,2.3954,99943.86,3.7709,99949.48,2.5017,99960.58,3.4796,99970.78,3.3228
1717219920,99905.49,1.368,99902.97,1.7157,99901.65,1.0683,99899.93,3.1363,99895.16,2.5507,99889.61,0.5963,99883.24,1.1847,99873.75,3.5505,99865.63,3.1713,99852.63,3.8136,99917.95,0.2613,99920.63,1.6238,99922.41,1.572,99927.29,1.7252,99931.96,3.8429,99933.39,2.4926,99934.61,2.2361,99937.32,2.5646,99944.03,1.6766,99957.51,2.5713
1717219980,99917.06,1.9896,99915.6,1.2331,99913.46,1.342,99907.92,2.6043,99901.08,2.0856,99894.83,2.249,99893.66,3.2769,99889.53,0.0223,99884.22,1.6358,99873.93,3.9266,99927.68,1.1542,99929.55,0.1084,99933.36,1.5789,99936.4,3.0548,99940.93,0.595,99947.22,0.3831,99953.45,2.2959,99958.24,2.5251,99970.79,0.8744,99979.65,3.2369
1717220040,99920.78,1.5447,99918.17,0.6617,99915.99,1.8515,99914.39,3.3748,99908.33,1.6007,99906.14,2.3546,99897.8,3.4006,99893.81,3.597,99882.12,3.3318,99878.82,3.0118,99934.6,1.352,99936.63,1.2208,99940.8,0.8091,99946.8,0.476,99954.16,1.5549,99956.78,0.334,99959.62,2.4514,99969.68,3.2951,99970.99,3.7819,99977.25,0.2334
1717220100,99920.42,0.1927,99917.94,0.1559,99915.52,0.3955,99911.37,0.7916,99906.58,1.7788,99902.29,0.5832,99894.36,0.8898,99890.28,0.0771,99883.09,1.7764,99878.15,0.6576,99931.72,0.9256,99933.0,0.8363,99937.02,1.3592,99941.0,1.3848,99945.61,0.3774,99953.59,2.9027,99962.44,3.6921,99973.59,3.9281,99981.66,3.7306,99983.6,3.1132
1717220160,99923.07,0.5625,99920.13,0.437,99917.54,0.2239,99915.88,3.7262,99912.55,3.7231,99909.93,3.6641,99905.12,1.8741,99893.92,1.8624,99890.36,3.9845,99876.65,2.7154,99934.81,0.3686,99936.57,0.4768,99939.05,1.6591,99944.94,1.2778,99948.98,2.189,99957.8,1.5102,99960.6,1.7955,99971.41,2.1853,99976.25,2.3743,99987.41,0.6831
1717220220,99846.35,0.6233,99845.26,1.644,99842.75,0.6053,99841.49,1.8124,99836.06,3.3297,99831.87,2.1414,99822.06,3.6211,99812.91,2.0036,99805.49,3.6615,99803.44,3.3375,99892.27,1.7625,99895.06,1.1985,99898.95,0.2496,99900.92,2.0825,99908.25,0.6948,99913.62,2.9408,99919.29,2.9276,99926.96,0.9431,99933.28,3.3071,99946.53,2.162
1717220280,99869.47,1.379,99867.83,0.1069,99866.03,1.513,99860.23,0.1014,99854.13,2.3586,99847.37,1.7205,99839.91,3.9779,99833.92,2.8034,99827.88,3.7534,99823.58,1.6263,99876.25,0.3358,99878.83,0.7619,99879.84,1.1042,99881.26,3.3643,99883.44,2.5204,99887.06,0.6453,99897.49,2.7182,99905.74,0.0692,99910.93,3.9556,99925.05,2.7501
1717220340,99871.71,1.32,99868.84,0.1919,99865.84,0.6884,99862.85,1.8323,99857.99,0.1673,99852.26,3.0926,99848.71,1.7255,99841.01,1.1623,99833.18,0.0745,99829.96,3.5698,99877.43,0.6952,99878.5,1.2301,99882.05,1.3415,99885.76,3.9003,99890.65,2.7687,99895.71,1.1746,99897.95,3.5311,99902.66,2.9443,99910.06,2.5218,99920.12,1.1414
1717220400,99882.48,1.63,99879.65,1.4058,99877.11,0.746,99875.21,3.5818,99871.6,1.5681,99869.04,3.0787,99861.8,0.1146,99854.03,1.1069,99843.27,3.8545,99841.38,2.515,99892.06,1.0151,99894.12,0.7997,99895.65,1.2661,99901.23,2.0282,99906.9,0.6241,99914.57,1.2873,99921.05,1.9807,99930.3,3.1642,99937.95,2.7294,99938.96,2.5778
1717220460,99876.19,1.4062,99873.42,1.344,99869.39,1.5234,99866.44,2.9135,99863.28,1.832,99861.97,2.6953,99859.38,3.6001,99856.44,2.9884,99844.79,1.0806,99841.23,2.0991,99884.87,0.8184,99886.15,1.6616,99889.29,0.4121,99891.52,3.807,99896.97,2.96,99904.74,3.1602,99913.63,0.8966,99924.98,2.1893,99937.24,2.2947,99939.69,1.6256
1717220520,99856.92,0.4139,99854.4,1.4587,99850.13,0.3969,99844.41,1.5624,99837.11,0.6957,99828.54,0.8944,99820.95,1.3799,99813.26,2.7489,99810.98,3.4432,99796.83,0.4338,99871.08,0.77,99872.13,1.3094,99874.95,1.9147,99880.7,2.2392,99881.8,1.2886,99886.7,2.7236,99895.54,0.9046,99898.67,2.5162,99901.17,2.705,99909.34,2.3121
1717220580,99849.49,0.9943,99848.4,1.067,99844.93,1.1849,99842.58,0.1604,99836.13,0.8486,99832.67,1.3077,99827.36,1.3138,99822.76,0.4378,99812.65,1.4708,99799.24,3.272,99859.31,1.6995,99861.36,0.5144,99863.85,1.7105,99865.08,3.8396,99867.81,3.388,99874.38,2.5768,99876.42,3.802,99886.14,0.1504,99891.56,1.832,99901.18,3.7924
1717220640,99834.02,0.1673,99831.55,0.3067,99828.88,0.5798,99827.23,3.3804,99822.81,3.4272,99819.02,0.6595,99816.72,1.3303,99806.82,3.2395,99800.47,0.2429,99794.93,3.094,99843.74,1.595,99845.64,0.9123,99847.68,0.3768,99851.15,1.3582,99854.34,2.9658,99860.7,2.17,99864.92,2.3574,99876.53,3.1884,99881.5,2.8536,99891.09,0.7193
1717220700,99821.66,1.9369,99819.04,0.8848,99816.87,0.3154,99811.62,3.5311,99810.34,3.2085,99806.36,0.926,99799.21,0.936,99787.67,0.5332,99775.7,3.5335,99763.12,3.1993,99835.76,0.185,99836.77,0.7129,99837.89,0.448,99842.05,2.2266,99844.24,0.4105,99847.66,3.406,99853.65,1.5384,99861.1,3.9805,99868.23,2.0033,99881.14,3.9619
1717220760,99809.37,0.9101,99806.47,1.3041,99804.95,0.0624,99802.12,2.0661,99796.31,0.6792,99792.36,0.8445,99782.26,2.1081,99772.4,0.6998,99764.6,3.2673,99753.29,0.7698,99820.75,0.4404,99822.04,1.6903,99823.06,0.6445,99824.52,1.5149,99825.58,0.3685,99828.53,1.0569,99831.06,2.873,99837.15,0.1067,99840.21,1.8919,99848.48,0.3575
1717220820,99811.89,0.9862,99810.25,1.5063,99807.98,1.2741,99804.56,1.5218,99797.95,3.7691,99794.35,2.4783,99788.49,3.1043,99780.13,1.8198,99767.88,2.2197,99756.67,1.5761,99825.89,0.4042,99827.77,0.2858,99830.41,0.1735,99834.85,0.8013,99840.96,2.9159,99849.37,2.625,99859.55,3.8272,99870.74,1.31,99873.9,2.3108,99882.83,2.4631
1717220880,99817.9,1.479,99815.3,1.3316,99812.25,1.2987,99810.07,2.2071,99807.53,0.6746,99801.31,2.8129,99797.99,2.3146,99787.15,0.8207,99779.2,1.2392,99772.35,1.9615,99832.46,1.4874,99835.23,0.4768,99839.05,0.6152,99844.76,2.2885,99847.46,1.023,99854.95,3.102,99861.75,2.9029,99864.74,1.7928,99876.05,3.4439,99883.19,0.7553
1717220940,99821.76,0.5307,99818.96,0.9636,99816.11,1.0205,99814.55,1.9664,99807.73,1.3142,99802.09,2.2377,99792.4,0.9797,99789.76,3.2512,99779.35,0.4032,99767.25,1.5946,99827.32,1.7328,99829.42,0.3879,99833.51,0.5674,99837.28,2.4303,99844.39,3.5405,99849.54,2.0286,99855.94,1.4038,99859.26,2.9625,99869.07,1.495,99877.27,0.7468
1717221000,99826.09,1.6838,99823.59,1.9952,99819.9,0.4439,99817.51,1.2154,99810.51,2.5852,99802.99,3.4222,99796.54,0.4468,99794.81,3.3424,99791.77,0.8481,99780.58,3.5952,99831.69,0.0945,99832.99,1.1755,99836.72,1.473,99840.65,1.3995,99841.81,1.2181,99846.63,2.6185,99854.61,0.7795,99862.34,0.7934,99863.41,1.6682,99870.99,0.8496
1717221060,99830.71,0.3331,99829.61,0.3443,99828.08,0.4541,99826.49,2.7503,99820.94,1.8468,99816.21,2.6441,99814.7,2.4273,99805.49,0.3661,99803.08,1.6168,99800.27,0.731,99845.39,1.4573,99847.28,1.4598,99850.6,1.8548,99855.4,3.7303,99857.69,2.4957,99864.52,0.1577,99870.96,1.7315,99875.67,2.1492,99884.92,1.8268,99898.2,3.2469
1717221120,99828.73,0.6,99827.53,0.6047,99823.76,1.3819,99819.64,0.571,99816.45,0.0449,99810.13,3.9281,99807.7,1.154,99805.28,3.3616,99796.89,2.8055,99790.76,3.871,99841.37,1.6873,99842.5,1.4971,99845.8,1.6205,99847.87,2.6711,99852.74,0.5215,99859.3,1.9913,99860.46,0.3977,99872.12,0.4834,99876.56,1.7012,99882.59,1.3133
1717221180,99836.5,0.4634,99835.45,1.8859,99831.34,1.5681,99830.21,3.9605,99823.16,1.6956,99819.27,0.6562,99816.08,1.9845,99814.41,2.4003,99812.64,2.8782,99798.15,1.7306,99850.74,0.0936,99852.2,0.2966,99854.18,1.3177,99859.69,1.3761,99862.38,3.4576,99870.01,2.741,99877.11,0.8951,99885.92,1.149,99890.04,0.5075,99899.67,3.6328
1717221240,99838.97,1.2977,99837.23,1.7914,99835.15,0.1765,99831.94,2.7115,99824.45,1.4942,99820.05,0.6982,99816.71,1.9235,99814.54,3.3487,99810.4,1.7424,99807.86,2.2242,99853.11,1.6047,99855.14,0.1255,99856.23,1.8274,99861.19,2.2198,99862.85,1.6006,99869.95,0.369,99872.49,2.07,99879.48,2.0722,99890.63,2.6841,99897.9,0.601
1717221300,99856.15,1.4234,99854.22,0.4312,99853.07,0.9333,99850.84,1.8532,99848.35,0.328,99846.97,3.4822,99842.54,2.1275,99838.51,1.2079,99827.5,0.7082,99816.64,0.1089,99870.89,0.4044,99872.95,1.0798,99875.2,0.8805,99878.34,1.0225,99879.54,0.4908,99880.58,0.8039,99887.96,3.49,99891.16,1.6163,99902.44,3.6786,99909.6,1.0243
1717221360,99868.28,0.2039,99866.11,1.073,99862.2,1.414,99858.83,0.138,99851.46,1.6179,99847.05,1.2493,99842.92,2.3614,99833.61,3.1825,99831.98,2.3582,99821.65,0.5061,99881.52,0.0883,99883.83,1.1919,99886.73,1.8859,99888.07,2.8625,99894.0,3.4331,99900.04,1.0855,99901.07,1.0047,99913.05,0.2725,99923.85,0.1788,99933.4,2.0123
1717221420,99898.52,1.6523,99895.66,0.8203,99892.54,1.9799,99888.35,2.5956,99886.05,2.3654,99879.57,3.2565,99874.94,2.2306,99870.72,1.6494,99864.95,0.4073,99860.92,1.1538,99911.82,0.9858,99913.35,0.5049,99914.96,0.6785,99916.88,2.9505,99924.16,2.6822,99929.92,2.3356,99939.59,3.9827,99945.49,0.0685,99955.39,3.6452,99958.7,1.7288
1717221480,99893.14,0.9612,99891.11,1.6486,99888.22,0.3845,99886.77,0.2291,99884.74,2.6648,99883.52,3.215,99876.56,0.3894,99865.32,3.7467,99852.52,3.1988,99848.23,2.7405,99898.4,1.1645,99900.59,1.7757,99904.32,0.9247,99906.05,0.4567,99913.4,3.8505,99920.25,2.1546,99927.19,3.8587,99938.4,2.0378,99949.59,3.4071,99964.18,3.713
1717221540,99905.8,1.5278,99903.9,1.7663,99901.65,1.0506,99896.02,2.2886,99892.15,2.0323,99887.65,0.056,99885.01,3.2494,99881.16,0.1968,99874.23,1.8984,99871.92,3.3719,99912.18,0.7915,99913.35,1.2116,99914.67,1.3135,99916.09,0.6397,99922.88,2.7006,99928.61,3.1679,99935.3,1.6997,99946.25,0.6102,99956.32,1.5745,99970.53,2.6844
1717221600,99909.78,0.1341,99908.07,1.4411,99906.17,1.5914,99901.21,1.6999,99897.91,0.1856,99889.71,2.5729,99887.03,1.1436,99876.2,2.7668,99868.22,1.3399,99861.94,0.437,99915.28,1.183,99918.0,1.3343,99921.24,0.4044,99925.44,3.5402,99932.46,2.811,99935.73,2.4432,99940.37,1.0021,99944.29,2.4511,99945.61,1.8177,99950.98,0.2684
1717221660,99914.07,0.3276,99911.11,0.7434,99907.45,1.6598,99904.41,2.1751,99902.6,2.0151,99897.01,3.1595,99893.9,2.1431,99887.04,2.0122,99878.37,3.5225,99875.44,1.0415,99920.09,1.9817,99922.6,0.9181,99925.61,0.8786,99929.73,0.263,99932.68,0.8657,99940.31,2.3501,99948.5,2.9018,99953.44,3.0244,99961.93,3.2613,99976.91,3.4938
1717221720,99911.13,1.4534,99908.34,0.7164,99903.91,0.1354,99901.64,2.2296,99900.02,1.3365,99892.38,0.0975,99889.81,3.6267,99885.75,1.2153,99882.94,0.507,99880.57,1.2784,99918.27,0.4268,99919.85,0.1051,99922.83,0.834,99924.15,3.0249,99928.3,3.6471,99935.28,3.0919,99937.48,1.0422,99944.4,3.0145,99953.28,2.1914,99967.67,2.9206
1717221780,99906.12,0.239,99904.96,0.5782,99902.15,1.9908,99897.21,3.3605,99892.17,3.6773,99886.16,3.7893,99879.97,2.4697,99873.05,3.221,99868.93,3.9013,99862.39,2.478,99916.64,1.8641,99918.4,0.6591,99922.53,0.2261,99925.23,1.0523,99928.27,2.643,99930.15,2.4587,99938.01,2.7213,99939.66,2.7529,99946.63,1.4517,99957.39,1.5321
1717221840,99908.89,0.2033,99906.52,0.1706,99902.61,1.0987,99897.75,3.2319,99895.41,1.2644,99891.12,2.8403,99888.93,2.0635,99885.07,1.4958,99883.37,1.9472,99881.68,2.3805,99914.59,0.6372,99915.86,1.0842,99918.89,0.3989,99921.36,1.5116,99924.8,3.4621,99932.08,2.9648,99938.37,1.7453,99944.84,0.2095,99955.71,1.0559,99956.91,3.1641
1717221900,99900.0,1.5247,99898.32,1.7903,99895.32,1.5759,99892.78,1.2825,99890.34,3.1272,99882.9,0.1253,99880.66,3.4296,99875.59,3.1977,99863.64,3.1353,99850.68,0.7455,99908.64,1.4162,99909.75,0.8232,99911.92,1.2361,99914.06,0.2243,99919.58,2.7043,99921.86,0.7551,99924.52,1.1835,99936.12,3.1948,99942.47,3.5266,99953.19,1.9011
1717221960,99885.09,0.8108,99883.88,0.3949,99880.4,0.2448,99877.54,3.8899,99873.27,3.8266,99868.0,2.0731,99863.31,0.2493,99853.95,3.9179,99852.76,1.9036,99844.53,1.5904,99896.23,1.9837,99897.49,1.7555,99899.09,1.2113,99904.8,1.7819,99910.91,0.0643,99918.32,1.79,99928.77,1.6401,99932.66,0.6648,99943.81,0.3138,99955.04,3.6789
1717222020,99882.65,1.5315,99880.69,0.4946,99878.48,1.198,99875.55,3.0127,99874.24,2.2209,99865.45,2.5459,99860.95,1.0663,99854.3,1.246,99851.75,2.2344,99840.24,2.0188,99889.93,0.756,99892.43,1.9025,99893.6,1.3679,99896.75,1.229,99900.13,2.6123,99903.84,0.5911,99906.71,3.5214,99908.94,3.7784,99911.86,2.8546,99919.13,3.0813
1717222080,99897.85,1.3802,99895.61,1.6404,99894.31,0.9049,99889.44,3.059,99886.86,1.1809,99880.73,2.9716,99875.08,0.1325,99864.54,2.2248,99858.8,0.6872,99856.78,1.9042,99912.63,1.3274,99913.75,1.7013,99916.88,0.8047,99919.11,0.1764,99922.25,2.545,99923.51,2.4394,99932.05,0.9259,99940.96,2.0171,99943.77,2.5003,99947.98,3.3926
1717222140,99875.89,1.7333,99873.31,1.4936,99870.51,1.4446,99867.53,1.9019,99864.67,3.621,99856.93,1.3879,99854.29,1.0239,99843.21,3.8225,99838.94,1.7157,99826.37,0.849,99921.63,0.7552,99922.76,1.2254,99924.52,1.4239,99928.29,0.0721,99933.75,3.0251,99941.15,2.6814,99944.44,2.3871,99947.06,1.8314,99954.34,2.6477,99967.57,2.944
1717222200,99896.28,1.1933,99894.25,0.3523,99890.15,1.3967,99888.84,3.9729,99885.8,2.3193,99883.74,1.9226,99880.13,1.8032,99877.62,1.5136,99876.16,0.3673,99864.96,2.3969,99905.54,0.7936,99907.05,0.5722,99911.21,1.6717,99915.45,2.3736,99917.51,0.9495,99923.06,0.4218,99933.33,3.9415,99941.58,2.0049,99947.48,3.2695,99961.69,2.2707
1717222260,99888.11,0.1463,99885.95,1.852,99884.37,0.2862,99879.29,0.0695,99876.79,3.557,99875.66,2.7697,99870.99,1.7415,99868.73,3.6411,99861.38,2.5292,99850.98,2.2369,99898.25,0.9877,99900.02,0.0718,99901.32,0.6262,99904.18,3.1895,99907.06,3.6699,99909.94,2.2166,99919.76,2.603,99927.81,0.3494,99935.19,0.199,99942.95,1.6903
1717222320,99893.13,0.4302,99891.51,1.7394,99888.45,1.6725,99883.5,0.1491,99881.21,3.0946,99880.07,3.3429,99875.23,0.7377,99870.16,3.2642,99857.37,3.8105,99848.13,1.7558,99904.55,0.0881,99906.93,0.9,99911.33,1.3535,99914.44,0.3772,99915.53,2.5927,99923.86,1.2034,99925.68,0.3703,99935.93,3.9725,99939.74,1.1359,99952.04,2.1712
1717222380,99883.97,1.2034,99881.43,0.9654,99878.6,0.0793,99873.73,3.0432,99869.94,2.1975,99866.58,0.5719,99860.51,2.2742,99852.67,0.6456,99844.08,3.1418,99835.69,2.1643,99898.19,1.0641,99900.46,0.2807,99903.31,1.3801,99907.52,3.1285,99908.99,0.1322,99916.41,1.7207,99920.86,3.3771,99928.12,3.5882,99929.42,2.3829,99932.19,3.7736
1717222440,99882.79,0.7491,99880.09,1.2806,99877.07,1.6705,99875.14,0.0686,99867.78,2.2177,99866.73,3.775,99857.21,1.4805,99854.68,0.3006,99847.92,1.3491,99842.52,3.8298,99895.43,0.941,99897.84,1.3584,99899.33,0.6288,99903.34,3.1384,99904.96,2.6952,99912.64,2.2102,99916.3,2.4381,99923.82,3.7605,99930.27,0.7163,99933.24,3.7727
1717222500,99885.04,1.6318,99882.28,1.8312,99880.35,1.4763,99878.02,0.5362,99871.67,1.393,99868.32,1.9496,99859.39,1.2827,99849.81,0.5144,99838.25,0.5747,99825.43,1.475,99894.54,1.4351,99895.58,1.4819,99896.8,0.8286,99902.42,3.5949,99906.09,3.8031,99910.76,0.853,99913.06,3.392,99919.23,0.7187,99922.26,2.2444,99927.86,2.8873
1717222560,99867.48,1.0643,99864.59,1.6428,99862.95,1.3933,99858.36,0.9691,99856.48,1.6845,99852.36,3.7365,99842.58,3.1814,99837.48,1.9311,99835.74,1.4122,99826.87,2.7951,99890.14,0.2284,99892.29,1.9507,99895.43,1.6955,99900.85,0.4457,99907.16,0.3538,99909.65,0.3327,99919.01,2.978,99922.51,3.2696,99933.43,0.2224,99942.41,0.8064
1717222620,99856.94,0.6621,99855.91,1.9161,99854.01,1.4163,99848.07,0.3556,99843.8,3.143,99838.3,1.3156,99834.52,3.2448,99831.97,2.2743,99825.11,2.3765,99816.09,3.4622,99866.24,0.3064,99867.75,1.9153,99871.44,0.8562,99876.1,3.8378,99882.25,2.0635,99884.38,1.9018,99893.03,3.2456,99894.94,3.6078,99905.0,0.2922,99909.61,0.1912
1717222680,99850.74,0.4825,99849.37,0.9631,99847.33,1.9431,99842.42,2.9162,99838.57,2.1008,99830.52,0.9754,99821.24,0.614,99814.41,1.6285,99810.0,2.1872,99808.46,1.7228,99861.84,1.1185,99864.82,1.9931,99868.94,1.8654,99872.45,2.1932,99879.74,1.2785,99882.57,3.6853,99891.15,2.5262,99901.49,1.6295,99904.22,0.1993,99909.89,1.7876
1717222740,99869.38,0.7522,99867.14,0.7373,99864.87,0.8243,99862.84,0.7393,99856.48,2.3803,99851.15,1.3399,99842.87,0.4375,99836.45,2.8024,99826.31,2.6677,99816.91,3.559,99874.88,0.2125,99876.08,1.5689,99880.38,0.2348,99886.31,0.0862,99889.44,1.1868,99897.98,2.7311,99899.49,2.8138,99902.34,0.1049,99912.31,1.4901,99916.58,3.2721
1717222800,99884.34,0.3954,99883.34,0.2113,99881.87,0.9036,99879.3,3.1776,99874.62,3.489,99873.14,0.6401,99868.17,3.2517,99857.07,0.325,99854.68,0.8662,99843.61,0.7405,99890.18,1.9349,99892.49,1.3885,99894.4,1.2857,99898.49,0.1376,99901.32,3.8239,99906.26,3.0623,99913.95,3.3797,99920.05,2.2075,99932.69,2.8361,99941.94,1.471
1717222860,99886.75,0.1782,99885.73,0.8157,99881.38,1.263,99875.53,3.0937,99874.45,2.7632,99868.82,0.022,99864.51,3.7514,99853.85,1.7193,99846.52,2.7979,99834.87,0.267,99899.25,1.2724,99902.07,1.9131,99906.54,0.7068,99910.61,3.5687,99917.85,1.4431,99924.93,0.9821,99929.48,2.2727,99932.09,1.4518,99933.98,0.2467,99948.47,2.2819
1717222920,99897.21,0.8855,99894.38,1.6573,99893.18,1.1161,99888.59,1.9152,99887.3,2.7849,99884.37,1.9211,99880.83,2.7241,99871.95,3.8261,99862.67,2.2854,99857.63,2.3284,99906.19,0.7812,99907.64,0.0554,99910.36,0.7851,99915.6,0.6371,99918.73,0.8797,99924.79,3.3155,99926.49,0.8579,99931.66,1.0279,99943.9,0.7427,99946.38,2.1536
1717222980,99916.12,1.8967,99913.72,0.3414,99909.95,0.65,99904.67,0.2883,99898.88,0.1375,99897.56,3.5812,99892.56,2.7103,99887.64,0.0324,99877.08,2.1686,99863.29,2.0466,99922.98,0.3454,99925.79,0.2224,99928.16,0.4789,99929.84,3.7108,99932.67,2.7166,99941.33,3.6949,99946.67,3.0194,99958.63,2.2304,99971.9,1.8101,99984.9,3.4442
1717223040,99913.38,0.8758,99912.05,0.1405,99907.71,0.5185,99903.35,3.5304,99897.17,3.5401,99895.04,1.4865,99889.09,0.3202,99883.01,1.8588,99881.7,2.3874,99880.69,1.7852,99924.32,0.7213,99925.64,1.4417,99928.57,0.4028,99931.73,3.8302,99933.37,3.1831,99940.18,0.692,99944.53,3.6424,99954.17,2.0938,99966.54,2.8939,99977.15,2.2665
1717223100,99918.63,0.4623,99916.89,1.123,99915.6,1.1977,99913.04,3.001,99907.55,1.8871,99900.92,0.3858,99894.64,0.1874,99893.08,3.9697,99887.84,0.953,99879.35,3.2351,99928.67,0.4711,99930.76,0.7821,99935.06,1.0416,99938.97,3.5979,99945.2,1.1117,99953.89,1.2509,99955.4,0.3929,99962.05,0.6808,99972.47,0.6584,99974.23,2.2093
1717223160,99910.0,1.6854,99908.54,1.3418,99907.0,0.5413,99904.61,1.9542,99901.8,0.8536,99899.75,2.9997,99893.76,0.4477,99888.12,3.8144,99882.62,2.4137,99878.88,0.0507,99921.26,1.2732,99922.29,0.1204,99924.01,0.1489,99929.7,2.7866,99932.12,0.5335,99938.86,1.9971,99947.94,0.5175,99958.57,0.9824,99968.54,0.1753,99980.42,0.5313
1717223220,99910.83,0.5443,99909.44,1.3803,99905.55,0.7216,99900.58,0.9309,99894.2,1.8331,99890.35,3.6133,99888.44,2.1537,99885.99,0.2934,99884.7,0.656,99875.33,1.6687,99916.31,1.3873,99918.79,0.9659,99921.12,1.2358,99926.42,0.6449,99932.29,2.1282,99934.24,3.1428,99937.75,3.3702,99946.91,3.2865,99948.75,1.5545,99952.02,2.2743
1717223280,99925.67,0.9994,99923.67,0.7654,99920.72,0.7687,99915.51,3.3673,99908.61,1.8474,99901.59,3.5648,99896.95,2.8047,99885.72,0.3456,99878.32,1.5809,99872.25,1.2198,99931.85,1.538,99933.36,1.3293,99935.9,0.8914,99941.8,2.7426,99946.73,0.7624,99949.53,1.6732,99950.61,2.5924,99955.76,1.8199,99958.38,0.6841,99961.26,3.5294
1717223340,99918.21,0.4721,99916.39,0.318,99912.49,0.7199,99908.21,2.7848,99905.48,0.6137,99899.05,3.4021,99892.0,3.8203,99885.13,1.977,99871.8,3.802,99862.16,2.9622,99924.67,0.3377,99926.15,0.6567,99930.02,0.215,99934.03,2.734,99936.74,0.812,99940.45,0.9653,99942.72,3.8631,99954.61,3.7895,99967.78,0.7548,99973.9,0.2398
1717223400,99915.31,0.4445,99912.68,1.6274,99910.84,0.2034,99905.66,3.3949,99901.23,1.6286,99897.23,2.8779,99892.72,1.8729,99883.72,3.6654,99875.67,1.0816,99870.04,1.8196,99922.91,1.7951,99925.5,0.5731,99929.21,1.8079,99933.39,3.7885,99936.73,0.9673,99940.69,1.894,99949.84,1.5782,99961.08,2.3826,99968.37,3.8495,99970.26,0.8424
1717223460,99926.66,0.7714,99924.59,1.8211,99921.58,1.8543,99915.9,3.6691,99912.91,0.3593,99909.18,3.0441,99902.51,1.2992,99891.17,2.3071,99885.21,3.3785,99881.67,3.4153,99935.1,0.9337,99938.06,0.3166,99940.35,1.4489,99946.29,1.0701,99949.79,3.7332,99953.07,3.9908,99963.13,2.6062,99970.55,0.9988,99982.77,3.7644,99995.2,1.211
1717223520,99913.94,0.1589,99911.81,0.479,99908.11,0.4907,99902.31,2.7259,99901.19,2.1413,99894.7,0.4967,99884.77,3.2896,99873.65,0.5769,99871.15,1.4798,99862.46,0.3786,99926.12,0.5977,99927.43,0.7574,99931.83,0.5948,99937.31,1.7375,99944.2,3.1921,99947.27,3.3781,99954.45,2.7181,99955.99,1.9939,99965.02,0.6628,99975.1,3.2653
1717223580,99897.65,1.7569,99895.01,0.484,99892.45,0.9333,99888.57,1.6072,99885.46,0.7613,99880.72,0.4548,99871.06,2.5864,99869.55,3.0551,99859.8,3.263,99847.4,3.7304,99910.61,1.8588,99912.34,1.3157,99915.65,0.139,99916.78,0.6164,99923.34,0.7209,99925.37,1.2437,99929.4,2.6536,99940.8,0.4885,99942.13,1.2115,99956.68,2.7723
1717223640,99907.51,1.0817,99905.25,0.2193,99900.78,1.8214,99898.79,0.8005,99893.74,1.4107,99891.51,3.1045,99888.83,2.8862,99881.22,0.7541,99871.15,3.4252,99859.17,1.3824,99920.15,1.9344,99921.85,1.7918,99925.16,0.4658,99927.34,0.6842,99932.49,3.0857,99937.04,2.8002,99939.84,2.0936,99947.53,0.0157,99953.07,1.9,99963.78,3.5787
1717223700,99908.99,0.4919,99907.14,1.0392,99902.73,0.9656,99901.28,0.2053,99893.93,0.1918,99891.43,2.4325,99882.95,0.492,99876.38,0.642,99864.72,1.5307,99862.33,1.9707,99916.25,0.2446,99918.54,1.9067,99922.97,0.4834,99928.79,2.7143,99933.89,0.7397,99935.61,3.4375,99942.94,3.3688,99948.72,2.8327,99953.0,3.4395,99964.91,1.9191
1717223760,99916.23,0.4591,99913.29,0.4725,99909.87,0.3479,99904.11,3.6794,99899.81,2.5426,99892.77,1.1752,99882.3,1.391,99870.4,3.4337,99862.33,2.8722,99852.02,2.7445,99922.55,0.3983,99925.47,0.8398,99927.79,1.6511,99931.88,3.9723,99934.25,2.6278,99942.45,0.9766,99951.97,3.1635,99958.24,3.197,99960.07,2.5945,99968.51,1.0935
1717223820,99912.0,0.5108,99910.03,0.6647,99906.03,1.9021,99901.17,2.6163,99898.06,0.0641,99891.78,0.8868,99887.12,1.6112,99885.49,3.1403,99876.19,0.9247,99863.6,1.8994,99918.04,0.1734,99920.5,1.592,99921.66,0.6709,99925.5,3.1991,99932.59,2.6422,99936.54,1.7182,99944.38,0.2974,99951.61,3.6741,99956.89,1.7188,99958.12,3.734
1717223880,99910.03,0.4625,99908.39,1.1169,99906.14,0.4105,99902.75,0.0121,99900.86,1.0219,99896.38,0.6416,99895.24,2.4948,99887.07,0.3934,99876.96,0.3683,99871.65,3.7638,99920.95,1.5162,99922.81,1.8959,99925.22,1.0874,99929.46,1.6299,99934.14,2.0976,99936.87,0.6682,99942.53,1.9407,99944.4,2.4117,99955.04,0.5361,99965.16,2.7031
1717223940,99900.19,1.9295,99898.12,0.9766,99895.21,0.7372,99890.01,3.7445,99882.9,2.7429,99874.7,2.7962,99870.76,0.47,99868.75,3.0822,99863.64,0.7616,99849.29,2.6917,99912.15,1.292,99913.51,0.2931,99914.67,0.2861,99916.02,3.3702,99922.05,1.9503,99926.08,3.9728,99932.43,1.8298,99943.57,1.925,99953.45,0.0148,99960.35,2.2494
1717224000,99897.32,0.8988,99895.52,1.1662,99892.44,1.8505,99887.02,0.3652,99880.71,1.5488,99876.93,2.7656,99875.61,3.433,99874.25,1.6328,99868.84,2.7991,99861.25,0.1602,99908.98,1.9514,99911.11,1.2521,99915.48,0.9107,99917.03,2.5436,99922.26,0.558,99928.82,0.8987,99931.78,2.7819,99939.31,2.8789,99942.55,1.4056,99945.81,0.6528
1717224060,99904.0,1.9755,99901.29,1.2475,99897.09,1.2605,99893.29,2.284,99890.11,1.5799,99881.73,1.6617,99876.6,1.2012,99871.96,1.0543,99859.7,3.6941,99848.27,1.2365,99912.0,0.1923,99914.79,1.2434,99917.18,1.8596,99921.12,3.0144,99923.7,2.8257,99931.56,1.1104,99936.84,0.9134,99947.53,3.5095,99951.83,2.108,99962.3,2.633
1717224120,99916.91,0.69,99915.07,1.2306,99912.4,1.8736,99906.46,2.6793,99901.99,3.0844,99896.81,3.434,99893.25,1.0042,99891.11,0.0418,99878.94,2.2883,99876.13,2.7682,99922.39,0.9835,99923.48,0.6873,99927.62,1.0612,99929.59,2.5249,99935.69,1.4885,99940.47,2.3466,99949.63,0.5114,99953.32,0.1812,99957.79,1.737,99963.06,3.7163
1717224180,99914.86,1.6548,99913.58,1.4877,99911.33,0.3159,99909.76,2.938,99905.76,3.4353,99897.84,2.1198,99891.19,0.7694,99883.79,2.5157,99872.29,3.8557,99863.52,1.7267,99925.52,1.8493,99927.74,1.8915,99929.65,0.753,99932.14,1.0449,99935.27,1.5577,99936.95,0.8991,99943.1,1.4902,99953.83,1.1935,99957.13,3.317,99960.33,2.6863
1717224240,99914.52,0.9422,99913.15,0.8428,99909.86,0.0865,99907.7,1.8085,99902.93,2.0227,99896.39,3.206,99891.62,3.288,99881.48,0.1404,99870.59,3.9544,99860.47,2.8459,99921.46,1.1597,99923.02,1.5189,99927.38,0.3483,99932.4,0.3678,99937.71,1.9543,99945.82,0.267,99949.33,3.9743,99953.65,3.3675,99955.38,0.9212,99967.5,3.3405
1717224300,99914.55,1.2385,99912.99,0.8121,99911.36,1.5156,99906.71,3.018,99900.77,0.8039,99898.71,3.9761,99891.78,0.9428,99889.28,0.5464,99883.27,3.9661,99879.25,3.5125,99927.71,0.4779,99929.22,0.9635,99930.45,1.3999,99934.81,1.7168,99938.77,3.7319,99939.86,3.4251,99942.21,1.9188,99949.92,3.0061,99954.86,3.5956,99956.65,1.1192
1717224360,99906.76,0.3874,99905.3,1.1844,99901.6,1.6413,99899.75,0.1259,99896.99,3.6724,99889.65,0.1962,99883.52,1.8392,99872.11,3.2002,99860.99,3.1907,99847.15,0.0754,99921.18,0.3679,99922.51,1.6043,99924.53,1.7681,99925.82,3.2592,99931.52,3.666,99934.59,3.5336,99939.98,3.107,99942.1,3.6702,99951.13,2.767,99956.62,1.0492
1717224420,99917.93,1.7314,99915.08,0.1476,99912.82,1.1062,99909.14,3.6828,99907.13,2.7138,99901.1,1.3645,99891.82,0.2657,99889.11,2.3992,99878.07,2.3439,99867.44,1.5473,99928.93,0.5994,99930.44,1.0389,99934.03,1.897,99937.46,2.5125,99941.39,3.08,99943.0,0.7534,99945.23,0.353,99946.75,2.1284,99959.83,0.1774,99970.58,3.9303
1717224480,99916.25,0.1475,99913.42,1.9532,99912.16,1.7174,99906.84,1.9441,99901.34,3.1938,99892.88,2.3971,99888.53,2.3552,99880.71,1.0148,99875.28,2.3967,99863.98,3.5906,99928.67,0.2489,99930.02,1.8154,99934.33,1.5095,99936.58,2.2346,99938.76,0.0956,99946.62,0.6071,99948.69,0.7128,99957.16,2.7435,99961.42,3.5175,99967.77,3.8329
1717224540,99906.48,1.1022,99905.09,1.9535,99903.06,0.9135,99897.53,0.0839,99893.27,2.0791,99888.2,2.3246,99884.06,1.0911,99882.83,0.6732,99871.08,2.4593,99864.79,2.0349,99911.5,1.2436,99914.25,0.4195,99917.64,1.0188,99921.76,3.6161,99925.34,2.5423,99928.01,3.791,99934.69,1.273,99938.26,0.7481,99950.77,1.9019,99962.9,0.6485
1717224600,99895.91,1.7774,99894.21,0.2132,99890.38,0.311,99886.11,2.2951,99879.08,0.6121,99875.79,0.2946,99866.01,3.8207,99856.56,0.8813,99853.66,1.2778,99842.06,2.8075,99905.09,0.9,99907.02,1.4544,99908.56,0.8468,99913.69,2.8937,99919.01,3.8163,99920.35,1.5142,99924.53,1.0442,99931.19,2.5888,99939.08,0.3974,99942.95,0.4368
1717224660,99889.28,0.5816,99887.21,1.7094,99883.75,0.3562,99878.65,0.344,99872.12,0.3865,99864.49,3.1306,99859.96,1.1913,99851.67,3.5349,99841.78,2.1579,99828.6,2.1783,99894.68,1.9833,99896.28,0.0665,99899.95,0.264,99902.58,2.2295,99903.96,1.2441,99907.41,0.5429,99916.36,0.0138,99926.1,0.7189,99938.7,3.6631,99946.67,2.5567
1717224720,99885.66,1.5631,99882.74,1.2937,99880.75,1.7469,99876.01,3.1025,99874.24,1.747,99872.2,1.1918,99869.49,2.446,99860.63,1.7501,99857.82,0.3097,99854.25,1.2295,99895.86,0.6044,99898.08,1.0872,99901.87,0.2699,99906.53,3.7513,99913.49,2.2777,99921.39,3.4647,99923.24,3.4522,99929.16,3.3033,99935.23,2.4415,99949.91,1.118
1717224780,99885.07,1.4117,99883.85,1.1216,99882.65,1.7566,99879.54,0.0935,99874.06,0.6807,99873.05,0.0315,99863.15,2.9945,99856.22,0.7816,99850.27,3.4931,99849.22,2.5309,99891.67,0.3999,99893.16,1.0824,99894.98,1.4341,99900.66,2.2171,99902.71,1.6775,99910.19,0.692,99918.59,3.0716,99920.27,1.8099,99927.95,1.7345,99940.46,3.0276
1717224840,99881.38,1.1338,99878.6,1.7699,99875.85,1.7913,99871.48,3.5322,99869.15,3.2601,99864.89,2.9905,99859.09,2.5436,99848.37,3.8543,99835.96,3.0027,99824.21,0.7164,99888.16,0.5333,99890.26,1.932,99891.64,1.9476,99893.59,2.6587,99899.74,0.8125,99902.54,2.439,99904.48,2.1669,99911.07,3.8836,99916.44,0.7555,99927.76,2.916
1717224900,99872.47,1.5403,99869.59,0.0886,99865.25,0.9904,99862.33,2.6061,99858.58,2.5203,99854.62,2.3322,99853.56,3.5964,99846.64,0.4108,99837.46,1.0729,99825.68,2.4885,99884.55,0.917,99886.37,0.9483,99889.13,0.2658,99894.98,1.6818,99901.53,2.5766,99906.85,1.2026,99914.13,0.721,99922.56,3.9628,99933.84,0.6112,99940.31,1.4809
1717224960,99884.77,0.3831,99882.03,1.1708,99880.7,0.6812,99878.68,2.4708,99873.82,3.5655,99871.52,1.3113,99864.8,2.6879,99856.89,0.046,99850.34,1.1985,99847.43,3.448,99893.61,0.5728,99895.56,1.5414,99898.0,1.201,99903.99,0.2611,99907.83,2.4788,99912.71,2.2541,99918.96,2.3852,99923.34,2.7221,99927.53,1.4143,99937.18,2.2882
1717225020,99893.86,1.6153,99891.26,1.7016,99889.86,0.951,99887.42,1.8388,99880.28,1.38,99876.09,2.3303,99867.41,0.4362,99862.22,3.1079,99854.55,1.0682,99849.13,3.1714,99903.96,1.298,99906.57,1.7579,99908.72,0.3833,99913.89,3.9465,99915.96,0.5668,99920.63,1.5929,99924.38,2.4113,99926.06,3.3611,99929.3,2.1432,99933.83,2.0851
1717225080,99863.27,1.1676,99861.89,1.3482,99860.75,0.9908,99856.41,2.168,99853.87,2.3841,99849.08,3.3353,99841.02,0.4329,99836.19,3.9371,99832.24,0.606,99817.8,3.1553,99909.59,0.1421,99911.02,1.3753,99914.54,1.5316,99917.55,2.3728,99924.2,2.3898,99930.36,0.079,99940.56,1.4362,99944.78,2.2363,99955.37,0.7744,99962.51,2.17
1717225140,99879.36,1.1605,99877.35,0.9857,99873.83,0.088,99872.24,1.8937,99868.55,2.5745,99867.27,0.4609,99859.14,1.7166,99848.37,0.5003,99844.48,3.6765,99839.24,3.876,99888.68,1.2108,99889.77,0.9937,99893.09,1.9116,99896.89,3.7172,99903.21,1.5032,99906.62,0.1641,99908.96,3.1147,99911.25,3.6415,99919.89,1.7504,99927.58,1.2686
1717225200,99863.82,0.4026,99861.6,0.697,99859.85,1.2886,99855.55,1.7639,99854.36,2.0006,99849.51,1.5613,99843.37,2.7421,99838.79,2.3932,99830.28,1.3118,99827.93,3.2981,99878.2,0.4892,99879.21,1.6694,99883.61,0.6106,99888.25,0.8805,99890.33,3.3173,99898.52,0.2349,99906.56,1.5836,99914.81,3.7866,99927.44,0.2813,99938.48,1.8945
1717225260,99875.87,0.9535,99874.56,1.5562,99871.68,1.1139,99869.45,1.3926,99866.36,2.7037,99860.93,0.6922,99854.38,1.228,99845.88,1.3916,99835.97,1.2574,99829.29,3.9102,99887.21,0.7681,99888.38,0.1798,99890.55,0.1518,99895.81,0.1982,99898.82,0.3801,99903.4,1.236,99908.88,3.0611,99916.91,1.4329,99919.67,1.7591,99928.08,2.976
1717225320,99880.04,0.9494,99878.33,0.6355,99874.51,1.1636,99872.51,1.1646,99865.65,0.8207,99861.98,1.9584,99855.91,0.8968,99853.54,0.8789,99851.5,3.1522,99840.86,0.9662,99892.94,1.841,99895.9,0.8829,99897.03,0.9751,99900.71,0.7086,99907.65,0.2826,99915.0,1.9249,99920.51,0.0485,99930.61,1.7448,99935.56,0.2598,99939.11,1.7862
1717225380,99880.74,1.8568,99878.28,0.9911,99874.46,1.0481,99872.95,2.2625,99871.26,1.7052,99866.43,1.1772,99857.17,1.9913,99848.08,1.7763,99842.35,0.6587,99830.02,2.3595,99892.34,0.6553,99893.76,0.8223,99896.82,1.1724,99902.26,2.5201,99906.05,3.887,99909.79,2.4423,99916.25,3.1633,99924.83,0.4575,99932.49,2.2209,99940.2,2.314
1717225440,99871.07,1.4323,99869.74,1.4233,99866.85,0.8487,99863.24,3.6194,99861.13,1.1863,99857.92,3.7522,99849.54,1.1972,99840.28,3.6048,99830.91,2.8995,99821.75,1.7578,99885.39,1.7598,99888.04,1.7852,99890.19,1.4345,99892.93,2.0844,99900.08,2.9702,99907.82,0.2149,99910.18,1.77,99917.6,2.9272,99926.22,3.5898,99939.06,3.356
1717225500,99879.31,1.2966,99876.5,0.9311,99875.21,0.0781,99872.57,2.3266,99869.62,3.8623,99861.22,3.2454,99852.71,3.1813,99849.45,1.9904,99837.52,2.0971,99831.05,2.0982,99889.71,1.4659,99891.99,0.4593,99894.75,1.5164,99899.99,0.4652,99901.52,0.9906,99910.41,1.9718,99916.53,1.1077,99927.61,2.31,99939.7,0.1004,99951.83,2.6302
1717225560,99873.16,1.6996,99870.49,0.9183,99867.47,0.7723,99865.73,3.4472,99858.72,2.345,99855.96,3.1594,99854.11,3.3179,99849.66,2.0233,99839.28,3.0206,99831.77,2.9985,99883.88,1.3544,99885.27,1.363,99886.34,1.5016,99887.95,0.9721,99892.75,0.0516,99901.42,2.1352,99910.52,3.9392,99914.9,2.5888,99919.84,0.4938,99930.97,0.1786
1717225620,99885.81,1.6053,99883.1,1.4485,99881.95,0.6891,99876.55,1.2044,99870.91,0.8343,99869.35,1.3796,99861.73,3.1502,99855.27,1.5227,99849.24,3.6609,99847.14,2.7639,99899.07,1.2192,99901.21,0.4575,99903.05,1.2564,99907.58,2.5103,99912.11,3.902,99920.93,3.3678,99926.01,1.4732,99937.53,1.8069,99941.61,2.6061,99954.66,3.2834
1717225680,99893.29,0.7261,99890.54,0.2475,99888.52,0.8161,99884.13,0.1799,99882.25,2.0372,99879.33,1.9498,99873.99,3.4225,99867.0,1.6931,99856.43,1.5191,99855.37,3.6573,99900.15,1.0664,99901.91,0.547,99903.15,1.4244,99906.21,0.1495,99907.89,3.9967,99912.58,3.7957,99919.61,0.8269,99926.5,3.2744,99938.99,1.6443,99943.71,3.9015
1717225740,99882.89,1.1164,99881.62,1.9613,99880.59,0.3283,99877.49,1.6947,99870.42,2.0413,99868.6,2.5387,99861.18,1.8186,99854.36,2.3203,99845.96,3.179,99831.99,2.3056,99922.97,0.1376,99924.96,0.5572,99928.61,1.839,99933.91,2.5105,99939.41,0.0243,99941.8,2.0276,99950.05,1.1201,99957.8,1.8228,99962.17,1.2864,99976.62,0.4564
1717225800,99904.6,1.0984,99901.81,0.3148,99899.1,0.9343,99893.65,0.0949,99886.36,3.2261,99877.69,3.9406,99869.19,3.0327,99858.96,3.2848,99848.26,3.065,99846.77,1.2272,99917.26,1.0326,99919.31,0.1768,99922.03,1.1193,99925.25,2.9922,99932.5,0.8976,99935.37,1.6248,99943.6,1.8035,99953.73,0.3862,99963.69,2.4241,99973.41,0.4597
1717225860,99906.04,1.753,99903.1,0.4133,99901.65,0.3098,99899.33,0.6758,99898.07,1.0552,99891.83,0.6898,99882.57,3.5788,99874.85,2.8994,99869.39,1.8527,99868.29,3.0343,99919.3,0.1604,99921.68,1.3945,99925.62,0.5806,99929.44,0.6466,99932.85,3.1253,99940.58,2.5766,99942.14,1.9361,99949.92,0.4042,99958.85,0.5863,99970.36,2.1805
1717225920,99909.51,0.9756,99907.02,1.9668,99902.99,1.17,99900.97,0.718,99899.46,1.9891,99896.07,0.5852,99892.32,1.0674,99881.53,2.5863,99877.86,1.6827,99875.34,3.3155,99921.87,0.4252,99923.64,0.8917,99927.04,0.4695,99930.42,0.6057,99934.01,2.7809,99936.37,3.7377,99938.81,0.1502,99946.35,3.1199,99950.3,3.5741,99957.1,0.5508
1717225980,99909.59,1.1876,99908.57,0.9565,99905.45,0.1085,99903.97,0.9811,99900.81,3.1938,99892.08,0.1137,99886.7,2.4652,99884.71,3.013,99883.28,1.8114,99880.04,0.4455,99924.17,0.7923,99925.25,1.0432,99929.35,1.3274,99932.83,0.7507,99933.99,3.2963,99937.52,3.689,99945.87,2.9765,99955.58,3.9952,99957.97,0.6771,99970.28,3.858
1717226040,99920.84,0.5275,99919.73,1.9578,99915.84,1.5312,99913.38,3.1482,99906.51,0.7428,99904.36,2.5953,99903.21,1.3759,99899.85,2.355,99889.41,0.5762,99878.15,3.7467,99948.54,1.1875,99950.15,1.6554,99953.94,0.9752,99955.84,2.4719,99958.2,0.7387,99964.33,1.419,99966.23,3.6926,99972.4,0.3248,99979.22,3.2752,99990.3,0.1062
1717226100,99965.81,1.663,99964.09,1.1031,99962.7,0.1223,99961.17,2.3041,99959.45,3.8208,99954.16,3.6895,99952.29,3.2236,99945.35,1.6244,99934.88,1.1493,99925.39,2.1481,99980.29,0.984,99982.15,1.7637,99986.58,1.3652,99988.21,1.8598,99995.71,3.6323,100000.71,1.0842,100006.04,0.1043,100015.28,1.7589,100024.5,3.9059,100039.17,0.447
1717226160,99972.17,0.3047,99970.3,0.135,99967.88,1.4871,99963.06,3.7338,99957.07,3.7701,99954.45,2.4356,99946.52,0.5202,99943.34,1.3109,99939.46,2.1659,99931.33,1.089,99985.63,0.1262,99986.95,0.4868,99991.32,0.8499,99993.7,0.7581,99999.34,0.0488,100000.87,0.6743,100008.93,1.9718,100020.26,0.6021,100021.44,3.6116,100022.46,0.8405
1717226220,99960.14,1.062,99958.64,0.6188,99955.14,0.8364,99952.95,0.4538,99951.91,2.0695,99946.34,3.1148,99935.85,0.4941,99933.54,3.1953,99932.25,3.8202,99919.34,1.5441,99965.32,1.2742,99967.96,0.3208,99970.69,1.8709,99975.4,2.3321,99979.86,3.0956,99986.67,2.9627,99993.54,1.5589,100000.5,2.9349,100005.25,3.9561,100019.57,3.7718
1717226280,99951.03,0.5531,99949.54,0.1488,99945.32,1.6411,99939.45,2.065,99934.01,1.0037,99932.06,0.3962,99923.12,3.8128,99921.22,0.3935,99909.19,1.2802,99898.92,2.2256,99960.83,0.5553,99962.83,1.5305,99967.2,0.6526,99973.07,0.7646,99975.75,3.393,99976.85,1.4584,99980.93,0.9643,99986.47,0.1296,99991.49,3.7744,100000.99,1.009
1717226340,99951.84,0.8923,99950.54,0.1547,99949.34,0.319,99943.93,2.8869,99937.67,2.8283,99932.35,0.3755,99926.54,3.6834,99918.36,2.0582,99909.9,3.0706,99895.35,0.6057,99965.48,0.3244,99967.54,1.0266,99968.79,0.5611,99971.41,0.5524,99973.89,3.6518,99979.99,0.7787,99983.95,3.8046,99987.39,3.983,99988.61,1.1857,99991.84,0.3879
1717226400,99948.09,0.6974,99945.99,1.3889,99941.71,1.2753,99936.78,3.8985,99933.53,0.0814,99927.2,3.5701,99925.12,0.1365,99919.01,0.6998,99917.31,1.7116,99915.98,0.3502,99958.61,1.0686,99960.53,0.1078,99964.06,1.504,99965.94,3.9346,99967.76,2.9427,99976.17,1.7146,99980.5,0.5091,99988.7,1.0653,99996.36,1.5033,100004.33,1.7232
1717226460,99949.65,1.7879,99946.82,1.5201,99944.73,1.4645,99938.88,1.2288,99936.72,0.5859,99932.2,3.9504,99923.11,1.2064,99913.03,0.1104,99904.26,1.3383,99903.16,2.0019,99962.79,1.2705,99964.2,1.4772,99966.92,0.3404,99969.1,2.2378,99972.84,1.9698,99977.12,0.6846,99987.05,3.0299,99996.29,0.5136,100003.03,3.8113,100009.55,3.9476
1717226520,99943.4,0.8055,99941.7,1.4126,99939.3,0.3477,99937.65,3.9344,99930.43,2.4894,99925.9,3.9912,99916.8,1.7736,99906.38,1.0856,99897.59,1.8985,99884.97,2.6529,99955.44,1.2963,99957.16,0.1212,99961.58,0.2623,99965.13,2.0074,99969.27,1.2123,99971.43,0.9488,99980.64,3.2487,99985.03,1.2359,99991.27,2.9583,99997.56,0.6179
1717226580,99949.16,0.894,99947.65,1.4896,99945.41,0.746,99941.53,0.6965,99934.23,2.6431,99931.02,1.1394,99922.24,3.068,99920.13,2.8439,99912.97,0.7903,99904.26,2.1295,99962.06,0.0549,99964.4,0.5053,99966.19,1.3705,99971.13,2.0068,99977.75,3.2271,99984.54,2.1177,99988.17,3.2075,99995.08,3.9724,100001.14,3.466,100002.4,3.3885
1717226640,99929.92,0.3639,99927.16,0.6565,99923.87,0.594,99918.86,0.7541,99912.24,0.4827,99908.03,1.2507,99899.97,2.1163,99898.92,3.7844,99891.71,0.4109,99880.49,3.4905,99936.74,1.9755,99938.15,0.1718,99941.59,0.2548,99944.82,3.314,99949.87,3.6506,99951.27,0.367,99954.89,3.7541,99958.2,3.6767,99965.14,0.4759,99967.63,2.7625
1717226700,99917.27,1.3219,99915.44,1.5723,99914.07,1.2792,99911.13,3.71,99905.19,3.7602,99898.72,2.4712,99890.58,0.2132,99884.0,0.4031,99874.9,3.3832,99865.0,3.2877,99926.93,0.7611,99927.95,0.2849,99929.67,0.9032,99931.79,2.1251,99937.38,0.1003,99945.76,2.2369,99953.18,3.3501,99959.93,0.0238,99962.65,1.8772,99974.3,2.8631
1717226760,99915.73,0.1036,99913.35,0.2666,99910.19,1.9531,99908.42,3.5761,99903.02,3.5177,99897.32,3.9515,99893.93,1.9667,99891.6,0.7999,99886.37,0.9145,99879.1,1.6827,99921.79,1.8044,99922.8,1.6066,99925.72,1.3638,99930.3,1.4717,99933.59,3.4699,99938.59,0.0688,99945.78,2.6798,99950.0,3.1956,99952.69,3.5066,99967.19,0.6575
1717226820,99910.86,1.987,99908.66,1.5387,99905.72,1.7015,99903.43,2.6689,99902.3,3.2054,99895.84,1.4325,99890.69,2.7635,99886.98,3.4003,99874.55,1.4651,99863.07,3.5111,99916.24,0.6776,99918.71,1.6855,99922.84,1.6557,99925.78,0.0276,99932.82,0.8782,99936.73,3.9171,99946.8,2.5986,99956.23,3.5722,99959.19,3.3957,99970.03,2.7824
1717226880,99908.25,0.6127,99905.54,1.0316,99903.77,0.0699,99898.2,2.957,99893.3,3.2399,99885.79,1.2724,99882.61,0.598,99877.56,0.2944,99870.61,1.4653,99858.3,2.2047,99919.03,0.6171,99921.46,0.5279,99924.79,1.8747,99930.11,0.9384,99934.68,0.383,99938.29,3.2825,99947.65,1.1118,99954.14,1.0457,99967.56,1.9674,99980.04,2.345
1717226940,99907.18,0.5312,99905.51,1.5017,99901.31,0.2668,99897.58,0.3147,99893.66,1.9758,99886.2,0.5446,99879.57,3.0627,99873.1,0.4029,99867.57,0.6275,99854.61,2.5616,99915.38,1.6336,99917.3,0.4928,99919.65,0.3493,99924.58,1.7462,99930.38,3.9632,99937.55,1.6972,99942.95,0.574,99947.88,1.7718,99949.23,0.8223,99961.8,1.8607
1717227000,99910.6,0.9873,99907.61,1.5176,99904.93,1.4592,99902.84,1.9518,99899.85,0.9208,99898.72,0.751,99893.52,3.2871,99883.27,2.018,99878.22,1.8415,99874.68,0.2087,99923.14,0.698,99925.68,0.8191,99928.53,1.9635,99934.0,0.7519,99938.35,1.208,99939.72,1.6723,99943.1,0.051,99951.28,1.5152,99954.86,1.9182,99956.81,3.341
1717227060,99907.19,1.9354,99905.39,0.8643,99903.9,1.2273,99901.81,2.1208,99896.12,3.3452,99890.26,1.6317,99882.88,0.1305,99878.98,3.6749,99871.44,1.5796,99860.93,0.7137,99919.45,1.5713,99922.0,0.5564,99924.22,0.0995,99927.84,3.3386,99933.86,1.9023,99939.48,2.9714,99949.57,1.3162,99959.97,1.722,99964.18,0.0452,99967.87,2.6284
1717227120,99900.49,1.0254,99897.73,1.0246,99895.54,0.5466,99892.36,0.3171,99886.78,0.1202,99879.13,2.1126,99876.73,0.7319,99873.42,1.6157,99861.95,1.8272,99858.07,0.2479,99912.85,1.8902,99914.14,0.2514,99917.81,1.68,99922.96,2.6085,99927.15,2.4309,99935.9,0.4354,99938.46,3.12,99941.19,3.5333,99946.84,1.1629,99959.56,1.6226
1717227180,99903.33,0.252,99901.48,1.1782,99899.75,1.7201,99897.86,0.1281,99895.69,1.6587,99887.0,2.2789,99880.78,0.3917,99869.01,1.0719,99859.52,1.0819,99846.92,0.2516,99928.61,1.7433,99930.51,1.7729,99934.17,1.8471,99939.2,0.3307,99946.21,1.7881,99953.43,3.5538,99960.94,3.766,99965.15,0.8012,99968.46,3.3422,99972.03,3.6681
1717227240,99910.94,1.6263,99909.62,0.5933,99907.07,1.9588,99901.49,0.0313,99899.04,2.2557,99892.11,3.0274,99888.02,0.2529,99877.33,2.467,99868.67,3.9467,99863.12,2.7985,99917.08,1.2292,99918.33,1.4164,99922.8,1.0118,99926.51,0.3572,99933.32,0.4803,99937.43,1.3988,99938.88,3.9,99946.07,1.7227,99948.64,1.7275,99955.52,1.5866
1717227300,99895.82,1.1283,99894.21,1.9556,99891.15,0.5663,99886.41,2.3497,99885.26,2.8939,99880.21,2.1891,99876.35,0.0211,99867.12,3.9749,99856.7,3.3875,99855.4,0.1879,99909.46,1.444,99910.67,1.9217,99914.62,1.2103,99916.45,3.0889,99923.33,3.1088,99931.88,3.5296,99935.15,0.14,99939.0,2.294,99940.43,0.9084,99954.01,1.4005
1717227360,99909.78,0.3772,99908.06,0.1294,99904.23,1.8164,99899.2,1.3828,99891.88,0.463,99883.8,0.9127,99879.59,1.321,99870.69,3.5909,99866.87,1.6252,99858.81,2.222,99914.84,1.4055,99916.26,0.4276,99919.97,0.4259,99921.78,3.4007,99925.34,0.6612,99929.76,0.0389,99935.86,1.3938,99945.08,2.1581,99954.14,0.4986,99966.78,3.1568
1717227420,99899.01,0.1622,99896.45,1.5151,99894.07,1.82,99890.02,2.463,99882.83,0.4804,99879.89,1.9907,99877.01,1.9297,99872.61,1.4931,99869.61,3.6266,99863.23,2.3852,99912.81,1.2998,99914.94,1.8083,99917.14,1.9727,99918.63,0.5384,99922.2,0.3133,99925.03,1.9317,99928.24,1.6091,99939.62,3.4213,99944.05,1.2808,99954.4,2.0397
1717227480,99891.69,1.8161,99889.29,1.7862,99886.8,0.9247,99881.97,0.1155,99877.25,0.6418,99870.32,2.1369,99866.77,3.4995,99862.79,0.7723,99852.98,0.2606,99842.3,3.4416,99897.71,0.6697,99899.25,1.4536,99900.74,1.1847,99902.27,0.9587,99908.73,2.0745,99913.27,3.6701,99918.65,0.5672,99924.77,3.8956,99930.45,2.9676,99943.49,0.6218
1717227540,99882.64,0.546,99880.04,0.6766,99875.78,1.5929,99871.83,2.9465,99864.53,1.217,99859.19,1.9756,99854.09,2.5398,99843.97,0.8011,99840.35,0.9456,99836.97,2.3624,99894.72,0.7409,99896.44,1.2541,99897.64,0.7136,99902.22,2.6654,99909.46,1.107,99917.53,1.3408,99923.31,3.1397,99932.4,2.1263,99943.77,2.1705,99958.38,1.2893
1717227600,99885.65,1.5876,99884.61,1.0404,99882.22,0.2944,99878.3,0.6814,99875.32,0.8747,99868.07,3.5008,99860.07,0.3298,99852.63,0.6834,99849.64,0.7424,99843.74,3.0224,99891.99,0.7377,99894.58,1.871,99897.0,1.526,99902.95,1.7944,99907.54,0.7629,99914.62,3.5244,99921.76,0.3717,99933.16,3.1737,99937.23,1.1014,99942.26,2.2979
1717227660,99878.54,1.3275,99876.75,1.6714,99874.2,0.312,99871.21,1.0565,99864.81,1.3773,99857.09,3.8519,99852.66,0.7849,99850.93,3.3455,99841.84,0.0849,99837.6,0.3087,99889.6,0.2146,99891.04,0.7729,99892.74,1.2574,99894.41,1.1985,99898.43,0.3565,99904.16,1.5355,99905.22,0.1966,99916.83,3.7277,99919.63,1.9486,99921.15,1.6059
1717227720,99887.75,1.6704,99886.64,1.9525,99882.59,0.8123,99880.5,2.1076,99873.4,0.0512,99867.82,0.9208,99865.17,1.0928,99863.18,3.3064,99853.94,3.431,99843.51,0.8303,99900.23,0.4365,99902.05,0.0742,99906.33,1.2536,99908.75,0.3817,99912.57,0.5575,99915.17,0.4056,99919.49,3.6007,99923.65,3.6624,99927.11,0.7229,99934.69,3.5801
1717227780,99887.85,1.8412,99886.79,1.7244,99885.06,0.5395,99882.6,2.4985,99881.3,1.117,99876.87,0.2872,99872.76,1.3673,99866.13,1.7711,99852.66,3.3452,99844.74,2.4658,99897.05,0.6346,99898.42,1.7703,99900.42,0.4774,99902.96,3.0883,99904.46,1.9899,99907.22,1.3879,99915.63,3.1866,99922.15,1.561,99926.34,2.2854,99941.3,0.6704
1717227840,99887.66,0.4895,99884.98,0.3168,99882.02,0.1309,99877.58,0.7001,99873.22,2.9384,99870.09,2.6148,99859.79,0.0228,99855.06,2.0084,99849.85,3.5437,99842.1,3.775,99896.36,0.8121,99897.92,0.6765,99900.98,0.0812,99905.97,2.3304,99908.4,2.1392,99911.5,1.7151,99915.39,3.3873,99923.38,2.9508,99928.05,1.8279,99942.44,2.095
1717227900,99902.66,0.7816,99900.58,0.9302,99897.29,1.7195,99891.9,1.0331,99888.21,1.8747,99881.77,1.5569,99878.55,2.2183,99868.65,3.8591,99866.81,2.6399,99853.46,0.3576,99911.62,1.0592,99913.84,0.1154,99915.05,0.933,99920.67,0.6761,99927.15,0.0543,99932.29,1.3447,99939.91,2.6028,99950.13,1.5464,99954.75,0.9524,99961.52,3.5304
1717227960,99903.53,0.5336,99902.0,0.8784,99899.21,0.462,99896.23,2.582,99890.9,0.0988,99886.67,2.8064,99877.23,0.4898,99865.97,0.7403,99862.68,1.6471,99849.67,3.6458,99910.81,1.5634,99913.04,1.5536,99915.62,1.3117,99918.78,0.8799,99924.72,2.7082,99932.18,0.1963,99937.65,0.8289,99943.22,1.2257,99954.38,2.7885,99965.09,3.4751
1717228020,99895.58,1.4967,99893.95,1.9888,99891.82,0.0927,99887.47,1.2177,99885.57,3.3155,99879.01,0.2441,99871.86,2.2485,99862.44,3.0617,99854.63,1.6119,99843.5,0.1287,99904.58,0.4143,99905.7,0.186,99909.37,1.1769,99915.18,3.5863,99916.28,0.7747,99923.76,2.3296,99932.04,2.0408,99939.81,2.6949,99947.9,2.1507,99951.13,0.4888
1717228080,99906.16,1.5505,99903.61,0.5051,99902.3,1.4882,99896.69,2.1402,99890.34,1.2388,99887.24,1.6268,99883.47,0.1305,99874.57,2.3695,99864.99,2.6628,99850.37,0.3575,99920.82,1.9174,99922.42,1.9797,99925.53,0.0876,99927.94,3.1026,99932.91,1.68,99934.12,1.5277,99936.83,2.4716,99946.85,1.7624,99947.87,1.0413,99957.37,0.658
1717228140,99922.73,1.4979,99921.17,1.5834,99917.33,1.4099,99912.42,2.778,99906.08,0.3106,99899.28,0.4555,99893.8,3.4415,99892.74,2.5397,99879.81,1.0916,99875.71,0.4645,99936.85,1.079,99939.58,1.5293,99943.8,0.2508,99948.05,1.0179,99954.07,3.6848,99960.34,3.606,99967.55,0.3817,99968.57,3.7585,99979.25,0.4666,99981.01,2.4003
1717228200,99947.98,1.7657,99946.57,1.0507,99943.68,1.0593,99938.19,3.8441,99936.77,0.6457,99934.57,0.6708,99924.58,2.2056,99916.42,3.0839,99905.0,3.3714,99899.44,3.7866,99953.4,0.0875,99954.69,1.0399,99957.72,0.7108,99961.55,2.5699,99965.58,1.1097,99967.18,2.1639,99972.2,2.3734,99974.44,2.4034,99986.62,3.4357,99990.02,1.8943
1717228260,99937.66,0.3103,99936.63,1.2686,99934.03,1.2894,99929.01,3.9771,99925.27,2.6933,99917.21,1.1296,99914.14,3.2142,99908.94,2.6073,99899.92,1.3427,99891.61,3.2871,99958.66,0.0614,99960.02,1.4848,99962.05,1.3408,99966.34,1.2,99971.61,1.502,99975.88,0.0841,99977.73,3.7049,99989.26,1.8395,99993.36,0.7387,100007.1,2.2838
1717228320,99942.58,0.5374,99940.83,1.534,99939.82,1.8407,99937.36,1.508,99935.49,3.0618,99928.97,0.1777,99924.6,2.7966,99918.93,2.0099,99916.94,2.1358,99909.78,1.4752,99954.62,1.3754,99957.56,1.7537,99961.46,0.5804,99966.84,2.045,99968.8,1.4156,99975.53,1.8126,99981.27,2.0759,99985.31,2.8521,99991.45,3.9963,100005.9,0.931
1717228380,99942.59,1.5622,99939.65,0.8451,99936.6,0.3022,99932.69,2.2721,99928.54,3.6464,99920.44,3.6213,99918.16,0.2115,99914.34,2.4233,99908.5,0.6715,99901.75,2.4833,99952.23,0.8631,99953.38,0.9347,99957.64,1.1876,99959.52,3.5712,99962.97,3.9412,99971.24,3.7925,99978.48,0.6257,99989.55,2.4168,100002.44,2.1972,100006.45,3.0085
1717228440,99937.44,1.0538,99935.02,0.9293,99933.36,1.8369,99930.2,1.2114,99927.59,2.1055,99926.2,3.7906,99917.53,3.5819,99907.58,0.3916,99904.08,2.1162,99900.43,3.0601,99946.44,1.9825,99948.24,0.1072,99952.38,0.6147,99953.63,3.9158,99959.17,3.7205,99961.35,2.4716,99969.44,0.2787,99979.16,2.9674,99988.43,3.4131,100001.62,2.927
1717228500,99928.39,0.448,99925.77,1.0166,99924.23,1.2894,99920.52,0.5383,99915.67,2.1652,99909.52,3.333,99904.87,0.6475,99895.23,3.7599,99892.53,3.6353,99886.92,3.8788,99934.57,0.1584,99935.94,0.7068,99937.75,1.1619,99941.17,1.7122,99946.13,3.2036,99952.11,1.0515,99961.71,1.6087,99972.78,2.2779,99985.99,3.1094,99999.89,3.9162
1717228560,99930.83,1.0912,99928.07,0.2161,99924.77,0.5297,99919.09,1.7998,99915.43,0.411,99910.22,2.2918,99899.93,0.6202,99890.52,3.6623,99881.5,3.0873,99868.6,0.0368,99939.53,1.8818,99941.51,0.285,99943.08,0.4898,99944.45,0.7847,99949.74,1.2698,99953.98,0.0608,99959.69,1.9885,99967.76,0.3024,99981.14,1.405,99985.3,0.3538
1717228620,99974.52,0.3359,99972.85,1.2629,99968.93,1.2154,99967.57,0.8011,99963.42,0.8478,99962.1,1.2001,99959.36,1.1828,99947.4,1.1075,99940.79,2.2043,99939.79,1.091,99989.18,0.9157,99992.1,0.8612,99993.55,0.4897,99999.48,3.6928,100006.23,2.7704,100011.0,1.2922,100019.38,2.4371,100029.03,2.5232,100042.25,2.7554,100055.2,3.9002
1717228680,99967.75,0.3746,99965.67,0.7269,99963.74,0.7979,99957.88,0.1578,99951.59,2.2378,99947.75,0.0158,99943.46,2.9705,99934.45,3.233,99929.43,3.3423,99924.79,2.8761,99982.37,1.3547,99983.87,1.3495,99988.09,0.1414,99991.55,1.8965,99992.88,0.0551,99995.85,3.3172,99996.97,1.2528,100007.79,0.4777,100012.24,0.0833,100023.9,2.4208
1717228740,99972.24,1.6183,99971.19,0.4576,99968.85,1.5494,99964.02,2.9563,99962.76,2.0598,99954.43,2.1805,99949.64,3.7946,99941.73,2.7766,99940.47,1.7848,99931.9,0.6147,99979.02,1.2358,99980.7,1.9431,99983.03,1.3995,99987.58,0.8345,99989.9,0.9546,99996.67,0.5373,99998.2,0.7676,100010.04,1.2069,100021.66,2.0175,100029.76,0.2232
1717228800,99975.81,1.4537,99973.6,0.9918,99969.21,1.2133,99968.0,2.7212,99966.24,2.8002,99964.5,3.358,99955.69,2.5205,99943.92,3.464,99941.93,0.8068,99928.94,0.5896,99981.23,0.2455,99982.9,0.5876,99985.09,0.1417,99986.9,1.6034,99989.11,0.486,99994.86,1.6191,99998.67,1.8247,100007.19,3.9513,100010.02,1.261,100019.43,1.8868
1717228860,99972.06,1.4368,99970.47,1.4665,99966.11,0.1606,99962.45,3.5679,99956.43,3.675,99948.27,0.3289,99940.14,1.1642,99930.93,3.2933,99922.78,2.9195,99913.71,1.6907,99979.78,1.6176,99982.78,0.3079,99985.2,0.534,99989.72,2.3091,99996.72,1.4596,100005.53,0.5601,100010.18,2.9621,100014.49,0.5277,100021.57,2.2265,100028.85,0.8722
1717228920,99979.58,1.6346,99977.79,0.131,99975.41,0.8962,99974.37,0.1856,99968.62,3.5495,99966.91,2.5368,99963.39,0.042,99956.39,0.4915,99944.65,2.3507,99935.35,3.9539,99987.88,1.4945,99990.16,0.3292,99991.63,1.2362,99994.33,2.7574,100000.31,1.8457,100004.28,1.8753,100010.96,0.9327,100013.19,2.6006,100016.53,1.5758,100018.22,2.8693
1717228980,99973.3,0.7302,99970.67,1.0113,99968.64,0.6773,99963.58,3.9261,99958.74,0.5569,99955.19,2.9912,99945.04,1.1332,99940.91,1.3242,99933.48,0.5062,99932.26,2.2486,99987.98,1.2107,99989.68,0.7333,99991.42,1.7783,99996.64,3.0507,100000.23,1.6305,100008.17,2.3925,100015.68,0.6061,100022.11,1.9852,100027.04,1.6355,100028.21,3.8783
1717229040,99982.76,0.6537,99980.91,0.9229,99978.88,1.7342,99977.11,1.6922,99970.12,0.074,99967.54,3.2011,99965.94,2.0208,99964.65,1.5041,99961.16,0.0274,99953.98,2.7208,99996.16,0.2258,99998.15,0.2331,100000.64,0.7264,100003.84,0.2567,100005.67,1.0301,100007.27,0.9887,100011.38,1.7749,100015.29,2.8415,100028.4,2.9304,100034.52,0.3973
1717229100,99987.83,0.9617,99986.72,1.4592,99985.29,1.8705,99983.89,2.5755,99979.48,2.3066,99975.3,3.8581,99965.4,3.392,99959.95,0.8671,99954.82,3.5418,99946.07,0.7873,100002.71,1.2342,100004.24,1.3576,100006.85,1.1165,100007.88,2.7498,100009.2,0.7511,100012.15,2.9869,100017.69,1.9015,100026.73,2.1728,100030.78,0.0339,100040.78,2.259
1717229160,99997.24,0.5217,99995.86,1.6439,99992.44,1.2272,99989.05,3.1467,99987.18,2.2664,99979.3,1.1635,99977.92,3.4756,99966.78,1.2954,99956.24,3.2638,99942.16,3.5841,100006.56,1.2538,100008.75,0.4143,100010.33,0.9731,100012.51,3.7329,100014.55,2.8865,100022.49,2.6103,100023.93,0.9608,100026.94,2.3052,100031.08,3.9664,100032.99,2.4712
1717229220,100004.68,0.622,100003.26,0.629,99999.95,1.2291,99996.32,3.5589,99995.26,2.6939,99991.61,1.2911,99989.81,3.3725,99981.22,0.5161,99975.36,3.6602,99968.16,1.7513,100014.84,1.2636,100016.24,1.9208,100017.68,0.0574,100022.84,3.1565,100030.24,0.8616,100032.48,3.0961,100037.59,2.5054,100047.16,3.6553,100054.32,1.8751,100058.37,3.7575
1717229280,100000.96,0.1159,99999.16,1.8607,99995.61,0.1051,99990.59,0.0238,99985.96,0.2189,99981.94,0.1479,99975.1,0.6862,99968.56,1.2239,99959.69,0.3484,99947.15,2.5648,100012.96,0.6301,100014.07,1.8007,100016.01,1.367,100021.36,1.8982,100027.29,2.0303,100031.71,1.6868,100036.24,3.7048,100046.5,1.7245,100049.5,3.3727,100053.93,1.6253
1717229340,99999.52,1.7016,99996.9,0.8369,99992.56,0.5616,99989.5,0.2932,99984.77,1.0764,99979.01,2.5863,99976.03,2.0956,99972.63,2.3524,99962.01,2.7208,99950.53,3.3562,100008.08,1.6921,100010.28,0.2009,100013.37,1.4268,100016.51,2.3612,100021.54,1.2668,100025.05,3.4684,100031.72,3.2037,100035.0,3.2959,100045.69,1.7517,100049.72,0.5358
1717229400,99998.68,0.2478,99997.48,1.4513,99994.43,1.8724,99990.76,2.6072,99985.47,3.6418,99981.83,1.1604,99971.97,0.9196,99970.79,2.8022,99967.51,1.8072,99956.13,3.951,100012.62,0.3181,100014.01,1.2036,100016.86,1.8351,100022.56,1.2077,100028.93,3.7173,100031.23,1.5968,100036.61,2.021,100043.02,3.3905,100053.7,2.1102,100067.42,0.5238
1717229460,100001.87,0.1627,99999.56,1.9464,99997.54,0.8065,99996.29,2.7931,99988.87,0.8077,99982.09,2.3064,99977.57,1.2307,99968.35,2.3041,99960.64,3.4807,99955.85,0.1078,100013.35,1.0549,100015.72,1.2659,100018.71,1.6037,100020.67,2.7163,100023.24,0.0248,100029.21,3.6741,100031.67,1.5859,100033.99,3.3592,100035.73,3.5214,100042.57,1.5429
1717229520,100002.87,1.8067,100000.41,1.3845,99997.98,0.5917,99994.49,3.7079,99987.33,1.2967,99980.32,1.4403,99974.63,0.4085,99963.0,1.0265,99956.62,0.0328,99954.88,2.0999,100011.09,1.5844,100012.92,1.0854,100014.38,1.3824,100017.17,1.6647,100020.47,1.3071,100022.7,3.5682,100031.88,1.0474,100041.35,2.359,100048.25,1.1915,100051.27,3.3936
1717229580,100014.89,1.9963,100013.86,1.5623,100009.93,1.6501,100004.59,2.9235,100000.65,3.8337,99996.38,0.1919,99989.47,3.2415,99985.53,3.6661,99978.12,1.6507,99974.69,3.1913,100029.01,0.1446,100031.23,1.0926,100032.34,1.237,100037.7,2.9894,100040.08,2.6752,100041.18,3.0829,100048.24,3.2965,100054.47,1.9443,100066.03,3.2869,100075.09,1.953
1717229640,100013.84,0.574,100012.42,0.809,100010.47,0.0757,100007.89,0.1785,100005.56,3.0165,100001.53,2.7683,99997.69,2.0427,99985.87,2.2964,99978.64,2.5602,99974.52,1.0123,100020.36,0.7067,100023.02,1.5345,100024.17,1.3328,100027.34,0.6827,100032.35,1.0884,100038.55,3.2369,100039.97,0.9407,100041.96,3.6463,100050.47,3.0532,100056.12,1.1287
1717229700,99982.97,0.6587,99981.89,0.2379,99978.28,1.3467,99974.93,2.135,99970.94,2.4426,99962.29,0.4636,99958.36,2.0588,99952.68,1.0765,99940.32,2.0955,99937.09,0.0247,100008.71,1.4616,100011.39,0.674,100014.63,1.7539,100019.11,3.2259,100021.91,2.2865,100024.19,2.5903,100027.27,3.8846,100033.0,2.9499,100038.5,2.1991,100049.53,3.0294
1717229760,99984.86,1.8598,99983.44,1.7061,99980.89,1.4146,99977.97,0.7354,99973.13,2.6322,99966.99,2.7287,99962.46,3.9271,99955.64,3.5752,99945.08,1.8803,99937.07,1.1867,99994.66,0.7939,99996.38,0.7128,99998.48,1.2646,100002.45,0.1034,100006.18,0.6195,100008.25,2.9025,100011.34,1.9003,100017.29,2.0153,100025.53,3.923,100038.91,0.9197
1717229820,99988.61,1.6345,99986.08,0.8854,99982.2,1.7522,99977.63,2.5145,99973.72,2.6877,99968.3,3.2416,99957.95,2.3279,99949.21,0.2917,99938.32,1.6887,99932.93,0.8181,99993.97,1.9782,99996.73,1.1121,99999.91,0.1276,100003.17,0.8484,100007.52,1.4174,100009.03,1.9815,100010.59,2.3283,100015.65,3.9504,100026.18,2.5125,100029.53,3.3088
1717229880,99990.04,0.8515,99987.99,1.7294,99983.63,1.3862,99980.64,0.6122,99975.78,2.7282,99973.34,3.7433,99964.87,2.4145,99956.91,1.3416,99954.81,3.5152,99946.16,0.6272,100000.16,1.5888,100002.21,0.8046,100005.5,1.5367,100009.05,0.5439,100015.31,2.5989,100020.22,3.6625,100024.9,3.0441,100036.53,0.1562,100039.01,1.8242,100041.85,1.9294
1717229940,99984.7,1.2331,99983.24,0.5861,99979.77,1.3424,99974.52,2.6488,99969.57,1.8219,99968.2,2.8583,99966.78,1.9684,99960.72,2.4606,99948.94,3.1339,99935.83,3.9862,99993.58,0.7409,99995.47,1.6107,99998.02,1.4925,100002.85,3.3611,100008.13,3.5206,100009.93,1.3238,100016.93,2.7286,100026.38,1.7655,100038.69,1.4363,100048.7,2.1039
