datetime,date,weekday,weekday_name,interval_idx,volume,volume_normalized
2025-12-01 00:00:00,2025-12-01,0,Monday,0,88.0343,0.0040442
2025-12-01 00:05:00,2025-12-01,0,Monday,1,116.0397,0.00533074
2025-12-01 00:10:00,2025-12-01,0,Monday,2,118.9908,0.00546631
2025-12-01 00:15:00,2025-12-01,0,Monday,3,73.737,0.0033874
2025-12-01 00:20:00,2025-12-01,0,Monday,4,83.8449,0.00385175
2025-12-01 00:25:00,2025-12-01,0,Monday,5,106.1336,0.00487567
2025-12-01 00:30:00,2025-12-01,0,Monday,6,99.1261,0.00455375
2025-12-01 00:35:00,2025-12-01,0,Monday,7,103.7126,0.00476445
2025-12-01 00:40:00,2025-12-01,0,Monday,8,90.5823,0.00416126
2025-12-01 00:45:00,2025-12-01,0,Monday,9,117.446,0.00539535
2025-12-01 00:50:00,2025-12-01,0,Monday,10,115.722,0.00531615
2025-12-01 00:55:00,2025-12-01,0,Monday,11,104.5156,0.00480134
2025-12-01 01:00:00,2025-12-01,0,Monday,12,120.8092,0.00554985
2025-12-01 01:05:00,2025-12-01,0,Monday,13,110.4042,0.00507185
2025-12-01 01:10:00,2025-12-01,0,Monday,14,89.7145,0.00412139
2025-12-01 01:15:00,2025-12-01,0,Monday,15,108.482,0.00498355
2025-12-01 01:20:00,2025-12-01,0,Monday,16,87.8344,0.00403502
2025-12-01 01:25:00,2025-12-01,0,Monday,17,115.8608,0.00532253
2025-12-01 01:30:00,2025-12-01,0,Monday,18,101.3754,0.00465708
2025-12-01 01:35:00,2025-12-01,0,Monday,19,99.0711,0.00455122
2025-12-01 01:40:00,2025-12-01,0,Monday,20,91.259,0.00419234
2025-12-01 01:45:00,2025-12-01,0,Monday,21,119.9618,0.00551092
2025-12-01 01:50:00,2025-12-01,0,Monday,22,98.7483,0.00453639
2025-12-01 01:55:00,2025-12-01,0,Monday,23,94.3228,0.00433309
2025-12-01 02:00:00,2025-12-01,0,Monday,24,95.1865,0.00437277
2025-12-01 02:05:00,2025-12-01,0,Monday,25,108.1773,0.00496955
2025-12-01 02:10:00,2025-12-01,0,Monday,26,105.3242,0.00483848
2025-12-01 02:15:00,2025-12-01,0,Monday,27,105.6723,0.00485448
2025-12-01 02:20:00,2025-12-01,0,Monday,28,105.5693,0.00484974
2025-12-01 02:25:00,2025-12-01,0,Monday,29,130.5388,0.00599682
2025-12-01 02:30:00,2025-12-01,0,Monday,30,92.4269,0.004246
2025-12-01 02:35:00,2025-12-01,0,Monday,31,90.5108,0.00415797
2025-12-01 02:40:00,2025-12-01,0,Monday,32,85.7306,0.00393838
2025-12-01 02:45:00,2025-12-01,0,Monday,33,106.2316,0.00488017
2025-12-01 02:50:00,2025-12-01,0,Monday,34,113.2302,0.00520168
2025-12-01 02:55:00,2025-12-01,0,Monday,35,94.76,0.00435318
2025-12-01 03:00:00,2025-12-01,0,Monday,36,83.8789,0.00385331
2025-12-01 03:05:00,2025-12-01,0,Monday,37,83.7158,0.00384582
2025-12-01 03:10:00,2025-12-01,0,Monday,38,104.3558,0.00479399
2025-12-01 03:15:00,2025-12-01,0,Monday,39,105.1636,0.00483111
2025-12-01 03:20:00,2025-12-01,0,Monday,40,101.8144,0.00467724
2025-12-01 03:25:00,2025-12-01,0,Monday,41,84.3142,0.00387331
2025-12-01 03:30:00,2025-12-01,0,Monday,42,96.421,0.00442948
2025-12-01 03:35:00,2025-12-01,0,Monday,43,94.3019,0.00433213
2025-12-01 03:40:00,2025-12-01,0,Monday,44,95.1989,0.00437334
2025-12-01 03:45:00,2025-12-01,0,Monday,45,103.6447,0.00476133
2025-12-01 03:50:00,2025-12-01,0,Monday,46,94.2002,0.00432746
2025-12-01 03:55:00,2025-12-01,0,Monday,47,99.8444,0.00458675
2025-12-01 04:00:00,2025-12-01,0,Monday,48,90.9954,0.00418023
2025-12-01 04:05:00,2025-12-01,0,Monday,49,93.4247,0.00429183
2025-12-01 04:10:00,2025-12-01,0,Monday,50,97.4213,0.00447543
2025-12-01 04:15:00,2025-12-01,0,Monday,51,69.1098,0.00317483
2025-12-01 04:20:00,2025-12-01,0,Monday,52,83.667,0.00384358
2025-12-01 04:25:00,2025-12-01,0,Monday,53,81.155,0.00372818
2025-12-01 04:30:00,2025-12-01,0,Monday,54,78.432,0.00360309
2025-12-01 04:35:00,2025-12-01,0,Monday,55,82.6127,0.00379514
2025-12-01 04:40:00,2025-12-01,0,Monday,56,104.7806,0.00481351
2025-12-01 04:45:00,2025-12-01,0,Monday,57,73.963,0.00339778
2025-12-01 04:50:00,2025-12-01,0,Monday,58,96.6732,0.00444107
2025-12-01 04:55:00,2025-12-01,0,Monday,59,62.6606,0.00287856
2025-12-01 05:00:00,2025-12-01,0,Monday,60,79.0409,0.00363106
2025-12-01 05:05:00,2025-12-01,0,Monday,61,84.6372,0.00388814
2025-12-01 05:10:00,2025-12-01,0,Monday,62,89.2277,0.00409903
2025-12-01 05:15:00,2025-12-01,0,Monday,63,90.0935,0.0041388
2025-12-01 05:20:00,2025-12-01,0,Monday,64,90.4137,0.00415351
2025-12-01 05:25:00,2025-12-01,0,Monday,65,75.9918,0.00349098
2025-12-01 05:30:00,2025-12-01,0,Monday,66,74.0533,0.00340193
2025-12-01 05:35:00,2025-12-01,0,Monday,67,89.117,0.00409394
2025-12-01 05:40:00,2025-12-01,0,Monday,68,76.0901,0.0034955
2025-12-01 05:45:00,2025-12-01,0,Monday,69,62.8475,0.00288715
2025-12-01 05:50:00,2025-12-01,0,Monday,70,63.9932,0.00293978
2025-12-01 05:55:00,2025-12-01,0,Monday,71,65.9314,0.00302882
2025-12-01 06:00:00,2025-12-01,0,Monday,72,81.5158,0.00374475
2025-12-01 06:05:00,2025-12-01,0,Monday,73,76.8455,0.0035302
2025-12-01 06:10:00,2025-12-01,0,Monday,74,82.3463,0.0037829
2025-12-01 06:15:00,2025-12-01,0,Monday,75,69.2558,0.00318154
2025-12-01 06:20:00,2025-12-01,0,Monday,76,75.1244,0.00345114
2025-12-01 06:25:00,2025-12-01,0,Monday,77,79.5897,0.00365627
2025-12-01 06:30:00,2025-12-01,0,Monday,78,68.798,0.00316051
2025-12-01 06:35:00,2025-12-01,0,Monday,79,76.4323,0.00351122
2025-12-01 06:40:00,2025-12-01,0,Monday,80,63.8775,0.00293447
2025-12-01 06:45:00,2025-12-01,0,Monday,81,66.4801,0.00305403
2025-12-01 06:50:00,2025-12-01,0,Monday,82,65.7105,0.00301867
2025-12-01 06:55:00,2025-12-01,0,Monday,83,56.7029,0.00260487
2025-12-01 07:00:00,2025-12-01,0,Monday,84,73.4995,0.00337649
2025-12-01 07:05:00,2025-12-01,0,Monday,85,63.1177,0.00289956
2025-12-01 07:10:00,2025-12-01,0,Monday,86,67.4307,0.0030977
2025-12-01 07:15:00,2025-12-01,0,Monday,87,71.5257,0.00328581
2025-12-01 07:20:00,2025-12-01,0,Monday,88,70.5586,0.00324139
2025-12-01 07:25:00,2025-12-01,0,Monday,89,72.0907,0.00331177
2025-12-01 07:30:00,2025-12-01,0,Monday,90,64.0127,0.00294068
2025-12-01 07:35:00,2025-12-01,0,Monday,91,60.3126,0.0027707
2025-12-01 07:40:00,2025-12-01,0,Monday,92,63.0732,0.00289752
2025-12-01 07:45:00,2025-12-01,0,Monday,93,47.2615,0.00217115
2025-12-01 07:50:00,2025-12-01,0,Monday,94,49.1082,0.00225598
2025-12-01 07:55:00,2025-12-01,0,Monday,95,49.84,0.0022896
2025-12-01 08:00:00,2025-12-01,0,Monday,96,52.4154,0.00240791
2025-12-01 08:05:00,2025-12-01,0,Monday,97,64.7652,0.00297524
2025-12-01 08:10:00,2025-12-01,0,Monday,98,52.3469,0.00240476
2025-12-01 08:15:00,2025-12-01,0,Monday,99,56.6479,0.00260234
2025-12-01 08:20:00,2025-12-01,0,Monday,100,71.146,0.00326837
2025-12-01 08:25:00,2025-12-01,0,Monday,101,55.8828,0.0025672
2025-12-01 08:30:00,2025-12-01,0,Monday,102,65.0176,0.00298684
2025-12-01 08:35:00,2025-12-01,0,Monday,103,49.9232,0.00229342
2025-12-01 08:40:00,2025-12-01,0,Monday,104,55.7992,0.00256336
2025-12-01 08:45:00,2025-12-01,0,Monday,105,48.965,0.0022494
2025-12-01 08:50:00,2025-12-01,0,Monday,106,53.7598,0.00246967
2025-12-01 08:55:00,2025-12-01,0,Monday,107,63.2694,0.00290653
2025-12-01 09:00:00,2025-12-01,0,Monday,108,41.3006,0.00189731
2025-12-01 09:05:00,2025-12-01,0,Monday,109,58.9138,0.00270644
2025-12-01 09:10:00,2025-12-01,0,Monday,110,56.8426,0.00261129
2025-12-01 09:15:00,2025-12-01,0,Monday,111,49.6165,0.00227933
2025-12-01 09:20:00,2025-12-01,0,Monday,112,42.3394,0.00194503
2025-12-01 09:25:00,2025-12-01,0,Monday,113,54.2541,0.00249237
2025-12-01 09:30:00,2025-12-01,0,Monday,114,49.0577,0.00225366
2025-12-01 09:35:00,2025-12-01,0,Monday,115,54.7647,0.00251583
2025-12-01 09:40:00,2025-12-01,0,Monday,116,52.7286,0.0024223
2025-12-01 09:45:00,2025-12-01,0,Monday,117,64.7492,0.00297451
2025-12-01 09:50:00,2025-12-01,0,Monday,118,50.0046,0.00229716
2025-12-01 09:55:00,2025-12-01,0,Monday,119,43.6265,0.00200416
2025-12-01 10:00:00,2025-12-01,0,Monday,120,52.6003,0.0024164
2025-12-01 10:05:00,2025-12-01,0,Monday,121,52.5988,0.00241633
2025-12-01 10:10:00,2025-12-01,0,Monday,122,60.9474,0.00279986
2025-12-01 10:15:00,2025-12-01,0,Monday,123,56.652,0.00260253
2025-12-01 10:20:00,2025-12-01,0,Monday,124,52.7576,0.00242363
2025-12-01 10:25:00,2025-12-01,0,Monday,125,60.7563,0.00279108
2025-12-01 10:30:00,2025-12-01,0,Monday,126,40.7368,0.00187141
2025-12-01 10:35:00,2025-12-01,0,Monday,127,44.6105,0.00204936
2025-12-01 10:40:00,2025-12-01,0,Monday,128,42.2993,0.00194318
2025-12-01 10:45:00,2025-12-01,0,Monday,129,46.0609,0.00211599
2025-12-01 10:50:00,2025-12-01,0,Monday,130,38.6658,0.00177627
2025-12-01 10:55:00,2025-12-01,0,Monday,131,53.1735,0.00244273
2025-12-01 11:00:00,2025-12-01,0,Monday,132,46.7683,0.00214849
2025-12-01 11:05:00,2025-12-01,0,Monday,133,37.5871,0.00172671
2025-12-01 11:10:00,2025-12-01,0,Monday,134,40.7607,0.00187251
2025-12-01 11:15:00,2025-12-01,0,Monday,135,50.2137,0.00230676
2025-12-01 11:20:00,2025-12-01,0,Monday,136,53.8588,0.00247422
2025-12-01 11:25:00,2025-12-01,0,Monday,137,62.0422,0.00285015
2025-12-01 11:30:00,2025-12-01,0,Monday,138,68.4841,0.00314609
2025-12-01 11:35:00,2025-12-01,0,Monday,139,50.5385,0.00232168
2025-12-01 11:40:00,2025-12-01,0,Monday,140,40.4665,0.00185899
2025-12-01 11:45:00,2025-12-01,0,Monday,141,32.2905,0.00148339
2025-12-01 11:50:00,2025-12-01,0,Monday,142,49.3438,0.0022668
2025-12-01 11:55:00,2025-12-01,0,Monday,143,41.6362,0.00191272
2025-12-01 12:00:00,2025-12-01,0,Monday,144,44.4578,0.00204234
2025-12-01 12:05:00,2025-12-01,0,Monday,145,43.0648,0.00197835
2025-12-01 12:10:00,2025-12-01,0,Monday,146,46.4369,0.00213326
2025-12-01 12:15:00,2025-12-01,0,Monday,147,55.0633,0.00252955
2025-12-01 12:20:00,2025-12-01,0,Monday,148,48.6394,0.00223444
2025-12-01 12:25:00,2025-12-01,0,Monday,149,46.4486,0.0021338
2025-12-01 12:30:00,2025-12-01,0,Monday,150,40.252,0.00184913
2025-12-01 12:35:00,2025-12-01,0,Monday,151,35.7497,0.0016423
2025-12-01 12:40:00,2025-12-01,0,Monday,152,44.3539,0.00203757
2025-12-01 12:45:00,2025-12-01,0,Monday,153,47.5714,0.00218538
2025-12-01 12:50:00,2025-12-01,0,Monday,154,60.8379,0.00279483
2025-12-01 12:55:00,2025-12-01,0,Monday,155,49.1694,0.00225879
2025-12-01 13:00:00,2025-12-01,0,Monday,156,55.5129,0.00255021
2025-12-01 13:05:00,2025-12-01,0,Monday,157,44.9122,0.00206322
2025-12-01 13:10:00,2025-12-01,0,Monday,158,40.0673,0.00184065
2025-12-01 13:15:00,2025-12-01,0,Monday,159,41.8392,0.00192205
2025-12-01 13:20:00,2025-12-01,0,Monday,160,43.783,0.00201135
2025-12-01 13:25:00,2025-12-01,0,Monday,161,65.1006,0.00299065
2025-12-01 13:30:00,2025-12-01,0,Monday,162,43.4688,0.00199691
2025-12-01 13:35:00,2025-12-01,0,Monday,163,56.087,0.00257658
2025-12-01 13:40:00,2025-12-01,0,Monday,164,43.2946,0.00198891
2025-12-01 13:45:00,2025-12-01,0,Monday,165,57.3804,0.002636
2025-12-01 13:50:00,2025-12-01,0,Monday,166,53.5492,0.00245999
2025-12-01 13:55:00,2025-12-01,0,Monday,167,49.7221,0.00228418
2025-12-01 14:00:00,2025-12-01,0,Monday,168,50.9097,0.00233874
2025-12-01 14:05:00,2025-12-01,0,Monday,169,46.477,0.0021351
2025-12-01 14:10:00,2025-12-01,0,Monday,170,55.3372,0.00254213
2025-12-01 14:15:00,2025-12-01,0,Monday,171,48.643,0.00223461
2025-12-01 14:20:00,2025-12-01,0,Monday,172,42.8943,0.00197052
2025-12-01 14:25:00,2025-12-01,0,Monday,173,42.7739,0.00196499
2025-12-01 14:30:00,2025-12-01,0,Monday,174,54.6698,0.00251147
2025-12-01 14:35:00,2025-12-01,0,Monday,175,66.3866,0.00304973
2025-12-01 14:40:00,2025-12-01,0,Monday,176,55.3646,0.00254339
2025-12-01 14:45:00,2025-12-01,0,Monday,177,53.5018,0.00245782
2025-12-01 14:50:00,2025-12-01,0,Monday,178,57.2385,0.00262948
2025-12-01 14:55:00,2025-12-01,0,Monday,179,66.1448,0.00303862
2025-12-01 15:00:00,2025-12-01,0,Monday,180,57.578,0.00264507
2025-12-01 15:05:00,2025-12-01,0,Monday,181,52.7239,0.00242208
2025-12-01 15:10:00,2025-12-01,0,Monday,182,66.0393,0.00303377
2025-12-01 15:15:00,2025-12-01,0,Monday,183,60.7748,0.00279193
2025-12-01 15:20:00,2025-12-01,0,Monday,184,70.8361,0.00325414
2025-12-01 15:25:00,2025-12-01,0,Monday,185,59.6487,0.0027402
2025-12-01 15:30:00,2025-12-01,0,Monday,186,47.789,0.00219538
2025-12-01 15:35:00,2025-12-01,0,Monday,187,46.9218,0.00215554
2025-12-01 15:40:00,2025-12-01,0,Monday,188,74.2872,0.00341267
2025-12-01 15:45:00,2025-12-01,0,Monday,189,75.5815,0.00347213
2025-12-01 15:50:00,2025-12-01,0,Monday,190,58.943,0.00270778
2025-12-01 15:55:00,2025-12-01,0,Monday,191,57.5892,0.00264559
2025-12-01 16:00:00,2025-12-01,0,Monday,192,75.1467,0.00345216
2025-12-01 16:05:00,2025-12-01,0,Monday,193,51.8513,0.00238199
2025-12-01 16:10:00,2025-12-01,0,Monday,194,54.3053,0.00249473
2025-12-01 16:15:00,2025-12-01,0,Monday,195,69.3831,0.00318739
2025-12-01 16:20:00,2025-12-01,0,Monday,196,60.058,0.002759
2025-12-01 16:25:00,2025-12-01,0,Monday,197,64.3523,0.00295628
2025-12-01 16:30:00,2025-12-01,0,Monday,198,63.3796,0.00291159
2025-12-01 16:35:00,2025-12-01,0,Monday,199,68.8676,0.0031637
2025-12-01 16:40:00,2025-12-01,0,Monday,200,80.0906,0.00367928
2025-12-01 16:45:00,2025-12-01,0,Monday,201,67.6212,0.00310645
2025-12-01 16:50:00,2025-12-01,0,Monday,202,73.8056,0.00339055
2025-12-01 16:55:00,2025-12-01,0,Monday,203,47.0179,0.00215995
2025-12-01 17:00:00,2025-12-01,0,Monday,204,67.9956,0.00312364
2025-12-01 17:05:00,2025-12-01,0,Monday,205,60.3575,0.00277276
2025-12-01 17:10:00,2025-12-01,0,Monday,206,56.9587,0.00261662
2025-12-01 17:15:00,2025-12-01,0,Monday,207,61.0477,0.00280447
2025-12-01 17:20:00,2025-12-01,0,Monday,208,67.3646,0.00309466
2025-12-01 17:25:00,2025-12-01,0,Monday,209,81.3586,0.00373753
2025-12-01 17:30:00,2025-12-01,0,Monday,210,57.7916,0.00265489
2025-12-01 17:35:00,2025-12-01,0,Monday,211,73.0961,0.00335796
2025-12-01 17:40:00,2025-12-01,0,Monday,212,68.0502,0.00312616
2025-12-01 17:45:00,2025-12-01,0,Monday,213,70.3611,0.00323232
2025-12-01 17:50:00,2025-12-01,0,Monday,214,85.8414,0.00394347
2025-12-01 17:55:00,2025-12-01,0,Monday,215,81.3112,0.00373535
2025-12-01 18:00:00,2025-12-01,0,Monday,216,91.0767,0.00418397
2025-12-01 18:05:00,2025-12-01,0,Monday,217,74.7068,0.00343195
2025-12-01 18:10:00,2025-12-01,0,Monday,218,69.051,0.00317213
2025-12-01 18:15:00,2025-12-01,0,Monday,219,75.1095,0.00345045
2025-12-01 18:20:00,2025-12-01,0,Monday,220,81.1876,0.00372967
2025-12-01 18:25:00,2025-12-01,0,Monday,221,81.0469,0.00372321
2025-12-01 18:30:00,2025-12-01,0,Monday,222,66.6288,0.00306086
2025-12-01 18:35:00,2025-12-01,0,Monday,223,81.2746,0.00373367
2025-12-01 18:40:00,2025-12-01,0,Monday,224,83.5646,0.00383887
2025-12-01 18:45:00,2025-12-01,0,Monday,225,112.15,0.00515206
2025-12-01 18:50:00,2025-12-01,0,Monday,226,105.1054,0.00482843
2025-12-01 18:55:00,2025-12-01,0,Monday,227,72.0459,0.00330971
2025-12-01 19:00:00,2025-12-01,0,Monday,228,79.6339,0.0036583
2025-12-01 19:05:00,2025-12-01,0,Monday,229,65.4194,0.0030053
2025-12-01 19:10:00,2025-12-01,0,Monday,230,76.9334,0.00353424
2025-12-01 19:15:00,2025-12-01,0,Monday,231,89.0268,0.0040898
2025-12-01 19:20:00,2025-12-01,0,Monday,232,101.0692,0.00464301
2025-12-01 19:25:00,2025-12-01,0,Monday,233,76.7454,0.0035256
2025-12-01 19:30:00,2025-12-01,0,Monday,234,78.2334,0.00359396
2025-12-01 19:35:00,2025-12-01,0,Monday,235,59.1919,0.00271921
2025-12-01 19:40:00,2025-12-01,0,Monday,236,85.7367,0.00393865
2025-12-01 19:45:00,2025-12-01,0,Monday,237,74.3465,0.0034154
2025-12-01 19:50:00,2025-12-01,0,Monday,238,81.9266,0.00376362
2025-12-01 19:55:00,2025-12-01,0,Monday,239,77.7641,0.0035724
2025-12-01 20:00:00,2025-12-01,0,Monday,240,88.8085,0.00407977
2025-12-01 20:05:00,2025-12-01,0,Monday,241,66.7245,0.00306525
2025-12-01 20:10:00,2025-12-01,0,Monday,242,71.0866,0.00326564
2025-12-01 20:15:00,2025-12-01,0,Monday,243,120.9391,0.00555581
2025-12-01 20:20:00,2025-12-01,0,Monday,244,74.375,0.00341671
2025-12-01 20:25:00,2025-12-01,0,Monday,245,77.4323,0.00355716
2025-12-01 20:30:00,2025-12-01,0,Monday,246,118.8497,0.00545983
2025-12-01 20:35:00,2025-12-01,0,Monday,247,134.4796,0.00617785
2025-12-01 20:40:00,2025-12-01,0,Monday,248,77.5997,0.00356485
2025-12-01 20:45:00,2025-12-01,0,Monday,249,89.3889,0.00410643
2025-12-01 20:50:00,2025-12-01,0,Monday,250,99.9484,0.00459152
2025-12-01 20:55:00,2025-12-01,0,Monday,251,120.3017,0.00552653
2025-12-01 21:00:00,2025-12-01,0,Monday,252,81.767,0.00375629
2025-12-01 21:05:00,2025-12-01,0,Monday,253,92.8608,0.00426593
2025-12-01 21:10:00,2025-12-01,0,Monday,254,108.1228,0.00496705
2025-12-01 21:15:00,2025-12-01,0,Monday,255,103.5883,0.00475874
2025-12-01 21:20:00,2025-12-01,0,Monday,256,92.1407,0.00423285
2025-12-01 21:25:00,2025-12-01,0,Monday,257,96.076,0.00441363
2025-12-01 21:30:00,2025-12-01,0,Monday,258,78.1282,0.00358913
2025-12-01 21:35:00,2025-12-01,0,Monday,259,95.27,0.0043766
2025-12-01 21:40:00,2025-12-01,0,Monday,260,95.1989,0.00437334
2025-12-01 21:45:00,2025-12-01,0,Monday,261,102.9771,0.00473066
2025-12-01 21:50:00,2025-12-01,0,Monday,262,91.5332,0.00420494
2025-12-01 21:55:00,2025-12-01,0,Monday,263,107.2641,0.0049276
2025-12-01 22:00:00,2025-12-01,0,Monday,264,115.7605,0.00531791
2025-12-01 22:05:00,2025-12-01,0,Monday,265,103.1491,0.00473856
2025-12-01 22:10:00,2025-12-01,0,Monday,266,106.4255,0.00488908
2025-12-01 22:15:00,2025-12-01,0,Monday,267,102.1804,0.00469406
2025-12-01 22:20:00,2025-12-01,0,Monday,268,101.6418,0.00466932
2025-12-01 22:25:00,2025-12-01,0,Monday,269,90.868,0.00417438
2025-12-01 22:30:00,2025-12-01,0,Monday,270,106.9894,0.00491498
2025-12-01 22:35:00,2025-12-01,0,Monday,271,100.8777,0.00463422
2025-12-01 22:40:00,2025-12-01,0,Monday,272,134.801,0.00619262
2025-12-01 22:45:00,2025-12-01,0,Monday,273,127.0563,0.00583683
2025-12-01 22:50:00,2025-12-01,0,Monday,274,108.9499,0.00500504
2025-12-01 22:55:00,2025-12-01,0,Monday,275,91.3607,0.00419701
2025-12-01 23:00:00,2025-12-01,0,Monday,276,86.0936,0.00395505
2025-12-01 23:05:00,2025-12-01,0,Monday,277,121.9813,0.00560369
2025-12-01 23:10:00,2025-12-01,0,Monday,278,107.7158,0.00494835
2025-12-01 23:15:00,2025-12-01,0,Monday,279,111.2321,0.00510988
2025-12-01 23:20:00,2025-12-01,0,Monday,280,76.6911,0.00352311
2025-12-01 23:25:00,2025-12-01,0,Monday,281,118.4392,0.00544097
2025-12-01 23:30:00,2025-12-01,0,Monday,282,111.1556,0.00510637
2025-12-01 23:35:00,2025-12-01,0,Monday,283,86.7912,0.0039871
2025-12-01 23:40:00,2025-12-01,0,Monday,284,96.8278,0.00444817
2025-12-01 23:45:00,2025-12-01,0,Monday,285,108.3685,0.00497834
2025-12-01 23:50:00,2025-12-01,0,Monday,286,105.0994,0.00482815
2025-12-01 23:55:00,2025-12-01,0,Monday,287,99.728,0.0045814
2025-12-02 00:00:00,2025-12-02,1,Tuesday,0,108.0932,0.00458929
2025-12-02 00:05:00,2025-12-02,1,Tuesday,1,114.9026,0.00487839
2025-12-02 00:10:00,2025-12-02,1,Tuesday,2,137.0996,0.00582081
2025-12-02 00:15:00,2025-12-02,1,Tuesday,3,69.0484,0.00293157
2025-12-02 00:20:00,2025-12-02,1,Tuesday,4,108.2357,0.00459534
2025-12-02 00:25:00,2025-12-02,1,Tuesday,5,115.1267,0.00488791
2025-12-02 00:30:00,2025-12-02,1,Tuesday,6,117.0533,0.0049697
2025-12-02 00:35:00,2025-12-02,1,Tuesday,7,105.7355,0.00448919
2025-12-02 00:40:00,2025-12-02,1,Tuesday,8,82.3941,0.00349819
2025-12-02 00:45:00,2025-12-02,1,Tuesday,9,117.2486,0.004978
2025-12-02 00:50:00,2025-12-02,1,Tuesday,10,140.5322,0.00596654
2025-12-02 00:55:00,2025-12-02,1,Tuesday,11,85.8163,0.00364348
2025-12-02 01:00:00,2025-12-02,1,Tuesday,12,125.7163,0.00533751
2025-12-02 01:05:00,2025-12-02,1,Tuesday,13,105.6396,0.00448512
2025-12-02 01:10:00,2025-12-02,1,Tuesday,14,109.9009,0.00466604
2025-12-02 01:15:00,2025-12-02,1,Tuesday,15,93.2278,0.00395815
2025-12-02 01:20:00,2025-12-02,1,Tuesday,16,104.9484,0.00445577
2025-12-02 01:25:00,2025-12-02,1,Tuesday,17,131.7568,0.00559397
2025-12-02 01:30:00,2025-12-02,1,Tuesday,18,119.6215,0.00507874
2025-12-02 01:35:00,2025-12-02,1,Tuesday,19,138.2614,0.00587013
2025-12-02 01:40:00,2025-12-02,1,Tuesday,20,128.8022,0.00546852
2025-12-02 01:45:00,2025-12-02,1,Tuesday,21,116.3706,0.00494072
2025-12-02 01:50:00,2025-12-02,1,Tuesday,22,137.3588,0.00583181
2025-12-02 01:55:00,2025-12-02,1,Tuesday,23,115.7111,0.00491272
2025-12-02 02:00:00,2025-12-02,1,Tuesday,24,121.6771,0.00516602
2025-12-02 02:05:00,2025-12-02,1,Tuesday,25,103.0943,0.00437705
2025-12-02 02:10:00,2025-12-02,1,Tuesday,26,108.6146,0.00461142
2025-12-02 02:15:00,2025-12-02,1,Tuesday,27,95.9638,0.00407431
2025-12-02 02:20:00,2025-12-02,1,Tuesday,28,122.6514,0.00520738
2025-12-02 02:25:00,2025-12-02,1,Tuesday,29,87.6018,0.00371929
2025-12-02 02:30:00,2025-12-02,1,Tuesday,30,118.4483,0.00502893
2025-12-02 02:35:00,2025-12-02,1,Tuesday,31,102.5756,0.00435503
2025-12-02 02:40:00,2025-12-02,1,Tuesday,32,123.6486,0.00524972
2025-12-02 02:45:00,2025-12-02,1,Tuesday,33,116.5326,0.0049476
2025-12-02 02:50:00,2025-12-02,1,Tuesday,34,132.7712,0.00563704
2025-12-02 02:55:00,2025-12-02,1,Tuesday,35,115.2148,0.00489165
2025-12-02 03:00:00,2025-12-02,1,Tuesday,36,78.9914,0.00335372
2025-12-02 03:05:00,2025-12-02,1,Tuesday,37,101.8545,0.00432441
2025-12-02 03:10:00,2025-12-02,1,Tuesday,38,84.398,0.00358326
2025-12-02 03:15:00,2025-12-02,1,Tuesday,39,93.9802,0.0039901
2025-12-02 03:20:00,2025-12-02,1,Tuesday,40,124.3796,0.00528076
2025-12-02 03:25:00,2025-12-02,1,Tuesday,41,110.5253,0.00469255
2025-12-02 03:30:00,2025-12-02,1,Tuesday,42,89.8316,0.00381396
2025-12-02 03:35:00,2025-12-02,1,Tuesday,43,84.6398,0.00359353
2025-12-02 03:40:00,2025-12-02,1,Tuesday,44,99.7627,0.0042356
2025-12-02 03:45:00,2025-12-02,1,Tuesday,45,80.7075,0.00342658
2025-12-02 03:50:00,2025-12-02,1,Tuesday,46,88.2809,0.00374812
2025-12-02 03:55:00,2025-12-02,1,Tuesday,47,102.1631,0.00433751
2025-12-02 04:00:00,2025-12-02,1,Tuesday,48,113.8336,0.00483301
2025-12-02 04:05:00,2025-12-02,1,Tuesday,49,105.244,0.00446832
2025-12-02 04:10:00,2025-12-02,1,Tuesday,50,62.9059,0.00267078
2025-12-02 04:15:00,2025-12-02,1,Tuesday,51,99.6009,0.00422873
2025-12-02 04:20:00,2025-12-02,1,Tuesday,52,95.6721,0.00406193
2025-12-02 04:25:00,2025-12-02,1,Tuesday,53,99.879,0.00424054
2025-12-02 04:30:00,2025-12-02,1,Tuesday,54,116.0753,0.00492818
2025-12-02 04:35:00,2025-12-02,1,Tuesday,55,64.0836,0.00272078
2025-12-02 04:40:00,2025-12-02,1,Tuesday,56,84.0069,0.00356666
2025-12-02 04:45:00,2025-12-02,1,Tuesday,57,99.6641,0.00423142
2025-12-02 04:50:00,2025-12-02,1,Tuesday,58,69.3459,0.0029442
2025-12-02 04:55:00,2025-12-02,1,Tuesday,59,110.2608,0.00468132
2025-12-02 05:00:00,2025-12-02,1,Tuesday,60,94.5834,0.00401571
2025-12-02 05:05:00,2025-12-02,1,Tuesday,61,100.2833,0.0042577
2025-12-02 05:10:00,2025-12-02,1,Tuesday,62,80.7676,0.00342913
2025-12-02 05:15:00,2025-12-02,1,Tuesday,63,98.3809,0.00417693
2025-12-02 05:20:00,2025-12-02,1,Tuesday,64,100.9685,0.0042868
2025-12-02 05:25:00,2025-12-02,1,Tuesday,65,89.3788,0.00379474
2025-12-02 05:30:00,2025-12-02,1,Tuesday,66,88.7136,0.00376649
2025-12-02 05:35:00,2025-12-02,1,Tuesday,67,88.4851,0.00375679
2025-12-02 05:40:00,2025-12-02,1,Tuesday,68,73.4453,0.00311825
2025-12-02 05:45:00,2025-12-02,1,Tuesday,69,81.8528,0.0034752
2025-12-02 05:50:00,2025-12-02,1,Tuesday,70,81.1379,0.00344485
2025-12-02 05:55:00,2025-12-02,1,Tuesday,71,87.1067,0.00369827
2025-12-02 06:00:00,2025-12-02,1,Tuesday,72,93.9543,0.003989
2025-12-02 06:05:00,2025-12-02,1,Tuesday,73,68.1665,0.00289413
2025-12-02 06:10:00,2025-12-02,1,Tuesday,74,78.8579,0.00334805
2025-12-02 06:15:00,2025-12-02,1,Tuesday,75,97.4077,0.00413562
2025-12-02 06:20:00,2025-12-02,1,Tuesday,76,70.216,0.00298115
2025-12-02 06:25:00,2025-12-02,1,Tuesday,77,68.7004,0.0029168
2025-12-02 06:30:00,2025-12-02,1,Tuesday,78,80.0602,0.0033991
2025-12-02 06:35:00,2025-12-02,1,Tuesday,79,86.7983,0.00368518
2025-12-02 06:40:00,2025-12-02,1,Tuesday,80,76.512,0.00324845
2025-12-02 06:45:00,2025-12-02,1,Tuesday,81,90.8193,0.00385589
2025-12-02 06:50:00,2025-12-02,1,Tuesday,82,84.7179,0.00359685
2025-12-02 06:55:00,2025-12-02,1,Tuesday,83,83.8162,0.00355856
2025-12-02 07:00:00,2025-12-02,1,Tuesday,84,79.9033,0.00339244
2025-12-02 07:05:00,2025-12-02,1,Tuesday,85,98.6603,0.0041888
2025-12-02 07:10:00,2025-12-02,1,Tuesday,86,70.2575,0.00298291
2025-12-02 07:15:00,2025-12-02,1,Tuesday,87,50.2592,0.00213384
2025-12-02 07:20:00,2025-12-02,1,Tuesday,88,88.3613,0.00375154
2025-12-02 07:25:00,2025-12-02,1,Tuesday,89,65.7501,0.00279154
2025-12-02 07:30:00,2025-12-02,1,Tuesday,90,71.109,0.00301906
2025-12-02 07:35:00,2025-12-02,1,Tuesday,91,82.9869,0.00352335
2025-12-02 07:40:00,2025-12-02,1,Tuesday,92,52.2291,0.00221748
2025-12-02 07:45:00,2025-12-02,1,Tuesday,93,55.3554,0.00235021
2025-12-02 07:50:00,2025-12-02,1,Tuesday,94,51.3283,0.00217923
2025-12-02 07:55:00,2025-12-02,1,Tuesday,95,58.9879,0.00250443
2025-12-02 08:00:00,2025-12-02,1,Tuesday,96,70.7599,0.00300424
2025-12-02 08:05:00,2025-12-02,1,Tuesday,97,70.9814,0.00301364
2025-12-02 08:10:00,2025-12-02,1,Tuesday,98,67.9431,0.00288464
2025-12-02 08:15:00,2025-12-02,1,Tuesday,99,50.9731,0.00216415
2025-12-02 08:20:00,2025-12-02,1,Tuesday,100,41.9067,0.00177922
2025-12-02 08:25:00,2025-12-02,1,Tuesday,101,64.1032,0.00272161
2025-12-02 08:30:00,2025-12-02,1,Tuesday,102,58.5882,0.00248747
2025-12-02 08:35:00,2025-12-02,1,Tuesday,103,66.8327,0.0028375
2025-12-02 08:40:00,2025-12-02,1,Tuesday,104,68.5365,0.00290984
2025-12-02 08:45:00,2025-12-02,1,Tuesday,105,62.7755,0.00266525
2025-12-02 08:50:00,2025-12-02,1,Tuesday,106,67.9581,0.00288528
2025-12-02 08:55:00,2025-12-02,1,Tuesday,107,62.5953,0.00265759
2025-12-02 09:00:00,2025-12-02,1,Tuesday,108,64.8105,0.00275164
2025-12-02 09:05:00,2025-12-02,1,Tuesday,109,53.273,0.0022618
2025-12-02 09:10:00,2025-12-02,1,Tuesday,110,57.52,0.00244211
2025-12-02 09:15:00,2025-12-02,1,Tuesday,111,60.3981,0.00256431
2025-12-02 09:20:00,2025-12-02,1,Tuesday,112,65.3983,0.0027766
2025-12-02 09:25:00,2025-12-02,1,Tuesday,113,54.393,0.00230935
2025-12-02 09:30:00,2025-12-02,1,Tuesday,114,61.8814,0.00262728
2025-12-02 09:35:00,2025-12-02,1,Tuesday,115,54.7208,0.00232327
2025-12-02 09:40:00,2025-12-02,1,Tuesday,116,55.6061,0.00236086
2025-12-02 09:45:00,2025-12-02,1,Tuesday,117,63.2229,0.00268424
2025-12-02 09:50:00,2025-12-02,1,Tuesday,118,39.1612,0.00166266
2025-12-02 09:55:00,2025-12-02,1,Tuesday,119,44.7137,0.0018984
2025-12-02 10:00:00,2025-12-02,1,Tuesday,120,42.9026,0.00182151
2025-12-02 10:05:00,2025-12-02,1,Tuesday,121,35.6438,0.00151332
2025-12-02 10:10:00,2025-12-02,1,Tuesday,122,48.9777,0.00207943
2025-12-02 10:15:00,2025-12-02,1,Tuesday,123,60.3184,0.00256092
2025-12-02 10:20:00,2025-12-02,1,Tuesday,124,51.6291,0.002192
2025-12-02 10:25:00,2025-12-02,1,Tuesday,125,55.2499,0.00234573
2025-12-02 10:30:00,2025-12-02,1,Tuesday,126,62.1194,0.00263739
2025-12-02 10:35:00,2025-12-02,1,Tuesday,127,63.7307,0.0027058
2025-12-02 10:40:00,2025-12-02,1,Tuesday,128,52.3623,0.00222313
2025-12-02 10:45:00,2025-12-02,1,Tuesday,129,63.3872,0.00269121
2025-12-02 10:50:00,2025-12-02,1,Tuesday,130,53.2066,0.00225898
2025-12-02 10:55:00,2025-12-02,1,Tuesday,131,45.7195,0.0019411
2025-12-02 11:00:00,2025-12-02,1,Tuesday,132,47.4614,0.00201506
2025-12-02 11:05:00,2025-12-02,1,Tuesday,133,40.4062,0.00171552
2025-12-02 11:10:00,2025-12-02,1,Tuesday,134,44.8901,0.00190589
2025-12-02 11:15:00,2025-12-02,1,Tuesday,135,48.8782,0.00207521
2025-12-02 11:20:00,2025-12-02,1,Tuesday,136,57.7399,0.00245145
2025-12-02 11:25:00,2025-12-02,1,Tuesday,137,64.6921,0.00274662
2025-12-02 11:30:00,2025-12-02,1,Tuesday,138,40.6843,0.00172732
2025-12-02 11:35:00,2025-12-02,1,Tuesday,139,54.265,0.00230392
2025-12-02 11:40:00,2025-12-02,1,Tuesday,140,43.1917,0.00183378
2025-12-02 11:45:00,2025-12-02,1,Tuesday,141,54.7695,0.00232534
2025-12-02 11:50:00,2025-12-02,1,Tuesday,142,50.0878,0.00212657
2025-12-02 11:55:00,2025-12-02,1,Tuesday,143,37.0448,0.0015728
2025-12-02 12:00:00,2025-12-02,1,Tuesday,144,58.1736,0.00246986
2025-12-02 12:05:00,2025-12-02,1,Tuesday,145,46.4359,0.00197152
2025-12-02 12:10:00,2025-12-02,1,Tuesday,146,47.0007,0.0019955
2025-12-02 12:15:00,2025-12-02,1,Tuesday,147,42.9246,0.00182244
2025-12-02 12:20:00,2025-12-02,1,Tuesday,148,46.157,0.00195968
2025-12-02 12:25:00,2025-12-02,1,Tuesday,149,54.5345,0.00231536
2025-12-02 12:30:00,2025-12-02,1,Tuesday,150,49.8685,0.00211725
2025-12-02 12:35:00,2025-12-02,1,Tuesday,151,53.9548,0.00229075
2025-12-02 12:40:00,2025-12-02,1,Tuesday,152,54.3262,0.00230651
2025-12-02 12:45:00,2025-12-02,1,Tuesday,153,61.8842,0.0026274
2025-12-02 12:50:00,2025-12-02,1,Tuesday,154,49.1266,0.00208576
2025-12-02 12:55:00,2025-12-02,1,Tuesday,155,40.4348,0.00171673
2025-12-02 13:00:00,2025-12-02,1,Tuesday,156,60.4488,0.00256646
2025-12-02 13:05:00,2025-12-02,1,Tuesday,157,49.6874,0.00210957
2025-12-02 13:10:00,2025-12-02,1,Tuesday,158,61.2556,0.00260072
2025-12-02 13:15:00,2025-12-02,1,Tuesday,159,55.7192,0.00236566
2025-12-02 13:20:00,2025-12-02,1,Tuesday,160,51.8702,0.00220224
2025-12-02 13:25:00,2025-12-02,1,Tuesday,161,55.9269,0.00237447
2025-12-02 13:30:00,2025-12-02,1,Tuesday,162,69.0218,0.00293044
2025-12-02 13:35:00,2025-12-02,1,Tuesday,163,70.375,0.00298789
2025-12-02 13:40:00,2025-12-02,1,Tuesday,164,54.4951,0.00231369
2025-12-02 13:45:00,2025-12-02,1,Tuesday,165,55.5258,0.00235745
2025-12-02 13:50:00,2025-12-02,1,Tuesday,166,63.3274,0.00268868
2025-12-02 13:55:00,2025-12-02,1,Tuesday,167,47.8837,0.00203299
2025-12-02 14:00:00,2025-12-02,1,Tuesday,168,57.9242,0.00245928
2025-12-02 14:05:00,2025-12-02,1,Tuesday,169,55.2932,0.00234757
2025-12-02 14:10:00,2025-12-02,1,Tuesday,170,58.4918,0.00248337
2025-12-02 14:15:00,2025-12-02,1,Tuesday,171,49.1981,0.00208879
2025-12-02 14:20:00,2025-12-02,1,Tuesday,172,43.1077,0.00183021
2025-12-02 14:25:00,2025-12-02,1,Tuesday,173,39.2715,0.00166734
2025-12-02 14:30:00,2025-12-02,1,Tuesday,174,47.7748,0.00202836
2025-12-02 14:35:00,2025-12-02,1,Tuesday,175,53.83,0.00228545
2025-12-02 14:40:00,2025-12-02,1,Tuesday,176,55.6703,0.00236358
2025-12-02 14:45:00,2025-12-02,1,Tuesday,177,75.714,0.00321457
2025-12-02 14:50:00,2025-12-02,1,Tuesday,178,68.9193,0.00292609
2025-12-02 14:55:00,2025-12-02,1,Tuesday,179,50.9728,0.00216414
2025-12-02 15:00:00,2025-12-02,1,Tuesday,180,63.1683,0.00268192
2025-12-02 15:05:00,2025-12-02,1,Tuesday,181,56.8196,0.00241238
2025-12-02 15:10:00,2025-12-02,1,Tuesday,182,58.4005,0.0024795
2025-12-02 15:15:00,2025-12-02,1,Tuesday,183,63.2099,0.00268369
2025-12-02 15:20:00,2025-12-02,1,Tuesday,184,67.7666,0.00287715
2025-12-02 15:25:00,2025-12-02,1,Tuesday,185,59.3425,0.00251949
2025-12-02 15:30:00,2025-12-02,1,Tuesday,186,73.1114,0.00310408
2025-12-02 15:35:00,2025-12-02,1,Tuesday,187,52.6933,0.00223719
2025-12-02 15:40:00,2025-12-02,1,Tuesday,188,64.189,0.00272526
2025-12-02 15:45:00,2025-12-02,1,Tuesday,189,89.8823,0.00381611
2025-12-02 15:50:00,2025-12-02,1,Tuesday,190,67.4226,0.00286254
2025-12-02 15:55:00,2025-12-02,1,Tuesday,191,79.9545,0.00339461
2025-12-02 16:00:00,2025-12-02,1,Tuesday,192,67.2936,0.00285707
2025-12-02 16:05:00,2025-12-02,1,Tuesday,193,72.7985,0.00309079
2025-12-02 16:10:00,2025-12-02,1,Tuesday,194,66.9788,0.00284371
2025-12-02 16:15:00,2025-12-02,1,Tuesday,195,66.4084,0.00281949
2025-12-02 16:20:00,2025-12-02,1,Tuesday,196,60.7143,0.00257773
2025-12-02 16:25:00,2025-12-02,1,Tuesday,197,73.8389,0.00313496
2025-12-02 16:30:00,2025-12-02,1,Tuesday,198,61.0385,0.0025915
2025-12-02 16:35:00,2025-12-02,1,Tuesday,199,77.6452,0.00329656
2025-12-02 16:40:00,2025-12-02,1,Tuesday,200,82.817,0.00351614
2025-12-02 16:45:00,2025-12-02,1,Tuesday,201,75.8035,0.00321837
2025-12-02 16:50:00,2025-12-02,1,Tuesday,202,69.3758,0.00294547
2025-12-02 16:55:00,2025-12-02,1,Tuesday,203,78.1075,0.00331619
2025-12-02 17:00:00,2025-12-02,1,Tuesday,204,70.3559,0.00298708
2025-12-02 17:05:00,2025-12-02,1,Tuesday,205,84.8624,0.00360299
2025-12-02 17:10:00,2025-12-02,1,Tuesday,206,54.4475,0.00231166
2025-12-02 17:15:00,2025-12-02,1,Tuesday,207,71.9121,0.00305315
2025-12-02 17:20:00,2025-12-02,1,Tuesday,208,53.572,0.00227449
2025-12-02 17:25:00,2025-12-02,1,Tuesday,209,59.7635,0.00253736
2025-12-02 17:30:00,2025-12-02,1,Tuesday,210,93.5985,0.00397389
2025-12-02 17:35:00,2025-12-02,1,Tuesday,211,88.8886,0.00377392
2025-12-02 17:40:00,2025-12-02,1,Tuesday,212,70.5018,0.00299328
2025-12-02 17:45:00,2025-12-02,1,Tuesday,213,61.7356,0.00262109
2025-12-02 17:50:00,2025-12-02,1,Tuesday,214,44.6283,0.00189477
2025-12-02 17:55:00,2025-12-02,1,Tuesday,215,74.4268,0.00315992
2025-12-02 18:00:00,2025-12-02,1,Tuesday,216,111.3639,0.00472815
2025-12-02 18:05:00,2025-12-02,1,Tuesday,217,87.7428,0.00372528
2025-12-02 18:10:00,2025-12-02,1,Tuesday,218,76.0679,0.0032296
2025-12-02 18:15:00,2025-12-02,1,Tuesday,219,89.5445,0.00380177
2025-12-02 18:20:00,2025-12-02,1,Tuesday,220,64.6165,0.00274341
2025-12-02 18:25:00,2025-12-02,1,Tuesday,221,81.2442,0.00344937
2025-12-02 18:30:00,2025-12-02,1,Tuesday,222,86.9791,0.00369285
2025-12-02 18:35:00,2025-12-02,1,Tuesday,223,85.2467,0.0036193
2025-12-02 18:40:00,2025-12-02,1,Tuesday,224,97.3441,0.00413291
2025-12-02 18:45:00,2025-12-02,1,Tuesday,225,92.2112,0.00391499
2025-12-02 18:50:00,2025-12-02,1,Tuesday,226,97.1878,0.00412628
2025-12-02 18:55:00,2025-12-02,1,Tuesday,227,79.7954,0.00338786
2025-12-02 19:00:00,2025-12-02,1,Tuesday,228,101.7018,0.00431793
2025-12-02 19:05:00,2025-12-02,1,Tuesday,229,112.3324,0.00476927
2025-12-02 19:10:00,2025-12-02,1,Tuesday,230,77.6842,0.00329822
2025-12-02 19:15:00,2025-12-02,1,Tuesday,231,79.3593,0.00336934
2025-12-02 19:20:00,2025-12-02,1,Tuesday,232,110.65,0.00469784
2025-12-02 19:25:00,2025-12-02,1,Tuesday,233,90.142,0.00382714
2025-12-02 19:30:00,2025-12-02,1,Tuesday,234,113.0989,0.00480181
2025-12-02 19:35:00,2025-12-02,1,Tuesday,235,87.7982,0.00372763
2025-12-02 19:40:00,2025-12-02,1,Tuesday,236,115.3073,0.00489558
2025-12-02 19:45:00,2025-12-02,1,Tuesday,237,97.1308,0.00412386
2025-12-02 19:50:00,2025-12-02,1,Tuesday,238,99.5609,0.00422704
2025-12-02 19:55:00,2025-12-02,1,Tuesday,239,119.0725,0.00505543
2025-12-02 20:00:00,2025-12-02,1,Tuesday,240,91.7554,0.00389564
2025-12-02 20:05:00,2025-12-02,1,Tuesday,241,83.8181,0.00355864
2025-12-02 20:10:00,2025-12-02,1,Tuesday,242,91.5582,0.00388726
2025-12-02 20:15:00,2025-12-02,1,Tuesday,243,105.4212,0.00447584
2025-12-02 20:20:00,2025-12-02,1,Tuesday,244,75.9585,0.00322495
2025-12-02 20:25:00,2025-12-02,1,Tuesday,245,109.3625,0.00464318
2025-12-02 20:30:00,2025-12-02,1,Tuesday,246,92.2424,0.00391632
2025-12-02 20:35:00,2025-12-02,1,Tuesday,247,118.2467,0.00502037
2025-12-02 20:40:00,2025-12-02,1,Tuesday,248,64.9801,0.00275884
2025-12-02 20:45:00,2025-12-02,1,Tuesday,249,89.8794,0.00381599
2025-12-02 20:50:00,2025-12-02,1,Tuesday,250,76.4959,0.00324777
2025-12-02 20:55:00,2025-12-02,1,Tuesday,251,90.1365,0.0038269
2025-12-02 21:00:00,2025-12-02,1,Tuesday,252,107.2056,0.0045516
2025-12-02 21:05:00,2025-12-02,1,Tuesday,253,101.0416,0.0042899
2025-12-02 21:10:00,2025-12-02,1,Tuesday,254,100.3263,0.00425953
2025-12-02 21:15:00,2025-12-02,1,Tuesday,255,102.2353,0.00434058
2025-12-02 21:20:00,2025-12-02,1,Tuesday,256,108.3799,0.00460146
2025-12-02 21:25:00,2025-12-02,1,Tuesday,257,89.6209,0.00380501
2025-12-02 21:30:00,2025-12-02,1,Tuesday,258,117.2478,0.00497796
2025-12-02 21:35:00,2025-12-02,1,Tuesday,259,116.9862,0.00496685
2025-12-02 21:40:00,2025-12-02,1,Tuesday,260,112.9667,0.0047962
2025-12-02 21:45:00,2025-12-02,1,Tuesday,261,116.1229,0.0049302
2025-12-02 21:50:00,2025-12-02,1,Tuesday,262,112.3227,0.00476886
2025-12-02 21:55:00,2025-12-02,1,Tuesday,263,140.8299,0.00597918
2025-12-02 22:00:00,2025-12-02,1,Tuesday,264,106.8206,0.00453526
2025-12-02 22:05:00,2025-12-02,1,Tuesday,265,103.5618,0.0043969
2025-12-02 22:10:00,2025-12-02,1,Tuesday,266,96.5712,0.0041001
2025-12-02 22:15:00,2025-12-02,1,Tuesday,267,92.2743,0.00391767
2025-12-02 22:20:00,2025-12-02,1,Tuesday,268,89.0341,0.0037801
2025-12-02 22:25:00,2025-12-02,1,Tuesday,269,95.1135,0.00403821
2025-12-02 22:30:00,2025-12-02,1,Tuesday,270,108.8408,0.00462103
2025-12-02 22:35:00,2025-12-02,1,Tuesday,271,115.7848,0.00491585
2025-12-02 22:40:00,2025-12-02,1,Tuesday,272,111.3392,0.0047271
2025-12-02 22:45:00,2025-12-02,1,Tuesday,273,98.0001,0.00416077
2025-12-02 22:50:00,2025-12-02,1,Tuesday,274,125.8987,0.00534525
2025-12-02 22:55:00,2025-12-02,1,Tuesday,275,123.4393,0.00524083
2025-12-02 23:00:00,2025-12-02,1,Tuesday,276,108.6301,0.00461208
2025-12-02 23:05:00,2025-12-02,1,Tuesday,277,100.545,0.00426882
2025-12-02 23:10:00,2025-12-02,1,Tuesday,278,120.7948,0.00512856
2025-12-02 23:15:00,2025-12-02,1,Tuesday,279,114.9015,0.00487835
2025-12-02 23:20:00,2025-12-02,1,Tuesday,280,87.5727,0.00371805
2025-12-02 23:25:00,2025-12-02,1,Tuesday,281,110.8408,0.00470594
2025-12-02 23:30:00,2025-12-02,1,Tuesday,282,116.4824,0.00494547
2025-12-02 23:35:00,2025-12-02,1,Tuesday,283,97.0211,0.0041192
2025-12-02 23:40:00,2025-12-02,1,Tuesday,284,115.4184,0.00490029
2025-12-02 23:45:00,2025-12-02,1,Tuesday,285,87.7729,0.00372655
2025-12-02 23:50:00,2025-12-02,1,Tuesday,286,134.8202,0.00572403
2025-12-02 23:55:00,2025-12-02,1,Tuesday,287,133.3597,0.00566202
2025-12-03 00:00:00,2025-12-03,2,Wednesday,0,130.5833,0.00507717
2025-12-03 00:05:00,2025-12-03,2,Wednesday,1,79.0632,0.00307403
2025-12-03 00:10:00,2025-12-03,2,Wednesday,2,102.3267,0.00397853
2025-12-03 00:15:00,2025-12-03,2,Wednesday,3,118.3062,0.00459983
2025-12-03 00:20:00,2025-12-03,2,Wednesday,4,103.8097,0.00403619
2025-12-03 00:25:00,2025-12-03,2,Wednesday,5,136.8798,0.00532198
2025-12-03 00:30:00,2025-12-03,2,Wednesday,6,160.5562,0.00624253
2025-12-03 00:35:00,2025-12-03,2,Wednesday,7,101.6531,0.00395234
2025-12-03 00:40:00,2025-12-03,2,Wednesday,8,107.8278,0.00419242
2025-12-03 00:45:00,2025-12-03,2,Wednesday,9,127.5338,0.0049586
2025-12-03 00:50:00,2025-12-03,2,Wednesday,10,152.7644,0.00593958
2025-12-03 00:55:00,2025-12-03,2,Wednesday,11,100.3364,0.00390115
2025-12-03 01:00:00,2025-12-03,2,Wednesday,12,127.2643,0.00494812
2025-12-03 01:05:00,2025-12-03,2,Wednesday,13,155.9447,0.00606324
2025-12-03 01:10:00,2025-12-03,2,Wednesday,14,91.9752,0.00357606
2025-12-03 01:15:00,2025-12-03,2,Wednesday,15,98.5887,0.00383319
2025-12-03 01:20:00,2025-12-03,2,Wednesday,16,114.0565,0.00443459
2025-12-03 01:25:00,2025-12-03,2,Wednesday,17,112.0454,0.0043564
2025-12-03 01:30:00,2025-12-03,2,Wednesday,18,136.042,0.00528941
2025-12-03 01:35:00,2025-12-03,2,Wednesday,19,125.3572,0.00487397
2025-12-03 01:40:00,2025-12-03,2,Wednesday,20,88.5408,0.00344253
2025-12-03 01:45:00,2025-12-03,2,Wednesday,21,129.6537,0.00504103
2025-12-03 01:50:00,2025-12-03,2,Wednesday,22,109.6192,0.00426207
2025-12-03 01:55:00,2025-12-03,2,Wednesday,23,142.5457,0.00554228
2025-12-03 02:00:00,2025-12-03,2,Wednesday,24,108.0762,0.00420208
2025-12-03 02:05:00,2025-12-03,2,Wednesday,25,107.5751,0.00418259
2025-12-03 02:10:00,2025-12-03,2,Wednesday,26,128.1653,0.00498315
2025-12-03 02:15:00,2025-12-03,2,Wednesday,27,131.6604,0.00511905
2025-12-03 02:20:00,2025-12-03,2,Wednesday,28,125.6374,0.00488487
2025-12-03 02:25:00,2025-12-03,2,Wednesday,29,87.6385,0.00340744
2025-12-03 02:30:00,2025-12-03,2,Wednesday,30,126.2839,0.00491
2025-12-03 02:35:00,2025-12-03,2,Wednesday,31,98.3396,0.00382351
2025-12-03 02:40:00,2025-12-03,2,Wednesday,32,120.0223,0.00466655
2025-12-03 02:45:00,2025-12-03,2,Wednesday,33,90.7955,0.00353019
2025-12-03 02:50:00,2025-12-03,2,Wednesday,34,122.6558,0.00476894
2025-12-03 02:55:00,2025-12-03,2,Wednesday,35,100.6078,0.0039117
2025-12-03 03:00:00,2025-12-03,2,Wednesday,36,92.0189,0.00357776
2025-12-03 03:05:00,2025-12-03,2,Wednesday,37,125.5574,0.00488176
2025-12-03 03:10:00,2025-12-03,2,Wednesday,38,116.9675,0.00454778
2025-12-03 03:15:00,2025-12-03,2,Wednesday,39,101.9825,0.00396515
2025-12-03 03:20:00,2025-12-03,2,Wednesday,40,136.0976,0.00529157
2025-12-03 03:25:00,2025-12-03,2,Wednesday,41,103.8487,0.00403771
2025-12-03 03:30:00,2025-12-03,2,Wednesday,42,111.1519,0.00432166
2025-12-03 03:35:00,2025-12-03,2,Wednesday,43,114.468,0.00445059
2025-12-03 03:40:00,2025-12-03,2,Wednesday,44,99.2593,0.00385927
2025-12-03 03:45:00,2025-12-03,2,Wednesday,45,116.5133,0.00453012
2025-12-03 03:50:00,2025-12-03,2,Wednesday,46,99.5473,0.00387047
2025-12-03 03:55:00,2025-12-03,2,Wednesday,47,100.9374,0.00392452
2025-12-03 04:00:00,2025-12-03,2,Wednesday,48,128.8054,0.00500804
2025-12-03 04:05:00,2025-12-03,2,Wednesday,49,89.7112,0.00348803
2025-12-03 04:10:00,2025-12-03,2,Wednesday,50,67.4161,0.00262118
2025-12-03 04:15:00,2025-12-03,2,Wednesday,51,130.3685,0.00506881
2025-12-03 04:20:00,2025-12-03,2,Wednesday,52,144.2293,0.00560774
2025-12-03 04:25:00,2025-12-03,2,Wednesday,53,97.3599,0.00378542
2025-12-03 04:30:00,2025-12-03,2,Wednesday,54,73.0645,0.0028408
2025-12-03 04:35:00,2025-12-03,2,Wednesday,55,97.5358,0.00379226
2025-12-03 04:40:00,2025-12-03,2,Wednesday,56,97.2481,0.00378107
2025-12-03 04:45:00,2025-12-03,2,Wednesday,57,98.0406,0.00381189
2025-12-03 04:50:00,2025-12-03,2,Wednesday,58,83.4786,0.0032457
2025-12-03 04:55:00,2025-12-03,2,Wednesday,59,108.1611,0.00420538
2025-12-03 05:00:00,2025-12-03,2,Wednesday,60,106.574,0.00414367
2025-12-03 05:05:00,2025-12-03,2,Wednesday,61,76.0997,0.00295881
2025-12-03 05:10:00,2025-12-03,2,Wednesday,62,107.5815,0.00418284
2025-12-03 05:15:00,2025-12-03,2,Wednesday,63,126.4068,0.00491478
2025-12-03 05:20:00,2025-12-03,2,Wednesday,64,98.3986,0.0038258
2025-12-03 05:25:00,2025-12-03,2,Wednesday,65,90.3805,0.00351406
2025-12-03 05:30:00,2025-12-03,2,Wednesday,66,92.4558,0.00359474
2025-12-03 05:35:00,2025-12-03,2,Wednesday,67,102.3873,0.00398089
2025-12-03 05:40:00,2025-12-03,2,Wednesday,68,68.8595,0.00267731
2025-12-03 05:45:00,2025-12-03,2,Wednesday,69,94.5438,0.00367593
2025-12-03 05:50:00,2025-12-03,2,Wednesday,70,86.1719,0.00335042
2025-12-03 05:55:00,2025-12-03,2,Wednesday,71,115.9629,0.00450872
2025-12-03 06:00:00,2025-12-03,2,Wednesday,72,87.7069,0.0034101
2025-12-03 06:05:00,2025-12-03,2,Wednesday,73,111.6702,0.00434181
2025-12-03 06:10:00,2025-12-03,2,Wednesday,74,73.9202,0.00287407
2025-12-03 06:15:00,2025-12-03,2,Wednesday,75,95.5897,0.00371659
2025-12-03 06:20:00,2025-12-03,2,Wednesday,76,91.2901,0.00354942
2025-12-03 06:25:00,2025-12-03,2,Wednesday,77,75.1224,0.00292081
2025-12-03 06:30:00,2025-12-03,2,Wednesday,78,87.9307,0.00341881
2025-12-03 06:35:00,2025-12-03,2,Wednesday,79,100.3677,0.00390236
2025-12-03 06:40:00,2025-12-03,2,Wednesday,80,80.106,0.00311458
2025-12-03 06:45:00,2025-12-03,2,Wednesday,81,62.2866,0.00242175
2025-12-03 06:50:00,2025-12-03,2,Wednesday,82,82.5321,0.0032089
2025-12-03 06:55:00,2025-12-03,2,Wednesday,83,70.9283,0.00275774
2025-12-03 07:00:00,2025-12-03,2,Wednesday,84,77.143,0.00299937
2025-12-03 07:05:00,2025-12-03,2,Wednesday,85,79.6228,0.00309579
2025-12-03 07:10:00,2025-12-03,2,Wednesday,86,59.4609,0.00231188
2025-12-03 07:15:00,2025-12-03,2,Wednesday,87,60.009,0.00233319
2025-12-03 07:20:00,2025-12-03,2,Wednesday,88,84.1859,0.00327321
2025-12-03 07:25:00,2025-12-03,2,Wednesday,89,71.7177,0.00278843
2025-12-03 07:30:00,2025-12-03,2,Wednesday,90,47.4607,0.0018453
2025-12-03 07:35:00,2025-12-03,2,Wednesday,91,85.4592,0.00332271
2025-12-03 07:40:00,2025-12-03,2,Wednesday,92,78.8833,0.00306703
2025-12-03 07:45:00,2025-12-03,2,Wednesday,93,67.0784,0.00260805
2025-12-03 07:50:00,2025-12-03,2,Wednesday,94,59.7567,0.00232338
2025-12-03 07:55:00,2025-12-03,2,Wednesday,95,83.07,0.00322982
2025-12-03 08:00:00,2025-12-03,2,Wednesday,96,77.0081,0.00299413
2025-12-03 08:05:00,2025-12-03,2,Wednesday,97,98.4645,0.00382837
2025-12-03 08:10:00,2025-12-03,2,Wednesday,98,76.4465,0.00297229
2025-12-03 08:15:00,2025-12-03,2,Wednesday,99,75.4431,0.00293328
2025-12-03 08:20:00,2025-12-03,2,Wednesday,100,68.9187,0.00267961
2025-12-03 08:25:00,2025-12-03,2,Wednesday,101,78.677,0.00305901
2025-12-03 08:30:00,2025-12-03,2,Wednesday,102,76.017,0.00295559
2025-12-03 08:35:00,2025-12-03,2,Wednesday,103,81.8613,0.00318282
2025-12-03 08:40:00,2025-12-03,2,Wednesday,104,63.0063,0.00244973
2025-12-03 08:45:00,2025-12-03,2,Wednesday,105,63.3645,0.00246366
2025-12-03 08:50:00,2025-12-03,2,Wednesday,106,62.411,0.00242658
2025-12-03 08:55:00,2025-12-03,2,Wednesday,107,74.6184,0.00290121
2025-12-03 09:00:00,2025-12-03,2,Wednesday,108,81.0532,0.00315141
2025-12-03 09:05:00,2025-12-03,2,Wednesday,109,61.1444,0.00237734
2025-12-03 09:10:00,2025-12-03,2,Wednesday,110,61.0084,0.00237205
2025-12-03 09:15:00,2025-12-03,2,Wednesday,111,67.715,0.0026328
2025-12-03 09:20:00,2025-12-03,2,Wednesday,112,61.8223,0.0024037
2025-12-03 09:25:00,2025-12-03,2,Wednesday,113,72.8211,0.00283133
2025-12-03 09:30:00,2025-12-03,2,Wednesday,114,41.8971,0.00162899
2025-12-03 09:35:00,2025-12-03,2,Wednesday,115,55.0336,0.00213975
2025-12-03 09:40:00,2025-12-03,2,Wednesday,116,55.0722,0.00214124
2025-12-03 09:45:00,2025-12-03,2,Wednesday,117,40.407,0.00157105
2025-12-03 09:50:00,2025-12-03,2,Wednesday,118,52.6758,0.00204807
2025-12-03 09:55:00,2025-12-03,2,Wednesday,119,52.7879,0.00205243
2025-12-03 10:00:00,2025-12-03,2,Wednesday,120,58.9776,0.00229309
2025-12-03 10:05:00,2025-12-03,2,Wednesday,121,70.5425,0.00274274
2025-12-03 10:10:00,2025-12-03,2,Wednesday,122,57.8939,0.00225096
2025-12-03 10:15:00,2025-12-03,2,Wednesday,123,50.5284,0.00196458
2025-12-03 10:20:00,2025-12-03,2,Wednesday,124,58.9437,0.00229177
2025-12-03 10:25:00,2025-12-03,2,Wednesday,125,68.4559,0.00266161
2025-12-03 10:30:00,2025-12-03,2,Wednesday,126,50.2417,0.00195343
2025-12-03 10:35:00,2025-12-03,2,Wednesday,127,50.5819,0.00196666
2025-12-03 10:40:00,2025-12-03,2,Wednesday,128,63.2106,0.00245767
2025-12-03 10:45:00,2025-12-03,2,Wednesday,129,56.1497,0.00218314
2025-12-03 10:50:00,2025-12-03,2,Wednesday,130,63.4691,0.00246772
2025-12-03 10:55:00,2025-12-03,2,Wednesday,131,57.5186,0.00223636
2025-12-03 11:00:00,2025-12-03,2,Wednesday,132,63.4835,0.00246828
2025-12-03 11:05:00,2025-12-03,2,Wednesday,133,48.3657,0.00188049
2025-12-03 11:10:00,2025-12-03,2,Wednesday,134,56.9844,0.00221559
2025-12-03 11:15:00,2025-12-03,2,Wednesday,135,55.1369,0.00214376
2025-12-03 11:20:00,2025-12-03,2,Wednesday,136,46.441,0.00180566
2025-12-03 11:25:00,2025-12-03,2,Wednesday,137,43.3876,0.00168694
2025-12-03 11:30:00,2025-12-03,2,Wednesday,138,62.3959,0.00242599
2025-12-03 11:35:00,2025-12-03,2,Wednesday,139,53.5144,0.00208068
2025-12-03 11:40:00,2025-12-03,2,Wednesday,140,47.765,0.00185713
2025-12-03 11:45:00,2025-12-03,2,Wednesday,141,55.5466,0.00215969
2025-12-03 11:50:00,2025-12-03,2,Wednesday,142,65.8489,0.00256025
2025-12-03 11:55:00,2025-12-03,2,Wednesday,143,37.0361,0.00143999
2025-12-03 12:00:00,2025-12-03,2,Wednesday,144,43.6511,0.00169718
2025-12-03 12:05:00,2025-12-03,2,Wednesday,145,48.5023,0.0018858
2025-12-03 12:10:00,2025-12-03,2,Wednesday,146,68.6634,0.00266968
2025-12-03 12:15:00,2025-12-03,2,Wednesday,147,58.7487,0.00228419
2025-12-03 12:20:00,2025-12-03,2,Wednesday,148,62.9092,0.00244595
2025-12-03 12:25:00,2025-12-03,2,Wednesday,149,46.8273,0.00182068
2025-12-03 12:30:00,2025-12-03,2,Wednesday,150,47.0754,0.00183032
2025-12-03 12:35:00,2025-12-03,2,Wednesday,151,60.4878,0.00235181
2025-12-03 12:40:00,2025-12-03,2,Wednesday,152,57.2969,0.00222774
2025-12-03 12:45:00,2025-12-03,2,Wednesday,153,61.6228,0.00239594
2025-12-03 12:50:00,2025-12-03,2,Wednesday,154,55.4808,0.00215713
2025-12-03 12:55:00,2025-12-03,2,Wednesday,155,59.644,0.002319
2025-12-03 13:00:00,2025-12-03,2,Wednesday,156,58.8004,0.0022862
2025-12-03 13:05:00,2025-12-03,2,Wednesday,157,64.3608,0.00250239
2025-12-03 13:10:00,2025-12-03,2,Wednesday,158,64.8533,0.00252154
2025-12-03 13:15:00,2025-12-03,2,Wednesday,159,43.9674,0.00170948
2025-12-03 13:20:00,2025-12-03,2,Wednesday,160,38.6636,0.00150327
2025-12-03 13:25:00,2025-12-03,2,Wednesday,161,67.3865,0.00262003
2025-12-03 13:30:00,2025-12-03,2,Wednesday,162,69.3442,0.00269615
2025-12-03 13:35:00,2025-12-03,2,Wednesday,163,50.0924,0.00194763
2025-12-03 13:40:00,2025-12-03,2,Wednesday,164,42.8661,0.00166666
2025-12-03 13:45:00,2025-12-03,2,Wednesday,165,60.6581,0.00235843
2025-12-03 13:50:00,2025-12-03,2,Wednesday,166,68.4953,0.00266314
2025-12-03 13:55:00,2025-12-03,2,Wednesday,167,76.7505,0.00298411
2025-12-03 14:00:00,2025-12-03,2,Wednesday,168,65.5216,0.00254752
2025-12-03 14:05:00,2025-12-03,2,Wednesday,169,57.7757,0.00224636
2025-12-03 14:10:00,2025-12-03,2,Wednesday,170,53.3271,0.00207339
2025-12-03 14:15:00,2025-12-03,2,Wednesday,171,62.0855,0.00241393
2025-12-03 14:20:00,2025-12-03,2,Wednesday,172,59.5941,0.00231706
2025-12-03 14:25:00,2025-12-03,2,Wednesday,173,53.2586,0.00207073
2025-12-03 14:30:00,2025-12-03,2,Wednesday,174,82.7089,0.00321578
2025-12-03 14:35:00,2025-12-03,2,Wednesday,175,80.7842,0.00314094
2025-12-03 14:40:00,2025-12-03,2,Wednesday,176,75.1268,0.00292098
2025-12-03 14:45:00,2025-12-03,2,Wednesday,177,55.7359,0.00216705
2025-12-03 14:50:00,2025-12-03,2,Wednesday,178,73.5171,0.0028584
2025-12-03 14:55:00,2025-12-03,2,Wednesday,179,71.9639,0.002798
2025-12-03 15:00:00,2025-12-03,2,Wednesday,180,70.5722,0.00274389
2025-12-03 15:05:00,2025-12-03,2,Wednesday,181,79.2097,0.00307973
2025-12-03 15:10:00,2025-12-03,2,Wednesday,182,73.6522,0.00286365
2025-12-03 15:15:00,2025-12-03,2,Wednesday,183,75.3172,0.00292838
2025-12-03 15:20:00,2025-12-03,2,Wednesday,184,74.8813,0.00291144
2025-12-03 15:25:00,2025-12-03,2,Wednesday,185,72.444,0.00281667
2025-12-03 15:30:00,2025-12-03,2,Wednesday,186,50.9062,0.00197927
2025-12-03 15:35:00,2025-12-03,2,Wednesday,187,70.969,0.00275932
2025-12-03 15:40:00,2025-12-03,2,Wednesday,188,64.7912,0.00251913
2025-12-03 15:45:00,2025-12-03,2,Wednesday,189,57.6095,0.0022399
2025-12-03 15:50:00,2025-12-03,2,Wednesday,190,90.0558,0.00350143
2025-12-03 15:55:00,2025-12-03,2,Wednesday,191,91.3526,0.00355185
2025-12-03 16:00:00,2025-12-03,2,Wednesday,192,88.0924,0.00342509
2025-12-03 16:05:00,2025-12-03,2,Wednesday,193,76.6414,0.00297987
2025-12-03 16:10:00,2025-12-03,2,Wednesday,194,89.5517,0.00348183
2025-12-03 16:15:00,2025-12-03,2,Wednesday,195,75.2584,0.0029261
2025-12-03 16:20:00,2025-12-03,2,Wednesday,196,78.0924,0.00303628
2025-12-03 16:25:00,2025-12-03,2,Wednesday,197,63.9174,0.00248515
2025-12-03 16:30:00,2025-12-03,2,Wednesday,198,81.729,0.00317768
2025-12-03 16:35:00,2025-12-03,2,Wednesday,199,78.5243,0.00305308
2025-12-03 16:40:00,2025-12-03,2,Wednesday,200,63.1685,0.00245603
2025-12-03 16:45:00,2025-12-03,2,Wednesday,201,78.5957,0.00305586
2025-12-03 16:50:00,2025-12-03,2,Wednesday,202,78.9486,0.00306958
2025-12-03 16:55:00,2025-12-03,2,Wednesday,203,102.3443,0.00397922
2025-12-03 17:00:00,2025-12-03,2,Wednesday,204,92.2263,0.00358582
2025-12-03 17:05:00,2025-12-03,2,Wednesday,205,82.1734,0.00319496
2025-12-03 17:10:00,2025-12-03,2,Wednesday,206,85.8382,0.00333745
2025-12-03 17:15:00,2025-12-03,2,Wednesday,207,84.0247,0.00326694
2025-12-03 17:20:00,2025-12-03,2,Wednesday,208,81.6326,0.00317393
2025-12-03 17:25:00,2025-12-03,2,Wednesday,209,71.1339,0.00276573
2025-12-03 17:30:00,2025-12-03,2,Wednesday,210,83.7109,0.00325474
2025-12-03 17:35:00,2025-12-03,2,Wednesday,211,76.7155,0.00298275
2025-12-03 17:40:00,2025-12-03,2,Wednesday,212,70.7779,0.00275189
2025-12-03 17:45:00,2025-12-03,2,Wednesday,213,94.5877,0.00367763
2025-12-03 17:50:00,2025-12-03,2,Wednesday,214,93.7858,0.00364646
2025-12-03 17:55:00,2025-12-03,2,Wednesday,215,65.3839,0.00254217
2025-12-03 18:00:00,2025-12-03,2,Wednesday,216,88.4024,0.00343715
2025-12-03 18:05:00,2025-12-03,2,Wednesday,217,104.3575,0.00405749
2025-12-03 18:10:00,2025-12-03,2,Wednesday,218,106.076,0.00412431
2025-12-03 18:15:00,2025-12-03,2,Wednesday,219,106.4665,0.00413949
2025-12-03 18:20:00,2025-12-03,2,Wednesday,220,93.5461,0.00363714
2025-12-03 18:25:00,2025-12-03,2,Wednesday,221,81.8547,0.00318257
2025-12-03 18:30:00,2025-12-03,2,Wednesday,222,79.1117,0.00307592
2025-12-03 18:35:00,2025-12-03,2,Wednesday,223,100.1182,0.00389266
2025-12-03 18:40:00,2025-12-03,2,Wednesday,224,101.3816,0.00394179
2025-12-03 18:45:00,2025-12-03,2,Wednesday,225,115.3112,0.00448338
2025-12-03 18:50:00,2025-12-03,2,Wednesday,226,113.4351,0.00441044
2025-12-03 18:55:00,2025-12-03,2,Wednesday,227,96.1415,0.00373805
2025-12-03 19:00:00,2025-12-03,2,Wednesday,228,80.3615,0.00312451
2025-12-03 19:05:00,2025-12-03,2,Wednesday,229,94.7471,0.00368383
2025-12-03 19:10:00,2025-12-03,2,Wednesday,230,103.4808,0.00402341
2025-12-03 19:15:00,2025-12-03,2,Wednesday,231,97.8566,0.00380473
2025-12-03 19:20:00,2025-12-03,2,Wednesday,232,92.8026,0.00360823
2025-12-03 19:25:00,2025-12-03,2,Wednesday,233,106.1807,0.00412838
2025-12-03 19:30:00,2025-12-03,2,Wednesday,234,95.199,0.0037014
2025-12-03 19:35:00,2025-12-03,2,Wednesday,235,93.8956,0.00365072
2025-12-03 19:40:00,2025-12-03,2,Wednesday,236,109.2068,0.00424604
2025-12-03 19:45:00,2025-12-03,2,Wednesday,237,98.6657,0.00383619
2025-12-03 19:50:00,2025-12-03,2,Wednesday,238,109.5228,0.00425832
2025-12-03 19:55:00,2025-12-03,2,Wednesday,239,110.6603,0.00430255
2025-12-03 20:00:00,2025-12-03,2,Wednesday,240,88.6674,0.00344745
2025-12-03 20:05:00,2025-12-03,2,Wednesday,241,99.8142,0.00388085
2025-12-03 20:10:00,2025-12-03,2,Wednesday,242,131.542,0.00511444
2025-12-03 20:15:00,2025-12-03,2,Wednesday,243,89.8536,0.00349357
2025-12-03 20:20:00,2025-12-03,2,Wednesday,244,74.6868,0.00290387
2025-12-03 20:25:00,2025-12-03,2,Wednesday,245,79.301,0.00308328
2025-12-03 20:30:00,2025-12-03,2,Wednesday,246,111.1022,0.00431973
2025-12-03 20:35:00,2025-12-03,2,Wednesday,247,111.7144,0.00434353
2025-12-03 20:40:00,2025-12-03,2,Wednesday,248,109.7965,0.00426896
2025-12-03 20:45:00,2025-12-03,2,Wednesday,249,132.7855,0.00516279
2025-12-03 20:50:00,2025-12-03,2,Wednesday,250,67.6212,0.00262916
2025-12-03 20:55:00,2025-12-03,2,Wednesday,251,120.1495,0.0046715
2025-12-03 21:00:00,2025-12-03,2,Wednesday,252,140.6272,0.00546768
2025-12-03 21:05:00,2025-12-03,2,Wednesday,253,95.0936,0.0036973
2025-12-03 21:10:00,2025-12-03,2,Wednesday,254,108.4101,0.00421506
2025-12-03 21:15:00,2025-12-03,2,Wednesday,255,102.4129,0.00398188
2025-12-03 21:20:00,2025-12-03,2,Wednesday,256,100.3786,0.00390279
2025-12-03 21:25:00,2025-12-03,2,Wednesday,257,110.7019,0.00430417
2025-12-03 21:30:00,2025-12-03,2,Wednesday,258,141.8742,0.00551617
2025-12-03 21:35:00,2025-12-03,2,Wednesday,259,149.6229,0.00581744
2025-12-03 21:40:00,2025-12-03,2,Wednesday,260,111.7923,0.00434656
2025-12-03 21:45:00,2025-12-03,2,Wednesday,261,151.9003,0.00590599
2025-12-03 21:50:00,2025-12-03,2,Wednesday,262,119.1758,0.00463363
2025-12-03 21:55:00,2025-12-03,2,Wednesday,263,150.2178,0.00584057
2025-12-03 22:00:00,2025-12-03,2,Wednesday,264,117.6379,0.00457384
2025-12-03 22:05:00,2025-12-03,2,Wednesday,265,122.0215,0.00474428
2025-12-03 22:10:00,2025-12-03,2,Wednesday,266,126.5957,0.00492213
2025-12-03 22:15:00,2025-12-03,2,Wednesday,267,177.7353,0.00691047
2025-12-03 22:20:00,2025-12-03,2,Wednesday,268,136.0764,0.00529074
2025-12-03 22:25:00,2025-12-03,2,Wednesday,269,108.1382,0.00420449
2025-12-03 22:30:00,2025-12-03,2,Wednesday,270,138.8867,0.00540001
2025-12-03 22:35:00,2025-12-03,2,Wednesday,271,114.9396,0.00446893
2025-12-03 22:40:00,2025-12-03,2,Wednesday,272,112.8481,0.00438761
2025-12-03 22:45:00,2025-12-03,2,Wednesday,273,138.6728,0.00539169
2025-12-03 22:50:00,2025-12-03,2,Wednesday,274,122.8392,0.00477607
2025-12-03 22:55:00,2025-12-03,2,Wednesday,275,127.6011,0.00496122
2025-12-03 23:00:00,2025-12-03,2,Wednesday,276,122.9388,0.00477994
2025-12-03 23:05:00,2025-12-03,2,Wednesday,277,129.0675,0.00501823
2025-12-03 23:10:00,2025-12-03,2,Wednesday,278,130.8743,0.00508848
2025-12-03 23:15:00,2025-12-03,2,Wednesday,279,87.393,0.0033979
2025-12-03 23:20:00,2025-12-03,2,Wednesday,280,135.6493,0.00527414
2025-12-03 23:25:00,2025-12-03,2,Wednesday,281,105.2562,0.00409243
2025-12-03 23:30:00,2025-12-03,2,Wednesday,282,96.8153,0.00376425
2025-12-03 23:35:00,2025-12-03,2,Wednesday,283,122.5483,0.00476476
2025-12-03 23:40:00,2025-12-03,2,Wednesday,284,125.262,0.00487027
2025-12-03 23:45:00,2025-12-03,2,Wednesday,285,110.8857,0.00431131
2025-12-03 23:50:00,2025-12-03,2,Wednesday,286,139.2323,0.00541345
2025-12-03 23:55:00,2025-12-03,2,Wednesday,287,98.8951,0.00384511
2025-12-04 00:00:00,2025-12-04,3,Thursday,0,115.7769,0.00435174
2025-12-04 00:05:00,2025-12-04,3,Thursday,1,126.0159,0.0047366
2025-12-04 00:10:00,2025-12-04,3,Thursday,2,132.1852,0.00496849
2025-12-04 00:15:00,2025-12-04,3,Thursday,3,107.6611,0.00404669
2025-12-04 00:20:00,2025-12-04,3,Thursday,4,140.5528,0.005283
2025-12-04 00:25:00,2025-12-04,3,Thursday,5,127.9026,0.00480751
2025-12-04 00:30:00,2025-12-04,3,Thursday,6,90.6825,0.00340851
2025-12-04 00:35:00,2025-12-04,3,Thursday,7,89.3414,0.0033581
2025-12-04 00:40:00,2025-12-04,3,Thursday,8,126.1515,0.0047417
2025-12-04 00:45:00,2025-12-04,3,Thursday,9,122.0614,0.00458796
2025-12-04 00:50:00,2025-12-04,3,Thursday,10,124.1344,0.00466588
2025-12-04 00:55:00,2025-12-04,3,Thursday,11,125.3905,0.00471309
2025-12-04 01:00:00,2025-12-04,3,Thursday,12,129.9855,0.00488581
2025-12-04 01:05:00,2025-12-04,3,Thursday,13,143.3717,0.00538895
2025-12-04 01:10:00,2025-12-04,3,Thursday,14,104.4242,0.00392503
2025-12-04 01:15:00,2025-12-04,3,Thursday,15,103.0866,0.00387475
2025-12-04 01:20:00,2025-12-04,3,Thursday,16,104.3527,0.00392234
2025-12-04 01:25:00,2025-12-04,3,Thursday,17,129.9556,0.00488468
2025-12-04 01:30:00,2025-12-04,3,Thursday,18,147.4838,0.00554352
2025-12-04 01:35:00,2025-12-04,3,Thursday,19,115.9581,0.00435855
2025-12-04 01:40:00,2025-12-04,3,Thursday,20,77.261,0.00290403
2025-12-04 01:45:00,2025-12-04,3,Thursday,21,91.8155,0.0034511
2025-12-04 01:50:00,2025-12-04,3,Thursday,22,107.6306,0.00404554
2025-12-04 01:55:00,2025-12-04,3,Thursday,23,112.3838,0.00422421
2025-12-04 02:00:00,2025-12-04,3,Thursday,24,114.7835,0.0043144
2025-12-04 02:05:00,2025-12-04,3,Thursday,25,122.5945,0.004608
2025-12-04 02:10:00,2025-12-04,3,Thursday,26,115.8092,0.00435296
2025-12-04 02:15:00,2025-12-04,3,Thursday,27,140.1355,0.00526732
2025-12-04 02:20:00,2025-12-04,3,Thursday,28,108.417,0.0040751
2025-12-04 02:25:00,2025-12-04,3,Thursday,29,104.6625,0.00393398
2025-12-04 02:30:00,2025-12-04,3,Thursday,30,128.3608,0.00482474
2025-12-04 02:35:00,2025-12-04,3,Thursday,31,91.8137,0.00345103
2025-12-04 02:40:00,2025-12-04,3,Thursday,32,125.7583,0.00472692
2025-12-04 02:45:00,2025-12-04,3,Thursday,33,120.1417,0.0045158
2025-12-04 02:50:00,2025-12-04,3,Thursday,34,115.2118,0.0043305
2025-12-04 02:55:00,2025-12-04,3,Thursday,35,145.2474,0.00545946
2025-12-04 03:00:00,2025-12-04,3,Thursday,36,105.8747,0.00397954
2025-12-04 03:05:00,2025-12-04,3,Thursday,37,152.1549,0.00571909
2025-12-04 03:10:00,2025-12-04,3,Thursday,38,111.7706,0.00420116
2025-12-04 03:15:00,2025-12-04,3,Thursday,39,93.0686,0.0034982
2025-12-04 03:20:00,2025-12-04,3,Thursday,40,115.7484,0.00435067
2025-12-04 03:25:00,2025-12-04,3,Thursday,41,95.5655,0.00359205
2025-12-04 03:30:00,2025-12-04,3,Thursday,42,100.5854,0.00378074
2025-12-04 03:35:00,2025-12-04,3,Thursday,43,119.481,0.00449097
2025-12-04 03:40:00,2025-12-04,3,Thursday,44,121.4979,0.00456678
2025-12-04 03:45:00,2025-12-04,3,Thursday,45,101.1199,0.00380082
2025-12-04 03:50:00,2025-12-04,3,Thursday,46,127.3208,0.00478565
2025-12-04 03:55:00,2025-12-04,3,Thursday,47,129.3977,0.00486371
2025-12-04 04:00:00,2025-12-04,3,Thursday,48,133.2187,0.00500733
2025-12-04 04:05:00,2025-12-04,3,Thursday,49,117.5985,0.00442021
2025-12-04 04:10:00,2025-12-04,3,Thursday,50,130.4259,0.00490236
2025-12-04 04:15:00,2025-12-04,3,Thursday,51,77.2492,0.00290359
2025-12-04 04:20:00,2025-12-04,3,Thursday,52,101.8276,0.00382743
2025-12-04 04:25:00,2025-12-04,3,Thursday,53,92.4223,0.00347391
2025-12-04 04:30:00,2025-12-04,3,Thursday,54,107.4318,0.00403807
2025-12-04 04:35:00,2025-12-04,3,Thursday,55,95.8567,0.00360299
2025-12-04 04:40:00,2025-12-04,3,Thursday,56,101.5414,0.00381667
2025-12-04 04:45:00,2025-12-04,3,Thursday,57,132.624,0.00498498
2025-12-04 04:50:00,2025-12-04,3,Thursday,58,100.0922,0.0037622
2025-12-04 04:55:00,2025-12-04,3,Thursday,59,108.3143,0.00407125
2025-12-04 05:00:00,2025-12-04,3,Thursday,60,97.7293,0.00367338
2025-12-04 05:05:00,2025-12-04,3,Thursday,61,101.6673,0.0038214
2025-12-04 05:10:00,2025-12-04,3,Thursday,62,99.8803,0.00375423
2025-12-04 05:15:00,2025-12-04,3,Thursday,63,105.7124,0.00397344
2025-12-04 05:20:00,2025-12-04,3,Thursday,64,115.4932,0.00434108
2025-12-04 05:25:00,2025-12-04,3,Thursday,65,121.6731,0.00457337
2025-12-04 05:30:00,2025-12-04,3,Thursday,66,101.3131,0.00380809
2025-12-04 05:35:00,2025-12-04,3,Thursday,67,104.5623,0.00393022
2025-12-04 05:40:00,2025-12-04,3,Thursday,68,78.8612,0.00296418
2025-12-04 05:45:00,2025-12-04,3,Thursday,69,93.3161,0.0035075
2025-12-04 05:50:00,2025-12-04,3,Thursday,70,107.0397,0.00402333
2025-12-04 05:55:00,2025-12-04,3,Thursday,71,105.1412,0.00395197
2025-12-04 06:00:00,2025-12-04,3,Thursday,72,95.2285,0.00357938
2025-12-04 06:05:00,2025-12-04,3,Thursday,73,103.7154,0.00389838
2025-12-04 06:10:00,2025-12-04,3,Thursday,74,97.4725,0.00366373
2025-12-04 06:15:00,2025-12-04,3,Thursday,75,106.2456,0.00399348
2025-12-04 06:20:00,2025-12-04,3,Thursday,76,93.1574,0.00350154
2025-12-04 06:25:00,2025-12-04,3,Thursday,77,83.8072,0.00315009
2025-12-04 06:30:00,2025-12-04,3,Thursday,78,92.2031,0.00346567
2025-12-04 06:35:00,2025-12-04,3,Thursday,79,48.7745,0.0018333
2025-12-04 06:40:00,2025-12-04,3,Thursday,80,91.2443,0.00342963
2025-12-04 06:45:00,2025-12-04,3,Thursday,81,38.7301,0.00145576
2025-12-04 06:50:00,2025-12-04,3,Thursday,82,62.883,0.0023636
2025-12-04 06:55:00,2025-12-04,3,Thursday,83,89.7692,0.00337418
2025-12-04 07:00:00,2025-12-04,3,Thursday,84,89.3102,0.00335693
2025-12-04 07:05:00,2025-12-04,3,Thursday,85,68.2086,0.00256378
2025-12-04 07:10:00,2025-12-04,3,Thursday,86,73.1436,0.00274927
2025-12-04 07:15:00,2025-12-04,3,Thursday,87,97.8608,0.00367833
2025-12-04 07:20:00,2025-12-04,3,Thursday,88,74.619,0.00280473
2025-12-04 07:25:00,2025-12-04,3,Thursday,89,106.5864,0.0040063
2025-12-04 07:30:00,2025-12-04,3,Thursday,90,79.0306,0.00297055
2025-12-04 07:35:00,2025-12-04,3,Thursday,91,83.1549,0.00312557
2025-12-04 07:40:00,2025-12-04,3,Thursday,92,96.5088,0.00362751
2025-12-04 07:45:00,2025-12-04,3,Thursday,93,78.5035,0.00295073
2025-12-04 07:50:00,2025-12-04,3,Thursday,94,64.8424,0.00243725
2025-12-04 07:55:00,2025-12-04,3,Thursday,95,74.4057,0.00279671
2025-12-04 08:00:00,2025-12-04,3,Thursday,96,74.5922,0.00280372
2025-12-04 08:05:00,2025-12-04,3,Thursday,97,59.1242,0.00222232
2025-12-04 08:10:00,2025-12-04,3,Thursday,98,70.8735,0.00266394
2025-12-04 08:15:00,2025-12-04,3,Thursday,99,64.9347,0.00244072
2025-12-04 08:20:00,2025-12-04,3,Thursday,100,82.4911,0.00310062
2025-12-04 08:25:00,2025-12-04,3,Thursday,101,72.2053,0.002714
2025-12-04 08:30:00,2025-12-04,3,Thursday,102,68.2069,0.00256371
2025-12-04 08:35:00,2025-12-04,3,Thursday,103,69.5093,0.00261267
2025-12-04 08:40:00,2025-12-04,3,Thursday,104,72.3951,0.00272114
2025-12-04 08:45:00,2025-12-04,3,Thursday,105,75.9057,0.00285309
2025-12-04 08:50:00,2025-12-04,3,Thursday,106,58.581,0.0022019
2025-12-04 08:55:00,2025-12-04,3,Thursday,107,57.6831,0.00216815
2025-12-04 09:00:00,2025-12-04,3,Thursday,108,79.063,0.00297177
2025-12-04 09:05:00,2025-12-04,3,Thursday,109,63.134,0.00237304
2025-12-04 09:10:00,2025-12-04,3,Thursday,110,52.5876,0.00197663
2025-12-04 09:15:00,2025-12-04,3,Thursday,111,70.6882,0.00265698
2025-12-04 09:20:00,2025-12-04,3,Thursday,112,70.3568,0.00264452
2025-12-04 09:25:00,2025-12-04,3,Thursday,113,50.3108,0.00189105
2025-12-04 09:30:00,2025-12-04,3,Thursday,114,67.0712,0.00252102
2025-12-04 09:35:00,2025-12-04,3,Thursday,115,71.4903,0.00268713
2025-12-04 09:40:00,2025-12-04,3,Thursday,116,67.5374,0.00253855
2025-12-04 09:45:00,2025-12-04,3,Thursday,117,69.5415,0.00261388
2025-12-04 09:50:00,2025-12-04,3,Thursday,118,49.8144,0.00187239
2025-12-04 09:55:00,2025-12-04,3,Thursday,119,65.8224,0.00247409
2025-12-04 10:00:00,2025-12-04,3,Thursday,120,59.4948,0.00223625
2025-12-04 10:05:00,2025-12-04,3,Thursday,121,57.4669,0.00216003
2025-12-04 10:10:00,2025-12-04,3,Thursday,122,69.6412,0.00261762
2025-12-04 10:15:00,2025-12-04,3,Thursday,123,74.8484,0.00281335
2025-12-04 10:20:00,2025-12-04,3,Thursday,124,77.3292,0.0029066
2025-12-04 10:25:00,2025-12-04,3,Thursday,125,72.5732,0.00272783
2025-12-04 10:30:00,2025-12-04,3,Thursday,126,59.3286,0.00223
2025-12-04 10:35:00,2025-12-04,3,Thursday,127,63.2167,0.00237615
2025-12-04 10:40:00,2025-12-04,3,Thursday,128,66.6496,0.00250518
2025-12-04 10:45:00,2025-12-04,3,Thursday,129,60.6056,0.002278
2025-12-04 10:50:00,2025-12-04,3,Thursday,130,60.4517,0.00227222
2025-12-04 10:55:00,2025-12-04,3,Thursday,131,66.3683,0.00249461
2025-12-04 11:00:00,2025-12-04,3,Thursday,132,58.3427,0.00219294
2025-12-04 11:05:00,2025-12-04,3,Thursday,133,52.2596,0.0019643
2025-12-04 11:10:00,2025-12-04,3,Thursday,134,54.8698,0.00206241
2025-12-04 11:15:00,2025-12-04,3,Thursday,135,63.9003,0.00240184
2025-12-04 11:20:00,2025-12-04,3,Thursday,136,58.2387,0.00218904
2025-12-04 11:25:00,2025-12-04,3,Thursday,137,61.054,0.00229486
2025-12-04 11:30:00,2025-12-04,3,Thursday,138,63.8109,0.00239848
2025-12-04 11:35:00,2025-12-04,3,Thursday,139,54.6374,0.00205367
2025-12-04 11:40:00,2025-12-04,3,Thursday,140,64.3773,0.00241977
2025-12-04 11:45:00,2025-12-04,3,Thursday,141,61.0432,0.00229445
2025-12-04 11:50:00,2025-12-04,3,Thursday,142,47.0288,0.00176768
2025-12-04 11:55:00,2025-12-04,3,Thursday,143,70.1771,0.00263777
2025-12-04 12:00:00,2025-12-04,3,Thursday,144,53.3538,0.00200543
2025-12-04 12:05:00,2025-12-04,3,Thursday,145,43.3714,0.00163021
2025-12-04 12:10:00,2025-12-04,3,Thursday,146,48.6718,0.00182944
2025-12-04 12:15:00,2025-12-04,3,Thursday,147,48.9144,0.00183856
2025-12-04 12:20:00,2025-12-04,3,Thursday,148,58.271,0.00219025
2025-12-04 12:25:00,2025-12-04,3,Thursday,149,55.5144,0.00208664
2025-12-04 12:30:00,2025-12-04,3,Thursday,150,55.0533,0.00206931
2025-12-04 12:35:00,2025-12-04,3,Thursday,151,63.4893,0.00238639
2025-12-04 12:40:00,2025-12-04,3,Thursday,152,61.1804,0.00229961
2025-12-04 12:45:00,2025-12-04,3,Thursday,153,61.1181,0.00229727
2025-12-04 12:50:00,2025-12-04,3,Thursday,154,62.1039,0.00233432
2025-12-04 12:55:00,2025-12-04,3,Thursday,155,64.1018,0.00240941
2025-12-04 13:00:00,2025-12-04,3,Thursday,156,40.2531,0.00151301
2025-12-04 13:05:00,2025-12-04,3,Thursday,157,55.8405,0.00209889
2025-12-04 13:10:00,2025-12-04,3,Thursday,158,39.8994,0.00149971
2025-12-04 13:15:00,2025-12-04,3,Thursday,159,59.8456,0.00224943
2025-12-04 13:20:00,2025-12-04,3,Thursday,160,59.7326,0.00224519
2025-12-04 13:25:00,2025-12-04,3,Thursday,161,69.4562,0.00261067
2025-12-04 13:30:00,2025-12-04,3,Thursday,162,71.0674,0.00267123
2025-12-04 13:35:00,2025-12-04,3,Thursday,163,62.4618,0.00234777
2025-12-04 13:40:00,2025-12-04,3,Thursday,164,56.3566,0.00211829
2025-12-04 13:45:00,2025-12-04,3,Thursday,165,65.7141,0.00247002
2025-12-04 13:50:00,2025-12-04,3,Thursday,166,56.7198,0.00213194
2025-12-04 13:55:00,2025-12-04,3,Thursday,167,61.9406,0.00232818
2025-12-04 14:00:00,2025-12-04,3,Thursday,168,71.5429,0.0026891
2025-12-04 14:05:00,2025-12-04,3,Thursday,169,57.462,0.00215984
2025-12-04 14:10:00,2025-12-04,3,Thursday,170,70.734,0.0026587
2025-12-04 14:15:00,2025-12-04,3,Thursday,171,69.9742,0.00263014
2025-12-04 14:20:00,2025-12-04,3,Thursday,172,54.788,0.00205933
2025-12-04 14:25:00,2025-12-04,3,Thursday,173,73.7919,0.00277364
2025-12-04 14:30:00,2025-12-04,3,Thursday,174,71.6334,0.00269251
2025-12-04 14:35:00,2025-12-04,3,Thursday,175,66.3039,0.00249218
2025-12-04 14:40:00,2025-12-04,3,Thursday,176,58.2621,0.00218992
2025-12-04 14:45:00,2025-12-04,3,Thursday,177,57.7344,0.00217008
2025-12-04 14:50:00,2025-12-04,3,Thursday,178,61.3944,0.00230765
2025-12-04 14:55:00,2025-12-04,3,Thursday,179,72.7735,0.00273536
2025-12-04 15:00:00,2025-12-04,3,Thursday,180,58.1022,0.00218391
2025-12-04 15:05:00,2025-12-04,3,Thursday,181,72.8507,0.00273826
2025-12-04 15:10:00,2025-12-04,3,Thursday,182,56.0789,0.00210785
2025-12-04 15:15:00,2025-12-04,3,Thursday,183,67.3508,0.00253154
2025-12-04 15:20:00,2025-12-04,3,Thursday,184,71.2028,0.00267632
2025-12-04 15:25:00,2025-12-04,3,Thursday,185,96.5409,0.00362871
2025-12-04 15:30:00,2025-12-04,3,Thursday,186,56.5128,0.00212416
2025-12-04 15:35:00,2025-12-04,3,Thursday,187,87.6931,0.00329615
2025-12-04 15:40:00,2025-12-04,3,Thursday,188,74.0745,0.00278426
2025-12-04 15:45:00,2025-12-04,3,Thursday,189,77.576,0.00291587
2025-12-04 15:50:00,2025-12-04,3,Thursday,190,75.0102,0.00281943
2025-12-04 15:55:00,2025-12-04,3,Thursday,191,79.3024,0.00298076
2025-12-04 16:00:00,2025-12-04,3,Thursday,192,73.264,0.0027538
2025-12-04 16:05:00,2025-12-04,3,Thursday,193,92.1508,0.0034637
2025-12-04 16:10:00,2025-12-04,3,Thursday,194,71.0913,0.00267213
2025-12-04 16:15:00,2025-12-04,3,Thursday,195,90.066,0.00338534
2025-12-04 16:20:00,2025-12-04,3,Thursday,196,70.1638,0.00263727
2025-12-04 16:25:00,2025-12-04,3,Thursday,197,77.6508,0.00291868
2025-12-04 16:30:00,2025-12-04,3,Thursday,198,66.342,0.00249362
2025-12-04 16:35:00,2025-12-04,3,Thursday,199,85.1976,0.00320235
2025-12-04 16:40:00,2025-12-04,3,Thursday,200,97.9022,0.00367988
2025-12-04 16:45:00,2025-12-04,3,Thursday,201,80.2313,0.00301568
2025-12-04 16:50:00,2025-12-04,3,Thursday,202,79.4723,0.00298715
2025-12-04 16:55:00,2025-12-04,3,Thursday,203,68.801,0.00258605
2025-12-04 17:00:00,2025-12-04,3,Thursday,204,80.4742,0.00302481
2025-12-04 17:05:00,2025-12-04,3,Thursday,205,63.9856,0.00240505
2025-12-04 17:10:00,2025-12-04,3,Thursday,206,73.1946,0.00275119
2025-12-04 17:15:00,2025-12-04,3,Thursday,207,88.4565,0.00332484
2025-12-04 17:20:00,2025-12-04,3,Thursday,208,103.3609,0.00388506
2025-12-04 17:25:00,2025-12-04,3,Thursday,209,123.7079,0.00464985
2025-12-04 17:30:00,2025-12-04,3,Thursday,210,80.0574,0.00300914
2025-12-04 17:35:00,2025-12-04,3,Thursday,211,107.591,0.00404405
2025-12-04 17:40:00,2025-12-04,3,Thursday,212,92.5466,0.00347858
2025-12-04 17:45:00,2025-12-04,3,Thursday,213,87.9925,0.0033074
2025-12-04 17:50:00,2025-12-04,3,Thursday,214,96.6803,0.00363395
2025-12-04 17:55:00,2025-12-04,3,Thursday,215,92.394,0.00347284
2025-12-04 18:00:00,2025-12-04,3,Thursday,216,93.8273,0.00352671
2025-12-04 18:05:00,2025-12-04,3,Thursday,217,87.3544,0.00328342
2025-12-04 18:10:00,2025-12-04,3,Thursday,218,74.1354,0.00278655
2025-12-04 18:15:00,2025-12-04,3,Thursday,219,72.6672,0.00273136
2025-12-04 18:20:00,2025-12-04,3,Thursday,220,104.6551,0.0039337
2025-12-04 18:25:00,2025-12-04,3,Thursday,221,92.0797,0.00346103
2025-12-04 18:30:00,2025-12-04,3,Thursday,222,88.1599,0.00331369
2025-12-04 18:35:00,2025-12-04,3,Thursday,223,97.6886,0.00367185
2025-12-04 18:40:00,2025-12-04,3,Thursday,224,110.0315,0.00413579
2025-12-04 18:45:00,2025-12-04,3,Thursday,225,101.7311,0.0038238
2025-12-04 18:50:00,2025-12-04,3,Thursday,226,89.9701,0.00338173
2025-12-04 18:55:00,2025-12-04,3,Thursday,227,119.0167,0.00447352
2025-12-04 19:00:00,2025-12-04,3,Thursday,228,125.2427,0.00470753
2025-12-04 19:05:00,2025-12-04,3,Thursday,229,109.5499,0.00411768
2025-12-04 19:10:00,2025-12-04,3,Thursday,230,117.7072,0.0044243
2025-12-04 19:15:00,2025-12-04,3,Thursday,231,122.6919,0.00461166
2025-12-04 19:20:00,2025-12-04,3,Thursday,232,121.7896,0.00457774
2025-12-04 19:25:00,2025-12-04,3,Thursday,233,114.5012,0.00430379
2025-12-04 19:30:00,2025-12-04,3,Thursday,234,115.0171,0.00432318
2025-12-04 19:35:00,2025-12-04,3,Thursday,235,114.5199,0.0043045
2025-12-04 19:40:00,2025-12-04,3,Thursday,236,89.3264,0.00335754
2025-12-04 19:45:00,2025-12-04,3,Thursday,237,118.9178,0.0044698
2025-12-04 19:50:00,2025-12-04,3,Thursday,238,86.2596,0.00324227
2025-12-04 19:55:00,2025-12-04,3,Thursday,239,95.9615,0.00360693
2025-12-04 20:00:00,2025-12-04,3,Thursday,240,131.0364,0.00492531
2025-12-04 20:05:00,2025-12-04,3,Thursday,241,124.1504,0.00466648
2025-12-04 20:10:00,2025-12-04,3,Thursday,242,135.6378,0.00509826
2025-12-04 20:15:00,2025-12-04,3,Thursday,243,106.9834,0.00402122
2025-12-04 20:20:00,2025-12-04,3,Thursday,244,92.7675,0.00348688
2025-12-04 20:25:00,2025-12-04,3,Thursday,245,108.6983,0.00408568
2025-12-04 20:30:00,2025-12-04,3,Thursday,246,115.1044,0.00432647
2025-12-04 20:35:00,2025-12-04,3,Thursday,247,115.3136,0.00433433
2025-12-04 20:40:00,2025-12-04,3,Thursday,248,134.026,0.00503768
2025-12-04 20:45:00,2025-12-04,3,Thursday,249,108.8817,0.00409257
2025-12-04 20:50:00,2025-12-04,3,Thursday,250,121.791,0.0045778
2025-12-04 20:55:00,2025-12-04,3,Thursday,251,98.9968,0.00372102
2025-12-04 21:00:00,2025-12-04,3,Thursday,252,124.661,0.00468567
2025-12-04 21:05:00,2025-12-04,3,Thursday,253,117.356,0.0044111
2025-12-04 21:10:00,2025-12-04,3,Thursday,254,104.5664,0.00393037
2025-12-04 21:15:00,2025-12-04,3,Thursday,255,114.136,0.00429007
2025-12-04 21:20:00,2025-12-04,3,Thursday,256,115.5308,0.00434249
2025-12-04 21:25:00,2025-12-04,3,Thursday,257,114.4581,0.00430217
2025-12-04 21:30:00,2025-12-04,3,Thursday,258,151.5784,0.00569742
2025-12-04 21:35:00,2025-12-04,3,Thursday,259,118.4364,0.00445171
2025-12-04 21:40:00,2025-12-04,3,Thursday,260,116.2374,0.00436905
2025-12-04 21:45:00,2025-12-04,3,Thursday,261,82.9845,0.00311917
2025-12-04 21:50:00,2025-12-04,3,Thursday,262,105.1947,0.00395399
2025-12-04 21:55:00,2025-12-04,3,Thursday,263,117.0792,0.00440069
2025-12-04 22:00:00,2025-12-04,3,Thursday,264,109.6945,0.00412312
2025-12-04 22:05:00,2025-12-04,3,Thursday,265,148.0629,0.00556529
2025-12-04 22:10:00,2025-12-04,3,Thursday,266,119.957,0.00450886
2025-12-04 22:15:00,2025-12-04,3,Thursday,267,147.1792,0.00553207
2025-12-04 22:20:00,2025-12-04,3,Thursday,268,124.8127,0.00469137
2025-12-04 22:25:00,2025-12-04,3,Thursday,269,124.672,0.00468608
2025-12-04 22:30:00,2025-12-04,3,Thursday,270,122.6209,0.00460899
2025-12-04 22:35:00,2025-12-04,3,Thursday,271,124.6285,0.00468445
2025-12-04 22:40:00,2025-12-04,3,Thursday,272,157.0055,0.00590141
2025-12-04 22:45:00,2025-12-04,3,Thursday,273,81.5556,0.00306545
2025-12-04 22:50:00,2025-12-04,3,Thursday,274,87.6872,0.00329593
2025-12-04 22:55:00,2025-12-04,3,Thursday,275,115.3007,0.00433384
2025-12-04 23:00:00,2025-12-04,3,Thursday,276,126.0055,0.00473621
2025-12-04 23:05:00,2025-12-04,3,Thursday,277,138.9536,0.00522289
2025-12-04 23:10:00,2025-12-04,3,Thursday,278,135.0382,0.00507572
2025-12-04 23:15:00,2025-12-04,3,Thursday,279,118.9694,0.00447174
2025-12-04 23:20:00,2025-12-04,3,Thursday,280,145.7039,0.00547662
2025-12-04 23:25:00,2025-12-04,3,Thursday,281,146.0573,0.0054899
2025-12-04 23:30:00,2025-12-04,3,Thursday,282,130.1105,0.0048905
2025-12-04 23:35:00,2025-12-04,3,Thursday,283,145.0012,0.00545021
2025-12-04 23:40:00,2025-12-04,3,Thursday,284,131.9641,0.00496017
2025-12-04 23:45:00,2025-12-04,3,Thursday,285,116.1543,0.00436593
2025-12-04 23:50:00,2025-12-04,3,Thursday,286,140.1586,0.00526818
2025-12-04 23:55:00,2025-12-04,3,Thursday,287,129.0082,0.00484907
2025-12-05 00:00:00,2025-12-05,4,Friday,0,168.7158,0.00586775
2025-12-05 00:05:00,2025-12-05,4,Friday,1,87.3782,0.00303891
2025-12-05 00:10:00,2025-12-05,4,Friday,2,108.7712,0.00378294
2025-12-05 00:15:00,2025-12-05,4,Friday,3,113.5132,0.00394786
2025-12-05 00:20:00,2025-12-05,4,Friday,4,130.5197,0.00453933
2025-12-05 00:25:00,2025-12-05,4,Friday,5,132.6919,0.00461488
2025-12-05 00:30:00,2025-12-05,4,Friday,6,106.6919,0.00371062
2025-12-05 00:35:00,2025-12-05,4,Friday,7,117.3909,0.00408273
2025-12-05 00:40:00,2025-12-05,4,Friday,8,119.8429,0.004168
2025-12-05 00:45:00,2025-12-05,4,Friday,9,188.1306,0.00654297
2025-12-05 00:50:00,2025-12-05,4,Friday,10,174.3961,0.0060653
2025-12-05 00:55:00,2025-12-05,4,Friday,11,128.6369,0.00447385
2025-12-05 01:00:00,2025-12-05,4,Friday,12,129.4345,0.00450159
2025-12-05 01:05:00,2025-12-05,4,Friday,13,113.1184,0.00393413
2025-12-05 01:10:00,2025-12-05,4,Friday,14,97.3886,0.00338707
2025-12-05 01:15:00,2025-12-05,4,Friday,15,133.7972,0.00465332
2025-12-05 01:20:00,2025-12-05,4,Friday,16,115.569,0.00401936
2025-12-05 01:25:00,2025-12-05,4,Friday,17,133.8963,0.00465676
2025-12-05 01:30:00,2025-12-05,4,Friday,18,102.8361,0.00357652
2025-12-05 01:35:00,2025-12-05,4,Friday,19,119.564,0.0041583
2025-12-05 01:40:00,2025-12-05,4,Friday,20,137.6559,0.00478752
2025-12-05 01:45:00,2025-12-05,4,Friday,21,141.6755,0.00492731
2025-12-05 01:50:00,2025-12-05,4,Friday,22,142.3132,0.00494949
2025-12-05 01:55:00,2025-12-05,4,Friday,23,107.0885,0.00372442
2025-12-05 02:00:00,2025-12-05,4,Friday,24,150.2041,0.00522393
2025-12-05 02:05:00,2025-12-05,4,Friday,25,116.7867,0.00406171
2025-12-05 02:10:00,2025-12-05,4,Friday,26,144.8402,0.00503738
2025-12-05 02:15:00,2025-12-05,4,Friday,27,131.6231,0.0045777
2025-12-05 02:20:00,2025-12-05,4,Friday,28,104.247,0.00362559
2025-12-05 02:25:00,2025-12-05,4,Friday,29,124.6823,0.00433631
2025-12-05 02:30:00,2025-12-05,4,Friday,30,137.5433,0.0047836
2025-12-05 02:35:00,2025-12-05,4,Friday,31,141.832,0.00493276
2025-12-05 02:40:00,2025-12-05,4,Friday,32,126.6319,0.00440412
2025-12-05 02:45:00,2025-12-05,4,Friday,33,158.4339,0.00551015
2025-12-05 02:50:00,2025-12-05,4,Friday,34,147.6707,0.00513582
2025-12-05 02:55:00,2025-12-05,4,Friday,35,122.8046,0.00427101
2025-12-05 03:00:00,2025-12-05,4,Friday,36,141.4529,0.00491958
2025-12-05 03:05:00,2025-12-05,4,Friday,37,163.2698,0.00567834
2025-12-05 03:10:00,2025-12-05,4,Friday,38,162.9999,0.00566896
2025-12-05 03:15:00,2025-12-05,4,Friday,39,102.2578,0.00355641
2025-12-05 03:20:00,2025-12-05,4,Friday,40,107.3887,0.00373486
2025-12-05 03:25:00,2025-12-05,4,Friday,41,151.726,0.00527686
2025-12-05 03:30:00,2025-12-05,4,Friday,42,103.8451,0.00361162
2025-12-05 03:35:00,2025-12-05,4,Friday,43,98.4248,0.00342311
2025-12-05 03:40:00,2025-12-05,4,Friday,44,113.2086,0.00393727
2025-12-05 03:45:00,2025-12-05,4,Friday,45,129.0903,0.00448962
2025-12-05 03:50:00,2025-12-05,4,Friday,46,118.8925,0.00413495
2025-12-05 03:55:00,2025-12-05,4,Friday,47,108.334,0.00376774
2025-12-05 04:00:00,2025-12-05,4,Friday,48,107.2722,0.00373081
2025-12-05 04:05:00,2025-12-05,4,Friday,49,105.9498,0.00368482
2025-12-05 04:10:00,2025-12-05,4,Friday,50,102.3458,0.00355947
2025-12-05 04:15:00,2025-12-05,4,Friday,51,157.2661,0.00546954
2025-12-05 04:20:00,2025-12-05,4,Friday,52,121.6208,0.00422984
2025-12-05 04:25:00,2025-12-05,4,Friday,53,131.0628,0.00455822
2025-12-05 04:30:00,2025-12-05,4,Friday,54,106.4894,0.00370358
2025-12-05 04:35:00,2025-12-05,4,Friday,55,110.9729,0.00385951
2025-12-05 04:40:00,2025-12-05,4,Friday,56,101.2515,0.00352141
2025-12-05 04:45:00,2025-12-05,4,Friday,57,67.8199,0.0023587
2025-12-05 04:50:00,2025-12-05,4,Friday,58,88.7151,0.00308541
2025-12-05 04:55:00,2025-12-05,4,Friday,59,80.8852,0.0028131
2025-12-05 05:00:00,2025-12-05,4,Friday,60,73.0456,0.00254044
2025-12-05 05:05:00,2025-12-05,4,Friday,61,89.8298,0.00312418
2025-12-05 05:10:00,2025-12-05,4,Friday,62,130.2494,0.00452993
2025-12-05 05:15:00,2025-12-05,4,Friday,63,107.1315,0.00372591
2025-12-05 05:20:00,2025-12-05,4,Friday,64,127.764,0.00444349
2025-12-05 05:25:00,2025-12-05,4,Friday,65,112.78,0.00392236
2025-12-05 05:30:00,2025-12-05,4,Friday,66,117.7914,0.00409665
2025-12-05 05:35:00,2025-12-05,4,Friday,67,90.4657,0.0031463
2025-12-05 05:40:00,2025-12-05,4,Friday,68,111.9392,0.00389312
2025-12-05 05:45:00,2025-12-05,4,Friday,69,114.2175,0.00397236
2025-12-05 05:50:00,2025-12-05,4,Friday,70,93.3069,0.00324511
2025-12-05 05:55:00,2025-12-05,4,Friday,71,109.8241,0.00381956
2025-12-05 06:00:00,2025-12-05,4,Friday,72,109.0332,0.00379205
2025-12-05 06:05:00,2025-12-05,4,Friday,73,91.4593,0.00318085
2025-12-05 06:10:00,2025-12-05,4,Friday,74,82.2056,0.00285902
2025-12-05 06:15:00,2025-12-05,4,Friday,75,80.6206,0.0028039
2025-12-05 06:20:00,2025-12-05,4,Friday,76,98.4749,0.00342485
2025-12-05 06:25:00,2025-12-05,4,Friday,77,101.1235,0.00351696
2025-12-05 06:30:00,2025-12-05,4,Friday,78,84.2166,0.00292896
2025-12-05 06:35:00,2025-12-05,4,Friday,79,95.1429,0.00330896
2025-12-05 06:40:00,2025-12-05,4,Friday,80,101.9944,0.00354725
2025-12-05 06:45:00,2025-12-05,4,Friday,81,101.783,0.0035399
2025-12-05 06:50:00,2025-12-05,4,Friday,82,113.8365,0.00395911
2025-12-05 06:55:00,2025-12-05,4,Friday,83,109.0747,0.0037935
2025-12-05 07:00:00,2025-12-05,4,Friday,84,77.1148,0.00268197
2025-12-05 07:05:00,2025-12-05,4,Friday,85,112.6685,0.00391849
2025-12-05 07:10:00,2025-12-05,4,Friday,86,82.0637,0.00285408
2025-12-05 07:15:00,2025-12-05,4,Friday,87,102.2366,0.00355567
2025-12-05 07:20:00,2025-12-05,4,Friday,88,88.5019,0.003078
2025-12-05 07:25:00,2025-12-05,4,Friday,89,81.4703,0.00283345
2025-12-05 07:30:00,2025-12-05,4,Friday,90,62.7361,0.00218189
2025-12-05 07:35:00,2025-12-05,4,Friday,91,83.1242,0.00289097
2025-12-05 07:40:00,2025-12-05,4,Friday,92,64.7892,0.00225329
2025-12-05 07:45:00,2025-12-05,4,Friday,93,95.9929,0.00333852
2025-12-05 07:50:00,2025-12-05,4,Friday,94,102.0022,0.00354752
2025-12-05 07:55:00,2025-12-05,4,Friday,95,72.5248,0.00252233
2025-12-05 08:00:00,2025-12-05,4,Friday,96,85.3533,0.00296849
2025-12-05 08:05:00,2025-12-05,4,Friday,97,72.1394,0.00250893
2025-12-05 08:10:00,2025-12-05,4,Friday,98,72.6837,0.00252786
2025-12-05 08:15:00,2025-12-05,4,Friday,99,88.8033,0.00308848
2025-12-05 08:20:00,2025-12-05,4,Friday,100,78.4258,0.00272756
2025-12-05 08:25:00,2025-12-05,4,Friday,101,98.6231,0.00343
2025-12-05 08:30:00,2025-12-05,4,Friday,102,71.9458,0.00250219
2025-12-05 08:35:00,2025-12-05,4,Friday,103,88.4377,0.00307576
2025-12-05 08:40:00,2025-12-05,4,Friday,104,77.388,0.00269147
2025-12-05 08:45:00,2025-12-05,4,Friday,105,84.6795,0.00294506
2025-12-05 08:50:00,2025-12-05,4,Friday,106,70.0042,0.00243467
2025-12-05 08:55:00,2025-12-05,4,Friday,107,73.8838,0.0025696
2025-12-05 09:00:00,2025-12-05,4,Friday,108,72.5701,0.00252391
2025-12-05 09:05:00,2025-12-05,4,Friday,109,64.0852,0.00222881
2025-12-05 09:10:00,2025-12-05,4,Friday,110,79.9337,0.00278
2025-12-05 09:15:00,2025-12-05,4,Friday,111,79.2023,0.00275457
2025-12-05 09:20:00,2025-12-05,4,Friday,112,78.0056,0.00271295
2025-12-05 09:25:00,2025-12-05,4,Friday,113,87.5,0.00304315
2025-12-05 09:30:00,2025-12-05,4,Friday,114,85.9475,0.00298916
2025-12-05 09:35:00,2025-12-05,4,Friday,115,66.1629,0.00230107
2025-12-05 09:40:00,2025-12-05,4,Friday,116,73.523,0.00255705
2025-12-05 09:45:00,2025-12-05,4,Friday,117,62.6932,0.0021804
2025-12-05 09:50:00,2025-12-05,4,Friday,118,68.9541,0.00239815
2025-12-05 09:55:00,2025-12-05,4,Friday,119,62.1366,0.00216104
2025-12-05 10:00:00,2025-12-05,4,Friday,120,84.3511,0.00293364
2025-12-05 10:05:00,2025-12-05,4,Friday,121,71.1372,0.00247407
2025-12-05 10:10:00,2025-12-05,4,Friday,122,64.876,0.00225632
2025-12-05 10:15:00,2025-12-05,4,Friday,123,78.6396,0.002735
2025-12-05 10:20:00,2025-12-05,4,Friday,124,44.7417,0.00155607
2025-12-05 10:25:00,2025-12-05,4,Friday,125,46.0624,0.001602
2025-12-05 10:30:00,2025-12-05,4,Friday,126,73.5206,0.00255696
2025-12-05 10:35:00,2025-12-05,4,Friday,127,65.9666,0.00229425
2025-12-05 10:40:00,2025-12-05,4,Friday,128,67.5291,0.00234859
2025-12-05 10:45:00,2025-12-05,4,Friday,129,51.9165,0.0018056
2025-12-05 10:50:00,2025-12-05,4,Friday,130,64.3306,0.00223734
2025-12-05 10:55:00,2025-12-05,4,Friday,131,83.6458,0.00290911
2025-12-05 11:00:00,2025-12-05,4,Friday,132,72.0195,0.00250476
2025-12-05 11:05:00,2025-12-05,4,Friday,133,65.5177,0.00227863
2025-12-05 11:10:00,2025-12-05,4,Friday,134,59.5091,0.00206966
2025-12-05 11:15:00,2025-12-05,4,Friday,135,59.775,0.00207891
2025-12-05 11:20:00,2025-12-05,4,Friday,136,43.1403,0.00150037
2025-12-05 11:25:00,2025-12-05,4,Friday,137,65.6943,0.00228477
2025-12-05 11:30:00,2025-12-05,4,Friday,138,71.1405,0.00247419
2025-12-05 11:35:00,2025-12-05,4,Friday,139,48.1373,0.00167416
2025-12-05 11:40:00,2025-12-05,4,Friday,140,56.7088,0.00197227
2025-12-05 11:45:00,2025-12-05,4,Friday,141,51.9727,0.00180755
2025-12-05 11:50:00,2025-12-05,4,Friday,142,53.7467,0.00186925
2025-12-05 11:55:00,2025-12-05,4,Friday,143,63.3242,0.00220235
2025-12-05 12:00:00,2025-12-05,4,Friday,144,43.1727,0.0015015
2025-12-05 12:05:00,2025-12-05,4,Friday,145,68.6085,0.00238613
2025-12-05 12:10:00,2025-12-05,4,Friday,146,69.9538,0.00243291
2025-12-05 12:15:00,2025-12-05,4,Friday,147,60.5231,0.00210493
2025-12-05 12:20:00,2025-12-05,4,Friday,148,39.5289,0.00137477
2025-12-05 12:25:00,2025-12-05,4,Friday,149,53.6139,0.00186463
2025-12-05 12:30:00,2025-12-05,4,Friday,150,74.8093,0.00260179
2025-12-05 12:35:00,2025-12-05,4,Friday,151,36.8937,0.00128312
2025-12-05 12:40:00,2025-12-05,4,Friday,152,60.0797,0.00208951
2025-12-05 12:45:00,2025-12-05,4,Friday,153,52.2896,0.00181858
2025-12-05 12:50:00,2025-12-05,4,Friday,154,71.3928,0.00248296
2025-12-05 12:55:00,2025-12-05,4,Friday,155,57.4212,0.00199705
2025-12-05 13:00:00,2025-12-05,4,Friday,156,67.9792,0.00236424
2025-12-05 13:05:00,2025-12-05,4,Friday,157,69.7722,0.0024266
2025-12-05 13:10:00,2025-12-05,4,Friday,158,82.3363,0.00286357
2025-12-05 13:15:00,2025-12-05,4,Friday,159,62.8384,0.00218545
2025-12-05 13:20:00,2025-12-05,4,Friday,160,68.7552,0.00239123
2025-12-05 13:25:00,2025-12-05,4,Friday,161,50.8112,0.00176716
2025-12-05 13:30:00,2025-12-05,4,Friday,162,77.408,0.00269216
2025-12-05 13:35:00,2025-12-05,4,Friday,163,58.4736,0.00203364
2025-12-05 13:40:00,2025-12-05,4,Friday,164,60.762,0.00211323
2025-12-05 13:45:00,2025-12-05,4,Friday,165,66.4752,0.00231193
2025-12-05 13:50:00,2025-12-05,4,Friday,166,51.3462,0.00178576
2025-12-05 13:55:00,2025-12-05,4,Friday,167,69.7719,0.00242659
2025-12-05 14:00:00,2025-12-05,4,Friday,168,77.7082,0.00270261
2025-12-05 14:05:00,2025-12-05,4,Friday,169,71.2794,0.00247902
2025-12-05 14:10:00,2025-12-05,4,Friday,170,52.3366,0.00182021
2025-12-05 14:15:00,2025-12-05,4,Friday,171,67.8782,0.00236073
2025-12-05 14:20:00,2025-12-05,4,Friday,172,77.3766,0.00269107
2025-12-05 14:25:00,2025-12-05,4,Friday,173,50.3571,0.00175136
2025-12-05 14:30:00,2025-12-05,4,Friday,174,59.2175,0.00205952
2025-12-05 14:35:00,2025-12-05,4,Friday,175,80.4559,0.00279817
2025-12-05 14:40:00,2025-12-05,4,Friday,176,74.5303,0.00259208
2025-12-05 14:45:00,2025-12-05,4,Friday,177,76.623,0.00266486
2025-12-05 14:50:00,2025-12-05,4,Friday,178,92.9937,0.00323422
2025-12-05 14:55:00,2025-12-05,4,Friday,179,78.4244,0.00272751
2025-12-05 15:00:00,2025-12-05,4,Friday,180,81.1372,0.00282186
2025-12-05 15:05:00,2025-12-05,4,Friday,181,104.7042,0.00364149
2025-12-05 15:10:00,2025-12-05,4,Friday,182,72.6307,0.00252602
2025-12-05 15:15:00,2025-12-05,4,Friday,183,66.5955,0.00231612
2025-12-05 15:20:00,2025-12-05,4,Friday,184,81.1679,0.00282293
2025-12-05 15:25:00,2025-12-05,4,Friday,185,81.9734,0.00285094
2025-12-05 15:30:00,2025-12-05,4,Friday,186,71.4283,0.0024842
2025-12-05 15:35:00,2025-12-05,4,Friday,187,66.1014,0.00229893
2025-12-05 15:40:00,2025-12-05,4,Friday,188,106.2125,0.00369395
2025-12-05 15:45:00,2025-12-05,4,Friday,189,83.461,0.00290268
2025-12-05 15:50:00,2025-12-05,4,Friday,190,71.4342,0.0024844
2025-12-05 15:55:00,2025-12-05,4,Friday,191,92.0685,0.00320204
2025-12-05 16:00:00,2025-12-05,4,Friday,192,80.3178,0.00279336
2025-12-05 16:05:00,2025-12-05,4,Friday,193,79.2466,0.00275611
2025-12-05 16:10:00,2025-12-05,4,Friday,194,90.1047,0.00313374
2025-12-05 16:15:00,2025-12-05,4,Friday,195,67.5849,0.00235053
2025-12-05 16:20:00,2025-12-05,4,Friday,196,89.0442,0.00309686
2025-12-05 16:25:00,2025-12-05,4,Friday,197,109.8018,0.00381878
2025-12-05 16:30:00,2025-12-05,4,Friday,198,92.095,0.00320296
2025-12-05 16:35:00,2025-12-05,4,Friday,199,81.9385,0.00284973
2025-12-05 16:40:00,2025-12-05,4,Friday,200,80.9444,0.00281516
2025-12-05 16:45:00,2025-12-05,4,Friday,201,82.9439,0.0028847
2025-12-05 16:50:00,2025-12-05,4,Friday,202,85.7687,0.00298294
2025-12-05 16:55:00,2025-12-05,4,Friday,203,84.8545,0.00295115
2025-12-05 17:00:00,2025-12-05,4,Friday,204,103.2165,0.00358975
2025-12-05 17:05:00,2025-12-05,4,Friday,205,67.7416,0.00235598
2025-12-05 17:10:00,2025-12-05,4,Friday,206,104.2809,0.00362677
2025-12-05 17:15:00,2025-12-05,4,Friday,207,87.8408,0.003055
2025-12-05 17:20:00,2025-12-05,4,Friday,208,99.2662,0.00345237
2025-12-05 17:25:00,2025-12-05,4,Friday,209,78.7452,0.00273867
2025-12-05 17:30:00,2025-12-05,4,Friday,210,114.6273,0.00398661
2025-12-05 17:35:00,2025-12-05,4,Friday,211,114.4062,0.00397892
2025-12-05 17:40:00,2025-12-05,4,Friday,212,111.2062,0.00386763
2025-12-05 17:45:00,2025-12-05,4,Friday,213,75.7588,0.00263481
2025-12-05 17:50:00,2025-12-05,4,Friday,214,111.1485,0.00386562
2025-12-05 17:55:00,2025-12-05,4,Friday,215,105.7291,0.00367714
2025-12-05 18:00:00,2025-12-05,4,Friday,216,76.2991,0.0026536
2025-12-05 18:05:00,2025-12-05,4,Friday,217,100.9509,0.00351096
2025-12-05 18:10:00,2025-12-05,4,Friday,218,107.7271,0.00374663
2025-12-05 18:15:00,2025-12-05,4,Friday,219,111.5512,0.00387962
2025-12-05 18:20:00,2025-12-05,4,Friday,220,106.5422,0.00370542
2025-12-05 18:25:00,2025-12-05,4,Friday,221,109.1704,0.00379682
2025-12-05 18:30:00,2025-12-05,4,Friday,222,128.7188,0.00447669
2025-12-05 18:35:00,2025-12-05,4,Friday,223,125.7675,0.00437405
2025-12-05 18:40:00,2025-12-05,4,Friday,224,61.0079,0.00212179
2025-12-05 18:45:00,2025-12-05,4,Friday,225,102.715,0.00357231
2025-12-05 18:50:00,2025-12-05,4,Friday,226,105.9714,0.00368557
2025-12-05 18:55:00,2025-12-05,4,Friday,227,80.6891,0.00280628
2025-12-05 19:00:00,2025-12-05,4,Friday,228,111.8097,0.00388862
2025-12-05 19:05:00,2025-12-05,4,Friday,229,131.8439,0.00458538
2025-12-05 19:10:00,2025-12-05,4,Friday,230,93.6039,0.00325544
2025-12-05 19:15:00,2025-12-05,4,Friday,231,118.2945,0.00411415
2025-12-05 19:20:00,2025-12-05,4,Friday,232,97.8112,0.00340176
2025-12-05 19:25:00,2025-12-05,4,Friday,233,102.6516,0.00357011
2025-12-05 19:30:00,2025-12-05,4,Friday,234,140.3875,0.00488252
2025-12-05 19:35:00,2025-12-05,4,Friday,235,106.2621,0.00369568
2025-12-05 19:40:00,2025-12-05,4,Friday,236,124.4971,0.00432987
2025-12-05 19:45:00,2025-12-05,4,Friday,237,84.2799,0.00293116
2025-12-05 19:50:00,2025-12-05,4,Friday,238,150.8349,0.00524587
2025-12-05 19:55:00,2025-12-05,4,Friday,239,129.3484,0.00449859
2025-12-05 20:00:00,2025-12-05,4,Friday,240,116.0745,0.00403694
2025-12-05 20:05:00,2025-12-05,4,Friday,241,130.413,0.00453562
2025-12-05 20:10:00,2025-12-05,4,Friday,242,95.2124,0.00331138
2025-12-05 20:15:00,2025-12-05,4,Friday,243,142.9759,0.00497254
2025-12-05 20:20:00,2025-12-05,4,Friday,244,116.1798,0.0040406
2025-12-05 20:25:00,2025-12-05,4,Friday,245,119.0242,0.00413953
2025-12-05 20:30:00,2025-12-05,4,Friday,246,114.3368,0.00397651
2025-12-05 20:35:00,2025-12-05,4,Friday,247,113.2794,0.00393973
2025-12-05 20:40:00,2025-12-05,4,Friday,248,137.7188,0.00478971
2025-12-05 20:45:00,2025-12-05,4,Friday,249,130.1582,0.00452676
2025-12-05 20:50:00,2025-12-05,4,Friday,250,138.2729,0.00480898
2025-12-05 20:55:00,2025-12-05,4,Friday,251,126.392,0.00439577
2025-12-05 21:00:00,2025-12-05,4,Friday,252,136.9344,0.00476242
2025-12-05 21:05:00,2025-12-05,4,Friday,253,119.6972,0.00416294
2025-12-05 21:10:00,2025-12-05,4,Friday,254,171.1894,0.00595378
2025-12-05 21:15:00,2025-12-05,4,Friday,255,98.5324,0.00342685
2025-12-05 21:20:00,2025-12-05,4,Friday,256,153.8365,0.00535026
2025-12-05 21:25:00,2025-12-05,4,Friday,257,156.5409,0.00544432
2025-12-05 21:30:00,2025-12-05,4,Friday,258,113.7291,0.00395537
2025-12-05 21:35:00,2025-12-05,4,Friday,259,174.6589,0.00607444
2025-12-05 21:40:00,2025-12-05,4,Friday,260,150.9858,0.00525112
2025-12-05 21:45:00,2025-12-05,4,Friday,261,151.0378,0.00525292
2025-12-05 21:50:00,2025-12-05,4,Friday,262,132.8388,0.00461998
2025-12-05 21:55:00,2025-12-05,4,Friday,263,128.3925,0.00446535
2025-12-05 22:00:00,2025-12-05,4,Friday,264,128.9538,0.00448487
2025-12-05 22:05:00,2025-12-05,4,Friday,265,141.3617,0.0049164
2025-12-05 22:10:00,2025-12-05,4,Friday,266,162.0751,0.00563679
2025-12-05 22:15:00,2025-12-05,4,Friday,267,137.9508,0.00479778
2025-12-05 22:20:00,2025-12-05,4,Friday,268,116.2445,0.00404285
2025-12-05 22:25:00,2025-12-05,4,Friday,269,151.687,0.0052755
2025-12-05 22:30:00,2025-12-05,4,Friday,270,154.0131,0.0053564
2025-12-05 22:35:00,2025-12-05,4,Friday,271,148.9404,0.00517998
2025-12-05 22:40:00,2025-12-05,4,Friday,272,151.1104,0.00525545
2025-12-05 22:45:00,2025-12-05,4,Friday,273,130.6503,0.00454387
2025-12-05 22:50:00,2025-12-05,4,Friday,274,117.4278,0.00408401
2025-12-05 22:55:00,2025-12-05,4,Friday,275,118.8796,0.0041345
2025-12-05 23:00:00,2025-12-05,4,Friday,276,103.3163,0.00359322
2025-12-05 23:05:00,2025-12-05,4,Friday,277,141.9778,0.00493783
2025-12-05 23:10:00,2025-12-05,4,Friday,278,135.573,0.00471508
2025-12-05 23:15:00,2025-12-05,4,Friday,279,128.3885,0.00446521
2025-12-05 23:20:00,2025-12-05,4,Friday,280,76.6029,0.00266416
2025-12-05 23:25:00,2025-12-05,4,Friday,281,111.9742,0.00389434
2025-12-05 23:30:00,2025-12-05,4,Friday,282,161.0407,0.00560081
2025-12-05 23:35:00,2025-12-05,4,Friday,283,124.207,0.00431978
2025-12-05 23:40:00,2025-12-05,4,Friday,284,145.5079,0.0050606
2025-12-05 23:45:00,2025-12-05,4,Friday,285,109.2952,0.00380117
2025-12-05 23:50:00,2025-12-05,4,Friday,286,167.9623,0.00584154
2025-12-05 23:55:00,2025-12-05,4,Friday,287,135.1907,0.00470178
2025-12-06 00:00:00,2025-12-06,5,Saturday,0,184.4475,0.00655508
2025-12-06 00:05:00,2025-12-06,5,Saturday,1,167.836,0.00596472
2025-12-06 00:10:00,2025-12-06,5,Saturday,2,130.4206,0.00463502
2025-12-06 00:15:00,2025-12-06,5,Saturday,3,124.5021,0.00442468
2025-12-06 00:20:00,2025-12-06,5,Saturday,4,129.9302,0.00461759
2025-12-06 00:25:00,2025-12-06,5,Saturday,5,146.9627,0.00522291
2025-12-06 00:30:00,2025-12-06,5,Saturday,6,134.2703,0.00477183
2025-12-06 00:35:00,2025-12-06,5,Saturday,7,128.2273,0.00455707
2025-12-06 00:40:00,2025-12-06,5,Saturday,8,166.1452,0.00590464
2025-12-06 00:45:00,2025-12-06,5,Saturday,9,133.6957,0.00475141
2025-12-06 00:50:00,2025-12-06,5,Saturday,10,182.7214,0.00649374
2025-12-06 00:55:00,2025-12-06,5,Saturday,11,137.5205,0.00488734
2025-12-06 01:00:00,2025-12-06,5,Saturday,12,171.7509,0.00610386
2025-12-06 01:05:00,2025-12-06,5,Saturday,13,142.5019,0.00506438
2025-12-06 01:10:00,2025-12-06,5,Saturday,14,154.5188,0.00549145
2025-12-06 01:15:00,2025-12-06,5,Saturday,15,120.1157,0.0042688
2025-12-06 01:20:00,2025-12-06,5,Saturday,16,117.2697,0.00416765
2025-12-06 01:25:00,2025-12-06,5,Saturday,17,143.4613,0.00509847
2025-12-06 01:30:00,2025-12-06,5,Saturday,18,153.7594,0.00546446
2025-12-06 01:35:00,2025-12-06,5,Saturday,19,134.3909,0.00477612
2025-12-06 01:40:00,2025-12-06,5,Saturday,20,107.537,0.00382176
2025-12-06 01:45:00,2025-12-06,5,Saturday,21,105.7805,0.00375934
2025-12-06 01:50:00,2025-12-06,5,Saturday,22,104.1583,0.00370168
2025-12-06 01:55:00,2025-12-06,5,Saturday,23,97.1078,0.00345112
2025-12-06 02:00:00,2025-12-06,5,Saturday,24,133.9098,0.00475902
2025-12-06 02:05:00,2025-12-06,5,Saturday,25,153.4948,0.00545505
2025-12-06 02:10:00,2025-12-06,5,Saturday,26,130.6387,0.00464277
2025-12-06 02:15:00,2025-12-06,5,Saturday,27,86.2243,0.00306433
2025-12-06 02:20:00,2025-12-06,5,Saturday,28,126.2783,0.00448781
2025-12-06 02:25:00,2025-12-06,5,Saturday,29,126.3613,0.00449075
2025-12-06 02:30:00,2025-12-06,5,Saturday,30,169.6049,0.00602759
2025-12-06 02:35:00,2025-12-06,5,Saturday,31,100.44,0.00356954
2025-12-06 02:40:00,2025-12-06,5,Saturday,32,120.5155,0.004283
2025-12-06 02:45:00,2025-12-06,5,Saturday,33,160.1091,0.00569012
2025-12-06 02:50:00,2025-12-06,5,Saturday,34,135.5131,0.004816
2025-12-06 02:55:00,2025-12-06,5,Saturday,35,137.068,0.00487126
2025-12-06 03:00:00,2025-12-06,5,Saturday,36,127.9821,0.00454836
2025-12-06 03:05:00,2025-12-06,5,Saturday,37,131.4362,0.00467111
2025-12-06 03:10:00,2025-12-06,5,Saturday,38,139.1829,0.00494642
2025-12-06 03:15:00,2025-12-06,5,Saturday,39,108.9773,0.00387295
2025-12-06 03:20:00,2025-12-06,5,Saturday,40,139.6765,0.00496397
2025-12-06 03:25:00,2025-12-06,5,Saturday,41,97.5029,0.00346516
2025-12-06 03:30:00,2025-12-06,5,Saturday,42,128.1686,0.00455498
2025-12-06 03:35:00,2025-12-06,5,Saturday,43,124.7587,0.0044338
2025-12-06 03:40:00,2025-12-06,5,Saturday,44,109.6689,0.00389752
2025-12-06 03:45:00,2025-12-06,5,Saturday,45,119.7593,0.00425613
2025-12-06 03:50:00,2025-12-06,5,Saturday,46,108.3291,0.00384991
2025-12-06 03:55:00,2025-12-06,5,Saturday,47,99.6989,0.0035432
2025-12-06 04:00:00,2025-12-06,5,Saturday,48,111.8318,0.00397439
2025-12-06 04:05:00,2025-12-06,5,Saturday,49,97.9478,0.00348097
2025-12-06 04:10:00,2025-12-06,5,Saturday,50,122.3184,0.00434708
2025-12-06 04:15:00,2025-12-06,5,Saturday,51,95.9418,0.00340968
2025-12-06 04:20:00,2025-12-06,5,Saturday,52,127.5141,0.00453172
2025-12-06 04:25:00,2025-12-06,5,Saturday,53,94.1825,0.00334715
2025-12-06 04:30:00,2025-12-06,5,Saturday,54,104.0608,0.00369822
2025-12-06 04:35:00,2025-12-06,5,Saturday,55,102.3819,0.00363855
2025-12-06 04:40:00,2025-12-06,5,Saturday,56,134.5073,0.00478026
2025-12-06 04:45:00,2025-12-06,5,Saturday,57,116.9577,0.00415656
2025-12-06 04:50:00,2025-12-06,5,Saturday,58,107.1488,0.00380796
2025-12-06 04:55:00,2025-12-06,5,Saturday,59,118.1052,0.00419734
2025-12-06 05:00:00,2025-12-06,5,Saturday,60,74.6167,0.00265181
2025-12-06 05:05:00,2025-12-06,5,Saturday,61,107.6125,0.00382444
2025-12-06 05:10:00,2025-12-06,5,Saturday,62,139.7371,0.00496612
2025-12-06 05:15:00,2025-12-06,5,Saturday,63,108.8434,0.00386819
2025-12-06 05:20:00,2025-12-06,5,Saturday,64,107.0041,0.00380282
2025-12-06 05:25:00,2025-12-06,5,Saturday,65,113.7654,0.00404311
2025-12-06 05:30:00,2025-12-06,5,Saturday,66,118.3309,0.00420536
2025-12-06 05:35:00,2025-12-06,5,Saturday,67,72.4957,0.00257643
2025-12-06 05:40:00,2025-12-06,5,Saturday,68,76.7834,0.00272881
2025-12-06 05:45:00,2025-12-06,5,Saturday,69,105.1022,0.00373523
2025-12-06 05:50:00,2025-12-06,5,Saturday,70,90.2373,0.00320695
2025-12-06 05:55:00,2025-12-06,5,Saturday,71,119.9948,0.0042645
2025-12-06 06:00:00,2025-12-06,5,Saturday,72,94.7476,0.00336724
2025-12-06 06:05:00,2025-12-06,5,Saturday,73,70.0135,0.00248821
2025-12-06 06:10:00,2025-12-06,5,Saturday,74,79.2164,0.00281527
2025-12-06 06:15:00,2025-12-06,5,Saturday,75,56.9981,0.00202566
2025-12-06 06:20:00,2025-12-06,5,Saturday,76,92.8204,0.00329875
2025-12-06 06:25:00,2025-12-06,5,Saturday,77,92.6936,0.00329424
2025-12-06 06:30:00,2025-12-06,5,Saturday,78,88.5594,0.00314731
2025-12-06 06:35:00,2025-12-06,5,Saturday,79,108.9519,0.00387204
2025-12-06 06:40:00,2025-12-06,5,Saturday,80,109.6877,0.00389819
2025-12-06 06:45:00,2025-12-06,5,Saturday,81,89.8178,0.00319203
2025-12-06 06:50:00,2025-12-06,5,Saturday,82,62.118,0.00220761
2025-12-06 06:55:00,2025-12-06,5,Saturday,83,98.9725,0.00351738
2025-12-06 07:00:00,2025-12-06,5,Saturday,84,97.2773,0.00345714
2025-12-06 07:05:00,2025-12-06,5,Saturday,85,93.1444,0.00331026
2025-12-06 07:10:00,2025-12-06,5,Saturday,86,101.2249,0.00359743
2025-12-06 07:15:00,2025-12-06,5,Saturday,87,72.1799,0.0025652
2025-12-06 07:20:00,2025-12-06,5,Saturday,88,112.8161,0.00400937
2025-12-06 07:25:00,2025-12-06,5,Saturday,89,73.5657,0.00261445
2025-12-06 07:30:00,2025-12-06,5,Saturday,90,94.7501,0.00336733
2025-12-06 07:35:00,2025-12-06,5,Saturday,91,63.0601,0.00224109
2025-12-06 07:40:00,2025-12-06,5,Saturday,92,72.0104,0.00255918
2025-12-06 07:45:00,2025-12-06,5,Saturday,93,101.8232,0.00361869
2025-12-06 07:50:00,2025-12-06,5,Saturday,94,79.0109,0.00280797
2025-12-06 07:55:00,2025-12-06,5,Saturday,95,91.7809,0.0032618
2025-12-06 08:00:00,2025-12-06,5,Saturday,96,83.6744,0.00297371
2025-12-06 08:05:00,2025-12-06,5,Saturday,97,78.8412,0.00280194
2025-12-06 08:10:00,2025-12-06,5,Saturday,98,95.6572,0.00339956
2025-12-06 08:15:00,2025-12-06,5,Saturday,99,75.9352,0.00269866
2025-12-06 08:20:00,2025-12-06,5,Saturday,100,57.2082,0.00203312
2025-12-06 08:25:00,2025-12-06,5,Saturday,101,68.0719,0.00241921
2025-12-06 08:30:00,2025-12-06,5,Saturday,102,83.0916,0.00295299
2025-12-06 08:35:00,2025-12-06,5,Saturday,103,80.6214,0.00286521
2025-12-06 08:40:00,2025-12-06,5,Saturday,104,57.7358,0.00205187
2025-12-06 08:45:00,2025-12-06,5,Saturday,105,66.7262,0.00237139
2025-12-06 08:50:00,2025-12-06,5,Saturday,106,67.7748,0.00240865
2025-12-06 08:55:00,2025-12-06,5,Saturday,107,69.6222,0.0024743
2025-12-06 09:00:00,2025-12-06,5,Saturday,108,57.9962,0.00206113
2025-12-06 09:05:00,2025-12-06,5,Saturday,109,65.6753,0.00233403
2025-12-06 09:10:00,2025-12-06,5,Saturday,110,64.0896,0.00227768
2025-12-06 09:15:00,2025-12-06,5,Saturday,111,79.6748,0.00283156
2025-12-06 09:20:00,2025-12-06,5,Saturday,112,79.4834,0.00282476
2025-12-06 09:25:00,2025-12-06,5,Saturday,113,68.8256,0.00244599
2025-12-06 09:30:00,2025-12-06,5,Saturday,114,65.754,0.00233683
2025-12-06 09:35:00,2025-12-06,5,Saturday,115,70.8301,0.00251723
2025-12-06 09:40:00,2025-12-06,5,Saturday,116,60.4608,0.00214872
2025-12-06 09:45:00,2025-12-06,5,Saturday,117,56.6673,0.0020139
2025-12-06 09:50:00,2025-12-06,5,Saturday,118,58.4065,0.00207571
2025-12-06 09:55:00,2025-12-06,5,Saturday,119,61.1327,0.0021726
2025-12-06 10:00:00,2025-12-06,5,Saturday,120,55.4326,0.00197002
2025-12-06 10:05:00,2025-12-06,5,Saturday,121,68.3757,0.00243
2025-12-06 10:10:00,2025-12-06,5,Saturday,122,73.6341,0.00261688
2025-12-06 10:15:00,2025-12-06,5,Saturday,123,50.289,0.00178722
2025-12-06 10:20:00,2025-12-06,5,Saturday,124,65.8973,0.00234192
2025-12-06 10:25:00,2025-12-06,5,Saturday,125,63.1593,0.00224462
2025-12-06 10:30:00,2025-12-06,5,Saturday,126,68.3239,0.00242817
2025-12-06 10:35:00,2025-12-06,5,Saturday,127,64.5658,0.00229461
2025-12-06 10:40:00,2025-12-06,5,Saturday,128,50.362,0.00178981
2025-12-06 10:45:00,2025-12-06,5,Saturday,129,51.9904,0.00184769
2025-12-06 10:50:00,2025-12-06,5,Saturday,130,64.1637,0.00228032
2025-12-06 10:55:00,2025-12-06,5,Saturday,131,73.4672,0.00261095
2025-12-06 11:00:00,2025-12-06,5,Saturday,132,42.3607,0.00150546
2025-12-06 11:05:00,2025-12-06,5,Saturday,133,66.5032,0.00236346
2025-12-06 11:10:00,2025-12-06,5,Saturday,134,74.2887,0.00264015
2025-12-06 11:15:00,2025-12-06,5,Saturday,135,61.4291,0.00218313
2025-12-06 11:20:00,2025-12-06,5,Saturday,136,67.8988,0.00241306
2025-12-06 11:25:00,2025-12-06,5,Saturday,137,55.989,0.00198979
2025-12-06 11:30:00,2025-12-06,5,Saturday,138,61.3562,0.00218054
2025-12-06 11:35:00,2025-12-06,5,Saturday,139,47.2111,0.00167784
2025-12-06 11:40:00,2025-12-06,5,Saturday,140,40.3906,0.00143544
2025-12-06 11:45:00,2025-12-06,5,Saturday,141,71.0366,0.00252457
2025-12-06 11:50:00,2025-12-06,5,Saturday,142,53.0025,0.00188366
2025-12-06 11:55:00,2025-12-06,5,Saturday,143,57.9169,0.00205831
2025-12-06 12:00:00,2025-12-06,5,Saturday,144,49.2294,0.00174956
2025-12-06 12:05:00,2025-12-06,5,Saturday,145,49.0171,0.00174202
2025-12-06 12:10:00,2025-12-06,5,Saturday,146,60.5695,0.00215258
2025-12-06 12:15:00,2025-12-06,5,Saturday,147,55.4247,0.00196974
2025-12-06 12:20:00,2025-12-06,5,Saturday,148,65.8296,0.00233952
2025-12-06 12:25:00,2025-12-06,5,Saturday,149,66.6116,0.00236731
2025-12-06 12:30:00,2025-12-06,5,Saturday,150,65.4815,0.00232715
2025-12-06 12:35:00,2025-12-06,5,Saturday,151,64.8298,0.00230399
2025-12-06 12:40:00,2025-12-06,5,Saturday,152,77.5665,0.00275664
2025-12-06 12:45:00,2025-12-06,5,Saturday,153,52.804,0.0018766
2025-12-06 12:50:00,2025-12-06,5,Saturday,154,62.5203,0.00222191
2025-12-06 12:55:00,2025-12-06,5,Saturday,155,73.9665,0.0026287
2025-12-06 13:00:00,2025-12-06,5,Saturday,156,75.4572,0.00268168
2025-12-06 13:05:00,2025-12-06,5,Saturday,157,50.0722,0.00177952
2025-12-06 13:10:00,2025-12-06,5,Saturday,158,60.8887,0.00216392
2025-12-06 13:15:00,2025-12-06,5,Saturday,159,77.2003,0.00274362
2025-12-06 13:20:00,2025-12-06,5,Saturday,160,69.3132,0.00246332
2025-12-06 13:25:00,2025-12-06,5,Saturday,161,66.5861,0.00236641
2025-12-06 13:30:00,2025-12-06,5,Saturday,162,62.8723,0.00223442
2025-12-06 13:35:00,2025-12-06,5,Saturday,163,61.5539,0.00218756
2025-12-06 13:40:00,2025-12-06,5,Saturday,164,68.488,0.002434
2025-12-06 13:45:00,2025-12-06,5,Saturday,165,63.5031,0.00225684
2025-12-06 13:50:00,2025-12-06,5,Saturday,166,65.9456,0.00234364
2025-12-06 13:55:00,2025-12-06,5,Saturday,167,67.54,0.00240031
2025-12-06 14:00:00,2025-12-06,5,Saturday,168,60.322,0.00214378
2025-12-06 14:05:00,2025-12-06,5,Saturday,169,72.9597,0.00259291
2025-12-06 14:10:00,2025-12-06,5,Saturday,170,97.7198,0.00347287
2025-12-06 14:15:00,2025-12-06,5,Saturday,171,50.198,0.00178399
2025-12-06 14:20:00,2025-12-06,5,Saturday,172,72.2488,0.00256765
2025-12-06 14:25:00,2025-12-06,5,Saturday,173,61.4634,0.00218435
2025-12-06 14:30:00,2025-12-06,5,Saturday,174,75.9131,0.00269788
2025-12-06 14:35:00,2025-12-06,5,Saturday,175,70.856,0.00251815
2025-12-06 14:40:00,2025-12-06,5,Saturday,176,78.9808,0.0028069
2025-12-06 14:45:00,2025-12-06,5,Saturday,177,84.002,0.00298535
2025-12-06 14:50:00,2025-12-06,5,Saturday,178,74.0303,0.00263097
2025-12-06 14:55:00,2025-12-06,5,Saturday,179,84.8224,0.00301451
2025-12-06 15:00:00,2025-12-06,5,Saturday,180,47.381,0.00168387
2025-12-06 15:05:00,2025-12-06,5,Saturday,181,91.2332,0.00324234
2025-12-06 15:10:00,2025-12-06,5,Saturday,182,78.4315,0.00278738
2025-12-06 15:15:00,2025-12-06,5,Saturday,183,86.963,0.00309058
2025-12-06 15:20:00,2025-12-06,5,Saturday,184,61.6664,0.00219156
2025-12-06 15:25:00,2025-12-06,5,Saturday,185,66.6223,0.00236769
2025-12-06 15:30:00,2025-12-06,5,Saturday,186,78.4264,0.0027872
2025-12-06 15:35:00,2025-12-06,5,Saturday,187,77.1994,0.00274359
2025-12-06 15:40:00,2025-12-06,5,Saturday,188,81.3729,0.00289191
2025-12-06 15:45:00,2025-12-06,5,Saturday,189,91.5376,0.00325316
2025-12-06 15:50:00,2025-12-06,5,Saturday,190,58.3846,0.00207493
2025-12-06 15:55:00,2025-12-06,5,Saturday,191,91.8031,0.00326259
2025-12-06 16:00:00,2025-12-06,5,Saturday,192,80.9028,0.00287521
2025-12-06 16:05:00,2025-12-06,5,Saturday,193,79.0198,0.00280829
2025-12-06 16:10:00,2025-12-06,5,Saturday,194,64.0837,0.00227747
2025-12-06 16:15:00,2025-12-06,5,Saturday,195,89.2142,0.00317059
2025-12-06 16:20:00,2025-12-06,5,Saturday,196,53.3834,0.00189719
2025-12-06 16:25:00,2025-12-06,5,Saturday,197,92.6409,0.00329236
2025-12-06 16:30:00,2025-12-06,5,Saturday,198,66.1135,0.00234961
2025-12-06 16:35:00,2025-12-06,5,Saturday,199,86.6216,0.00307845
2025-12-06 16:40:00,2025-12-06,5,Saturday,200,85.1443,0.00302595
2025-12-06 16:45:00,2025-12-06,5,Saturday,201,102.805,0.00365359
2025-12-06 16:50:00,2025-12-06,5,Saturday,202,85.8702,0.00305174
2025-12-06 16:55:00,2025-12-06,5,Saturday,203,79.7452,0.00283407
2025-12-06 17:00:00,2025-12-06,5,Saturday,204,82.9732,0.00294879
2025-12-06 17:05:00,2025-12-06,5,Saturday,205,107.8806,0.00383397
2025-12-06 17:10:00,2025-12-06,5,Saturday,206,98.7282,0.0035087
2025-12-06 17:15:00,2025-12-06,5,Saturday,207,86.8418,0.00308627
2025-12-06 17:20:00,2025-12-06,5,Saturday,208,89.6757,0.00318699
2025-12-06 17:25:00,2025-12-06,5,Saturday,209,71.7314,0.00254926
2025-12-06 17:30:00,2025-12-06,5,Saturday,210,100.0927,0.0035572
2025-12-06 17:35:00,2025-12-06,5,Saturday,211,70.209,0.00249516
2025-12-06 17:40:00,2025-12-06,5,Saturday,212,107.0471,0.00380435
2025-12-06 17:45:00,2025-12-06,5,Saturday,213,98.8817,0.00351416
2025-12-06 17:50:00,2025-12-06,5,Saturday,214,132.847,0.00472125
2025-12-06 17:55:00,2025-12-06,5,Saturday,215,82.3587,0.00292695
2025-12-06 18:00:00,2025-12-06,5,Saturday,216,97.9177,0.0034799
2025-12-06 18:05:00,2025-12-06,5,Saturday,217,127.3079,0.0045244
2025-12-06 18:10:00,2025-12-06,5,Saturday,218,119.139,0.00423408
2025-12-06 18:15:00,2025-12-06,5,Saturday,219,91.2479,0.00324286
2025-12-06 18:20:00,2025-12-06,5,Saturday,220,106.1497,0.00377245
2025-12-06 18:25:00,2025-12-06,5,Saturday,221,103.5402,0.00367972
2025-12-06 18:30:00,2025-12-06,5,Saturday,222,108.7288,0.00386412
2025-12-06 18:35:00,2025-12-06,5,Saturday,223,94.1053,0.00334441
2025-12-06 18:40:00,2025-12-06,5,Saturday,224,104.5059,0.00371404
2025-12-06 18:45:00,2025-12-06,5,Saturday,225,81.142,0.00288371
2025-12-06 18:50:00,2025-12-06,5,Saturday,226,109.7002,0.00389864
2025-12-06 18:55:00,2025-12-06,5,Saturday,227,115.6247,0.00410919
2025-12-06 19:00:00,2025-12-06,5,Saturday,228,105.3796,0.00374509
2025-12-06 19:05:00,2025-12-06,5,Saturday,229,83.2645,0.00295914
2025-12-06 19:10:00,2025-12-06,5,Saturday,230,127.0726,0.00451604
2025-12-06 19:15:00,2025-12-06,5,Saturday,231,117.5299,0.0041769
2025-12-06 19:20:00,2025-12-06,5,Saturday,232,99.9849,0.00355337
2025-12-06 19:25:00,2025-12-06,5,Saturday,233,108.211,0.00384571
2025-12-06 19:30:00,2025-12-06,5,Saturday,234,88.1221,0.00313177
2025-12-06 19:35:00,2025-12-06,5,Saturday,235,96.8623,0.00344239
2025-12-06 19:40:00,2025-12-06,5,Saturday,236,105.9158,0.00376414
2025-12-06 19:45:00,2025-12-06,5,Saturday,237,137.3077,0.00487978
2025-12-06 19:50:00,2025-12-06,5,Saturday,238,105.4778,0.00374858
2025-12-06 19:55:00,2025-12-06,5,Saturday,239,128.6598,0.00457244
2025-12-06 20:00:00,2025-12-06,5,Saturday,240,108.5599,0.00385811
2025-12-06 20:05:00,2025-12-06,5,Saturday,241,123.2142,0.00437891
2025-12-06 20:10:00,2025-12-06,5,Saturday,242,116.9526,0.00415638
2025-12-06 20:15:00,2025-12-06,5,Saturday,243,135.9053,0.00482994
2025-12-06 20:20:00,2025-12-06,5,Saturday,244,111.1458,0.00395001
2025-12-06 20:25:00,2025-12-06,5,Saturday,245,92.8415,0.0032995
2025-12-06 20:30:00,2025-12-06,5,Saturday,246,96.8308,0.00344127
2025-12-06 20:35:00,2025-12-06,5,Saturday,247,112.9954,0.00401575
2025-12-06 20:40:00,2025-12-06,5,Saturday,248,100.2969,0.00356445
2025-12-06 20:45:00,2025-12-06,5,Saturday,249,131.6707,0.00467945
2025-12-06 20:50:00,2025-12-06,5,Saturday,250,115.9359,0.00412025
2025-12-06 20:55:00,2025-12-06,5,Saturday,251,169.8467,0.00603618
2025-12-06 21:00:00,2025-12-06,5,Saturday,252,93.0238,0.00330597
2025-12-06 21:05:00,2025-12-06,5,Saturday,253,130.2491,0.00462892
2025-12-06 21:10:00,2025-12-06,5,Saturday,254,105.4666,0.00374818
2025-12-06 21:15:00,2025-12-06,5,Saturday,255,118.0524,0.00419547
2025-12-06 21:20:00,2025-12-06,5,Saturday,256,130.7332,0.00464613
2025-12-06 21:25:00,2025-12-06,5,Saturday,257,83.7004,0.00297463
2025-12-06 21:30:00,2025-12-06,5,Saturday,258,133.6199,0.00474872
2025-12-06 21:35:00,2025-12-06,5,Saturday,259,166.4951,0.00591707
2025-12-06 21:40:00,2025-12-06,5,Saturday,260,121.1562,0.00430577
2025-12-06 21:45:00,2025-12-06,5,Saturday,261,135.5416,0.00481701
2025-12-06 21:50:00,2025-12-06,5,Saturday,262,151.0268,0.00536734
2025-12-06 21:55:00,2025-12-06,5,Saturday,263,128.1019,0.00455261
2025-12-06 22:00:00,2025-12-06,5,Saturday,264,120.2653,0.00427411
2025-12-06 22:05:00,2025-12-06,5,Saturday,265,87.0361,0.00309318
2025-12-06 22:10:00,2025-12-06,5,Saturday,266,145.2713,0.0051628
2025-12-06 22:15:00,2025-12-06,5,Saturday,267,130.6406,0.00464284
2025-12-06 22:20:00,2025-12-06,5,Saturday,268,113.0077,0.00401618
2025-12-06 22:25:00,2025-12-06,5,Saturday,269,136.1209,0.0048376
2025-12-06 22:30:00,2025-12-06,5,Saturday,270,122.1802,0.00434216
2025-12-06 22:35:00,2025-12-06,5,Saturday,271,123.5691,0.00439153
2025-12-06 22:40:00,2025-12-06,5,Saturday,272,146.7248,0.00521446
2025-12-06 22:45:00,2025-12-06,5,Saturday,273,107.7087,0.00382786
2025-12-06 22:50:00,2025-12-06,5,Saturday,274,156.2272,0.00555216
2025-12-06 22:55:00,2025-12-06,5,Saturday,275,106.8966,0.003799
2025-12-06 23:00:00,2025-12-06,5,Saturday,276,122.0052,0.00433595
2025-12-06 23:05:00,2025-12-06,5,Saturday,277,174.8078,0.0062125
2025-12-06 23:10:00,2025-12-06,5,Saturday,278,158.8327,0.00564476
2025-12-06 23:15:00,2025-12-06,5,Saturday,279,138.0175,0.00490501
2025-12-06 23:20:00,2025-12-06,5,Saturday,280,116.9643,0.0041568
2025-12-06 23:25:00,2025-12-06,5,Saturday,281,125.4869,0.00445968
2025-12-06 23:30:00,2025-12-06,5,Saturday,282,137.923,0.00490165
2025-12-06 23:35:00,2025-12-06,5,Saturday,283,137.2893,0.00487913
2025-12-06 23:40:00,2025-12-06,5,Saturday,284,134.7387,0.00478848
2025-12-06 23:45:00,2025-12-06,5,Saturday,285,136.0307,0.0048344
2025-12-06 23:50:00,2025-12-06,5,Saturday,286,132.3111,0.00470221
2025-12-06 23:55:00,2025-12-06,5,Saturday,287,107.1586,0.00380831
2025-12-07 00:00:00,2025-12-07,6,Sunday,0,119.1734,0.00552489
2025-12-07 00:05:00,2025-12-07,6,Sunday,1,83.2812,0.00386093
2025-12-07 00:10:00,2025-12-07,6,Sunday,2,101.7899,0.00471899
2025-12-07 00:15:00,2025-12-07,6,Sunday,3,91.8563,0.00425847
2025-12-07 00:20:00,2025-12-07,6,Sunday,4,106.4358,0.00493437
2025-12-07 00:25:00,2025-12-07,6,Sunday,5,98.527,0.00456772
2025-12-07 00:30:00,2025-12-07,6,Sunday,6,127.7211,0.00592116
2025-12-07 00:35:00,2025-12-07,6,Sunday,7,112.4013,0.00521093
2025-12-07 00:40:00,2025-12-07,6,Sunday,8,83.8265,0.0038862
2025-12-07 00:45:00,2025-12-07,6,Sunday,9,114.7429,0.00531949
2025-12-07 00:50:00,2025-12-07,6,Sunday,10,92.0202,0.00426607
2025-12-07 00:55:00,2025-12-07,6,Sunday,11,94.9778,0.00440318
2025-12-07 01:00:00,2025-12-07,6,Sunday,12,108.7094,0.00503978
2025-12-07 01:05:00,2025-12-07,6,Sunday,13,96.0085,0.00445096
2025-12-07 01:10:00,2025-12-07,6,Sunday,14,117.3312,0.00543949
2025-12-07 01:15:00,2025-12-07,6,Sunday,15,91.2806,0.00423178
2025-12-07 01:20:00,2025-12-07,6,Sunday,16,93.503,0.00433481
2025-12-07 01:25:00,2025-12-07,6,Sunday,17,92.7263,0.0042988
2025-12-07 01:30:00,2025-12-07,6,Sunday,18,93.9136,0.00435384
2025-12-07 01:35:00,2025-12-07,6,Sunday,19,119.2551,0.00552868
2025-12-07 01:40:00,2025-12-07,6,Sunday,20,111.75,0.00518074
2025-12-07 01:45:00,2025-12-07,6,Sunday,21,127.9719,0.00593279
2025-12-07 01:50:00,2025-12-07,6,Sunday,22,136.1143,0.00631027
2025-12-07 01:55:00,2025-12-07,6,Sunday,23,85.6153,0.00396913
2025-12-07 02:00:00,2025-12-07,6,Sunday,24,102.0335,0.00473028
2025-12-07 02:05:00,2025-12-07,6,Sunday,25,82.8918,0.00384287
2025-12-07 02:10:00,2025-12-07,6,Sunday,26,88.6186,0.00410837
2025-12-07 02:15:00,2025-12-07,6,Sunday,27,90.53,0.00419698
2025-12-07 02:20:00,2025-12-07,6,Sunday,28,83.8291,0.00388632
2025-12-07 02:25:00,2025-12-07,6,Sunday,29,83.6019,0.00387579
2025-12-07 02:30:00,2025-12-07,6,Sunday,30,96.7497,0.00448532
2025-12-07 02:35:00,2025-12-07,6,Sunday,31,80.5271,0.00373324
2025-12-07 02:40:00,2025-12-07,6,Sunday,32,110.5025,0.00512291
2025-12-07 02:45:00,2025-12-07,6,Sunday,33,84.2533,0.00390599
2025-12-07 02:50:00,2025-12-07,6,Sunday,34,138.2875,0.00641102
2025-12-07 02:55:00,2025-12-07,6,Sunday,35,90.3028,0.00418644
2025-12-07 03:00:00,2025-12-07,6,Sunday,36,97.4666,0.00451856
2025-12-07 03:05:00,2025-12-07,6,Sunday,37,77.3304,0.00358504
2025-12-07 03:10:00,2025-12-07,6,Sunday,38,119.9701,0.00556183
2025-12-07 03:15:00,2025-12-07,6,Sunday,39,111.0228,0.00514703
2025-12-07 03:20:00,2025-12-07,6,Sunday,40,98.7993,0.00458034
2025-12-07 03:25:00,2025-12-07,6,Sunday,41,75.0936,0.00348135
2025-12-07 03:30:00,2025-12-07,6,Sunday,42,96.5724,0.0044771
2025-12-07 03:35:00,2025-12-07,6,Sunday,43,77.452,0.00359068
2025-12-07 03:40:00,2025-12-07,6,Sunday,44,112.9225,0.0052351
2025-12-07 03:45:00,2025-12-07,6,Sunday,45,103.2722,0.00478771
2025-12-07 03:50:00,2025-12-07,6,Sunday,46,92.8827,0.00430605
2025-12-07 03:55:00,2025-12-07,6,Sunday,47,57.7703,0.00267823
2025-12-07 04:00:00,2025-12-07,6,Sunday,48,77.155,0.00357691
2025-12-07 04:05:00,2025-12-07,6,Sunday,49,99.2432,0.00460092
2025-12-07 04:10:00,2025-12-07,6,Sunday,50,105.6795,0.00489931
2025-12-07 04:15:00,2025-12-07,6,Sunday,51,103.6397,0.00480475
2025-12-07 04:20:00,2025-12-07,6,Sunday,52,67.2093,0.00311583
2025-12-07 04:25:00,2025-12-07,6,Sunday,53,91.6942,0.00425095
2025-12-07 04:30:00,2025-12-07,6,Sunday,54,100.4284,0.00465587
2025-12-07 04:35:00,2025-12-07,6,Sunday,55,65.0387,0.0030152
2025-12-07 04:40:00,2025-12-07,6,Sunday,56,85.8885,0.0039818
2025-12-07 04:45:00,2025-12-07,6,Sunday,57,88.9103,0.00412189
2025-12-07 04:50:00,2025-12-07,6,Sunday,58,80.9835,0.0037544
2025-12-07 04:55:00,2025-12-07,6,Sunday,59,60.8166,0.00281946
2025-12-07 05:00:00,2025-12-07,6,Sunday,60,79.5277,0.00368691
2025-12-07 05:05:00,2025-12-07,6,Sunday,61,78.9332,0.00365935
2025-12-07 05:10:00,2025-12-07,6,Sunday,62,80.5711,0.00373528
2025-12-07 05:15:00,2025-12-07,6,Sunday,63,74.8781,0.00347135
2025-12-07 05:20:00,2025-12-07,6,Sunday,64,75.7839,0.00351335
2025-12-07 05:25:00,2025-12-07,6,Sunday,65,80.0833,0.00371267
2025-12-07 05:30:00,2025-12-07,6,Sunday,66,85.2517,0.00395228
2025-12-07 05:35:00,2025-12-07,6,Sunday,67,75.7044,0.00350966
2025-12-07 05:40:00,2025-12-07,6,Sunday,68,73.87,0.00342462
2025-12-07 05:45:00,2025-12-07,6,Sunday,69,79.1663,0.00367016
2025-12-07 05:50:00,2025-12-07,6,Sunday,70,55.1423,0.0025564
2025-12-07 05:55:00,2025-12-07,6,Sunday,71,82.337,0.00381715
2025-12-07 06:00:00,2025-12-07,6,Sunday,72,76.2089,0.00353305
2025-12-07 06:05:00,2025-12-07,6,Sunday,73,76.0419,0.00352531
2025-12-07 06:10:00,2025-12-07,6,Sunday,74,85.7724,0.00397641
2025-12-07 06:15:00,2025-12-07,6,Sunday,75,52.5684,0.00243708
2025-12-07 06:20:00,2025-12-07,6,Sunday,76,51.8964,0.00240592
2025-12-07 06:25:00,2025-12-07,6,Sunday,77,76.1062,0.00352829
2025-12-07 06:30:00,2025-12-07,6,Sunday,78,72.4074,0.00335681
2025-12-07 06:35:00,2025-12-07,6,Sunday,79,73.702,0.00341683
2025-12-07 06:40:00,2025-12-07,6,Sunday,80,66.3132,0.00307428
2025-12-07 06:45:00,2025-12-07,6,Sunday,81,77.6789,0.0036012
2025-12-07 06:50:00,2025-12-07,6,Sunday,82,79.8261,0.00370075
2025-12-07 06:55:00,2025-12-07,6,Sunday,83,74.4619,0.00345206
2025-12-07 07:00:00,2025-12-07,6,Sunday,84,66.1256,0.00306559
2025-12-07 07:05:00,2025-12-07,6,Sunday,85,46.6504,0.00216271
2025-12-07 07:10:00,2025-12-07,6,Sunday,86,75.4234,0.00349663
2025-12-07 07:15:00,2025-12-07,6,Sunday,87,79.3119,0.00367691
2025-12-07 07:20:00,2025-12-07,6,Sunday,88,72.8638,0.00337797
2025-12-07 07:25:00,2025-12-07,6,Sunday,89,57.167,0.00265027
2025-12-07 07:30:00,2025-12-07,6,Sunday,90,71.8755,0.00333215
2025-12-07 07:35:00,2025-12-07,6,Sunday,91,73.0565,0.00338691
2025-12-07 07:40:00,2025-12-07,6,Sunday,92,79.1331,0.00366862
2025-12-07 07:45:00,2025-12-07,6,Sunday,93,55.2196,0.00255999
2025-12-07 07:50:00,2025-12-07,6,Sunday,94,60.8776,0.00282229
2025-12-07 07:55:00,2025-12-07,6,Sunday,95,69.4704,0.00322065
2025-12-07 08:00:00,2025-12-07,6,Sunday,96,62.4582,0.00289557
2025-12-07 08:05:00,2025-12-07,6,Sunday,97,51.0997,0.00236899
2025-12-07 08:10:00,2025-12-07,6,Sunday,98,64.6438,0.00299689
2025-12-07 08:15:00,2025-12-07,6,Sunday,99,65.5739,0.00304001
2025-12-07 08:20:00,2025-12-07,6,Sunday,100,60.6114,0.00280995
2025-12-07 08:25:00,2025-12-07,6,Sunday,101,61.2689,0.00284043
2025-12-07 08:30:00,2025-12-07,6,Sunday,102,56.534,0.00262092
2025-12-07 08:35:00,2025-12-07,6,Sunday,103,71.2593,0.00330358
2025-12-07 08:40:00,2025-12-07,6,Sunday,104,50.029,0.00231935
2025-12-07 08:45:00,2025-12-07,6,Sunday,105,52.3165,0.0024254
2025-12-07 08:50:00,2025-12-07,6,Sunday,106,57.0002,0.00264253
2025-12-07 08:55:00,2025-12-07,6,Sunday,107,63.8941,0.00296213
2025-12-07 09:00:00,2025-12-07,6,Sunday,108,43.4265,0.00201325
2025-12-07 09:05:00,2025-12-07,6,Sunday,109,44.6477,0.00206987
2025-12-07 09:10:00,2025-12-07,6,Sunday,110,38.2883,0.00177505
2025-12-07 09:15:00,2025-12-07,6,Sunday,111,54.9956,0.0025496
2025-12-07 09:20:00,2025-12-07,6,Sunday,112,45.209,0.00209589
2025-12-07 09:25:00,2025-12-07,6,Sunday,113,50.8151,0.00235579
2025-12-07 09:30:00,2025-12-07,6,Sunday,114,58.8523,0.0027284
2025-12-07 09:35:00,2025-12-07,6,Sunday,115,48.0502,0.00222761
2025-12-07 09:40:00,2025-12-07,6,Sunday,116,54.6352,0.00253289
2025-12-07 09:45:00,2025-12-07,6,Sunday,117,50.0962,0.00232246
2025-12-07 09:50:00,2025-12-07,6,Sunday,118,57.3642,0.00265941
2025-12-07 09:55:00,2025-12-07,6,Sunday,119,55.4717,0.00257167
2025-12-07 10:00:00,2025-12-07,6,Sunday,120,46.1222,0.00213823
2025-12-07 10:05:00,2025-12-07,6,Sunday,121,49.8636,0.00231168
2025-12-07 10:10:00,2025-12-07,6,Sunday,122,58.8272,0.00272723
2025-12-07 10:15:00,2025-12-07,6,Sunday,123,53.5667,0.00248336
2025-12-07 10:20:00,2025-12-07,6,Sunday,124,39.7697,0.00184373
2025-12-07 10:25:00,2025-12-07,6,Sunday,125,54.9776,0.00254876
2025-12-07 10:30:00,2025-12-07,6,Sunday,126,41.7065,0.00193351
2025-12-07 10:35:00,2025-12-07,6,Sunday,127,60.0822,0.00278542
2025-12-07 10:40:00,2025-12-07,6,Sunday,128,56.9403,0.00263976
2025-12-07 10:45:00,2025-12-07,6,Sunday,129,51.2886,0.00237774
2025-12-07 10:50:00,2025-12-07,6,Sunday,130,50.112,0.0023232
2025-12-07 10:55:00,2025-12-07,6,Sunday,131,47.247,0.00219037
2025-12-07 11:00:00,2025-12-07,6,Sunday,132,53.5557,0.00248285
2025-12-07 11:05:00,2025-12-07,6,Sunday,133,45.7588,0.00212138
2025-12-07 11:10:00,2025-12-07,6,Sunday,134,50.0192,0.00231889
2025-12-07 11:15:00,2025-12-07,6,Sunday,135,54.4857,0.00252596
2025-12-07 11:20:00,2025-12-07,6,Sunday,136,44.018,0.00204068
2025-12-07 11:25:00,2025-12-07,6,Sunday,137,43.5336,0.00201822
2025-12-07 11:30:00,2025-12-07,6,Sunday,138,39.3013,0.00182201
2025-12-07 11:35:00,2025-12-07,6,Sunday,139,40.1715,0.00186235
2025-12-07 11:40:00,2025-12-07,6,Sunday,140,34.6493,0.00160634
2025-12-07 11:45:00,2025-12-07,6,Sunday,141,52.9172,0.00245325
2025-12-07 11:50:00,2025-12-07,6,Sunday,142,60.5942,0.00280915
2025-12-07 11:55:00,2025-12-07,6,Sunday,143,57.8271,0.00268087
2025-12-07 12:00:00,2025-12-07,6,Sunday,144,36.0159,0.0016697
2025-12-07 12:05:00,2025-12-07,6,Sunday,145,52.8213,0.0024488
2025-12-07 12:10:00,2025-12-07,6,Sunday,146,57.8288,0.00268095
2025-12-07 12:15:00,2025-12-07,6,Sunday,147,44.4276,0.00205967
2025-12-07 12:20:00,2025-12-07,6,Sunday,148,48.4698,0.00224707
2025-12-07 12:25:00,2025-12-07,6,Sunday,149,33.4065,0.00154873
2025-12-07 12:30:00,2025-12-07,6,Sunday,150,49.7947,0.00230849
2025-12-07 12:35:00,2025-12-07,6,Sunday,151,40.3148,0.001869
2025-12-07 12:40:00,2025-12-07,6,Sunday,152,49.5082,0.0022952
2025-12-07 12:45:00,2025-12-07,6,Sunday,153,36.9,0.00171069
2025-12-07 12:50:00,2025-12-07,6,Sunday,154,52.246,0.00242213
2025-12-07 12:55:00,2025-12-07,6,Sunday,155,55.8998,0.00259152
2025-12-07 13:00:00,2025-12-07,6,Sunday,156,42.8981,0.00198876
2025-12-07 13:05:00,2025-12-07,6,Sunday,157,40.4581,0.00187564
2025-12-07 13:10:00,2025-12-07,6,Sunday,158,33.1244,0.00153565
2025-12-07 13:15:00,2025-12-07,6,Sunday,159,47.1872,0.0021876
2025-12-07 13:20:00,2025-12-07,6,Sunday,160,45.0522,0.00208863
2025-12-07 13:25:00,2025-12-07,6,Sunday,161,38.0434,0.0017637
2025-12-07 13:30:00,2025-12-07,6,Sunday,162,53.1949,0.00246612
2025-12-07 13:35:00,2025-12-07,6,Sunday,163,46.6765,0.00216393
2025-12-07 13:40:00,2025-12-07,6,Sunday,164,42.1939,0.00195611
2025-12-07 13:45:00,2025-12-07,6,Sunday,165,46.3743,0.00214992
2025-12-07 13:50:00,2025-12-07,6,Sunday,166,59.0375,0.00273698
2025-12-07 13:55:00,2025-12-07,6,Sunday,167,55.7845,0.00258618
2025-12-07 14:00:00,2025-12-07,6,Sunday,168,50.4599,0.00233933
2025-12-07 14:05:00,2025-12-07,6,Sunday,169,56.59,0.00262352
2025-12-07 14:10:00,2025-12-07,6,Sunday,170,43.0362,0.00199516
2025-12-07 14:15:00,2025-12-07,6,Sunday,171,52.706,0.00244345
2025-12-07 14:20:00,2025-12-07,6,Sunday,172,53.9702,0.00250206
2025-12-07 14:25:00,2025-12-07,6,Sunday,173,49.4196,0.0022911
2025-12-07 14:30:00,2025-12-07,6,Sunday,174,57.0379,0.00264428
2025-12-07 14:35:00,2025-12-07,6,Sunday,175,47.6128,0.00220733
2025-12-07 14:40:00,2025-12-07,6,Sunday,176,58.4753,0.00271092
2025-12-07 14:45:00,2025-12-07,6,Sunday,177,59.2574,0.00274718
2025-12-07 14:50:00,2025-12-07,6,Sunday,178,31.0141,0.00143781
2025-12-07 14:55:00,2025-12-07,6,Sunday,179,65.4913,0.00303618
2025-12-07 15:00:00,2025-12-07,6,Sunday,180,30.403,0.00140948
2025-12-07 15:05:00,2025-12-07,6,Sunday,181,51.2348,0.00237525
2025-12-07 15:10:00,2025-12-07,6,Sunday,182,65.6588,0.00304395
2025-12-07 15:15:00,2025-12-07,6,Sunday,183,54.6403,0.00253313
2025-12-07 15:20:00,2025-12-07,6,Sunday,184,45.1225,0.00209188
2025-12-07 15:25:00,2025-12-07,6,Sunday,185,48.757,0.00226038
2025-12-07 15:30:00,2025-12-07,6,Sunday,186,67.8763,0.00314675
2025-12-07 15:35:00,2025-12-07,6,Sunday,187,42.2191,0.00195728
2025-12-07 15:40:00,2025-12-07,6,Sunday,188,69.9529,0.00324302
2025-12-07 15:45:00,2025-12-07,6,Sunday,189,59.838,0.00277409
2025-12-07 15:50:00,2025-12-07,6,Sunday,190,49.9737,0.00231679
2025-12-07 15:55:00,2025-12-07,6,Sunday,191,56.0189,0.00259704
2025-12-07 16:00:00,2025-12-07,6,Sunday,192,52.4762,0.0024328
2025-12-07 16:05:00,2025-12-07,6,Sunday,193,70.585,0.00327233
2025-12-07 16:10:00,2025-12-07,6,Sunday,194,69.9416,0.0032425
2025-12-07 16:15:00,2025-12-07,6,Sunday,195,47.1802,0.00218728
2025-12-07 16:20:00,2025-12-07,6,Sunday,196,60.2538,0.00279337
2025-12-07 16:25:00,2025-12-07,6,Sunday,197,56.3267,0.00261131
2025-12-07 16:30:00,2025-12-07,6,Sunday,198,77.9436,0.00361347
2025-12-07 16:35:00,2025-12-07,6,Sunday,199,52.5196,0.00243481
2025-12-07 16:40:00,2025-12-07,6,Sunday,200,82.4279,0.00382136
2025-12-07 16:45:00,2025-12-07,6,Sunday,201,66.6936,0.00309192
2025-12-07 16:50:00,2025-12-07,6,Sunday,202,55.8353,0.00258853
2025-12-07 16:55:00,2025-12-07,6,Sunday,203,61.2873,0.00284128
2025-12-07 17:00:00,2025-12-07,6,Sunday,204,60.5432,0.00280679
2025-12-07 17:05:00,2025-12-07,6,Sunday,205,56.1491,0.00260308
2025-12-07 17:10:00,2025-12-07,6,Sunday,206,71.0254,0.00329274
2025-12-07 17:15:00,2025-12-07,6,Sunday,207,57.6286,0.00267167
2025-12-07 17:20:00,2025-12-07,6,Sunday,208,47.9489,0.00222291
2025-12-07 17:25:00,2025-12-07,6,Sunday,209,67.7745,0.00314203
2025-12-07 17:30:00,2025-12-07,6,Sunday,210,52.8828,0.00245165
2025-12-07 17:35:00,2025-12-07,6,Sunday,211,64.8559,0.00300673
2025-12-07 17:40:00,2025-12-07,6,Sunday,212,63.6709,0.00295179
2025-12-07 17:45:00,2025-12-07,6,Sunday,213,64.6303,0.00299627
2025-12-07 17:50:00,2025-12-07,6,Sunday,214,97.4701,0.00451872
2025-12-07 17:55:00,2025-12-07,6,Sunday,215,76.2315,0.0035341
2025-12-07 18:00:00,2025-12-07,6,Sunday,216,79.0205,0.0036634
2025-12-07 18:05:00,2025-12-07,6,Sunday,217,56.3643,0.00261306
2025-12-07 18:10:00,2025-12-07,6,Sunday,218,69.8634,0.00323887
2025-12-07 18:15:00,2025-12-07,6,Sunday,219,80.6063,0.00373692
2025-12-07 18:20:00,2025-12-07,6,Sunday,220,66.6108,0.00308808
2025-12-07 18:25:00,2025-12-07,6,Sunday,221,90.1319,0.00417852
2025-12-07 18:30:00,2025-12-07,6,Sunday,222,65.5233,0.00303766
2025-12-07 18:35:00,2025-12-07,6,Sunday,223,77.1025,0.00357448
2025-12-07 18:40:00,2025-12-07,6,Sunday,224,74.0421,0.0034326
2025-12-07 18:45:00,2025-12-07,6,Sunday,225,83.8071,0.00388531
2025-12-07 18:50:00,2025-12-07,6,Sunday,226,74.4847,0.00345312
2025-12-07 18:55:00,2025-12-07,6,Sunday,227,79.6356,0.00369191
2025-12-07 19:00:00,2025-12-07,6,Sunday,228,80.651,0.00373899
2025-12-07 19:05:00,2025-12-07,6,Sunday,229,74.9363,0.00347405
2025-12-07 19:10:00,2025-12-07,6,Sunday,230,90.9808,0.00421788
2025-12-07 19:15:00,2025-12-07,6,Sunday,231,88.4561,0.00410083
2025-12-07 19:20:00,2025-12-07,6,Sunday,232,84.8475,0.00393354
2025-12-07 19:25:00,2025-12-07,6,Sunday,233,80.9841,0.00375443
2025-12-07 19:30:00,2025-12-07,6,Sunday,234,97.5658,0.00452316
2025-12-07 19:35:00,2025-12-07,6,Sunday,235,84.6228,0.00392312
2025-12-07 19:40:00,2025-12-07,6,Sunday,236,84.2321,0.00390501
2025-12-07 19:45:00,2025-12-07,6,Sunday,237,90.2516,0.00418407
2025-12-07 19:50:00,2025-12-07,6,Sunday,238,112.1668,0.00520006
2025-12-07 19:55:00,2025-12-07,6,Sunday,239,71.8751,0.00333214
2025-12-07 20:00:00,2025-12-07,6,Sunday,240,100.9571,0.00468038
2025-12-07 20:05:00,2025-12-07,6,Sunday,241,65.1885,0.00302214
2025-12-07 20:10:00,2025-12-07,6,Sunday,242,94.5561,0.00438363
2025-12-07 20:15:00,2025-12-07,6,Sunday,243,113.8522,0.0052782
2025-12-07 20:20:00,2025-12-07,6,Sunday,244,99.3968,0.00460804
2025-12-07 20:25:00,2025-12-07,6,Sunday,245,95.4985,0.00442732
2025-12-07 20:30:00,2025-12-07,6,Sunday,246,85.7443,0.00397511
2025-12-07 20:35:00,2025-12-07,6,Sunday,247,94.5429,0.00438302
2025-12-07 20:40:00,2025-12-07,6,Sunday,248,91.0104,0.00421925
2025-12-07 20:45:00,2025-12-07,6,Sunday,249,83.8527,0.00388742
2025-12-07 20:50:00,2025-12-07,6,Sunday,250,91.3707,0.00423595
2025-12-07 20:55:00,2025-12-07,6,Sunday,251,98.8353,0.00458201
2025-12-07 21:00:00,2025-12-07,6,Sunday,252,85.3281,0.00395582
2025-12-07 21:05:00,2025-12-07,6,Sunday,253,85.1464,0.00394739
2025-12-07 21:10:00,2025-12-07,6,Sunday,254,77.4371,0.00358999
2025-12-07 21:15:00,2025-12-07,6,Sunday,255,103.4297,0.00479501
2025-12-07 21:20:00,2025-12-07,6,Sunday,256,106.1346,0.00492041
2025-12-07 21:25:00,2025-12-07,6,Sunday,257,101.9279,0.00472539
2025-12-07 21:30:00,2025-12-07,6,Sunday,258,113.2068,0.00524828
2025-12-07 21:35:00,2025-12-07,6,Sunday,259,100.5724,0.00466255
2025-12-07 21:40:00,2025-12-07,6,Sunday,260,105.4855,0.00489032
2025-12-07 21:45:00,2025-12-07,6,Sunday,261,104.5359,0.0048463
2025-12-07 21:50:00,2025-12-07,6,Sunday,262,98.9426,0.00458699
2025-12-07 21:55:00,2025-12-07,6,Sunday,263,92.6353,0.00429458
2025-12-07 22:00:00,2025-12-07,6,Sunday,264,134.5004,0.00623545
2025-12-07 22:05:00,2025-12-07,6,Sunday,265,94.4073,0.00437673
2025-12-07 22:10:00,2025-12-07,6,Sunday,266,91.4221,0.00423834
2025-12-07 22:15:00,2025-12-07,6,Sunday,267,108.4791,0.0050291
2025-12-07 22:20:00,2025-12-07,6,Sunday,268,105.9761,0.00491306
2025-12-07 22:25:00,2025-12-07,6,Sunday,269,80.8031,0.00374604
2025-12-07 22:30:00,2025-12-07,6,Sunday,270,119.9019,0.00555866
2025-12-07 22:35:00,2025-12-07,6,Sunday,271,101.3996,0.00470089
2025-12-07 22:40:00,2025-12-07,6,Sunday,272,85.8965,0.00398217
2025-12-07 22:45:00,2025-12-07,6,Sunday,273,121.6958,0.00564183
2025-12-07 22:50:00,2025-12-07,6,Sunday,274,113.1843,0.00524724
2025-12-07 22:55:00,2025-12-07,6,Sunday,275,83.993,0.00389392
2025-12-07 23:00:00,2025-12-07,6,Sunday,276,131.4988,0.0060963
2025-12-07 23:05:00,2025-12-07,6,Sunday,277,114.2519,0.00529673
2025-12-07 23:10:00,2025-12-07,6,Sunday,278,103.9593,0.00481956
2025-12-07 23:15:00,2025-12-07,6,Sunday,279,129.1132,0.0059857
2025-12-07 23:20:00,2025-12-07,6,Sunday,280,106.8555,0.00495383
2025-12-07 23:25:00,2025-12-07,6,Sunday,281,104.0234,0.00482253
2025-12-07 23:30:00,2025-12-07,6,Sunday,282,94.1962,0.00436694
2025-12-07 23:35:00,2025-12-07,6,Sunday,283,113.7577,0.00527382
2025-12-07 23:40:00,2025-12-07,6,Sunday,284,112.1714,0.00520028
2025-12-07 23:45:00,2025-12-07,6,Sunday,285,104.9655,0.00486621
2025-12-07 23:50:00,2025-12-07,6,Sunday,286,92.354,0.00428154
2025-12-07 23:55:00,2025-12-07,6,Sunday,287,106.8315,0.00495272
2025-12-08 00:00:00,2025-12-08,0,Monday,0,80.7742,0.00382248
2025-12-08 00:05:00,2025-12-08,0,Monday,1,78.6739,0.00372309
2025-12-08 00:10:00,2025-12-08,0,Monday,2,109.5016,0.00518195
2025-12-08 00:15:00,2025-12-08,0,Monday,3,61.5274,0.00291167
2025-12-08 00:20:00,2025-12-08,0,Monday,4,103.9735,0.00492034
2025-12-08 00:25:00,2025-12-08,0,Monday,5,93.5777,0.00442838
2025-12-08 00:30:00,2025-12-08,0,Monday,6,120.5028,0.00570256
2025-12-08 00:35:00,2025-12-08,0,Monday,7,93.1998,0.0044105
2025-12-08 00:40:00,2025-12-08,0,Monday,8,110.499,0.00522915
2025-12-08 00:45:00,2025-12-08,0,Monday,9,94.4613,0.0044702
2025-12-08 00:50:00,2025-12-08,0,Monday,10,102.0293,0.00482834
2025-12-08 00:55:00,2025-12-08,0,Monday,11,111.2539,0.00526487
2025-12-08 01:00:00,2025-12-08,0,Monday,12,93.0916,0.00440538
2025-12-08 01:05:00,2025-12-08,0,Monday,13,114.7993,0.00543265
2025-12-08 01:10:00,2025-12-08,0,Monday,14,84.8358,0.00401469
2025-12-08 01:15:00,2025-12-08,0,Monday,15,103.9062,0.00491716
2025-12-08 01:20:00,2025-12-08,0,Monday,16,113.0538,0.00535005
2025-12-08 01:25:00,2025-12-08,0,Monday,17,108.9094,0.00515393
2025-12-08 01:30:00,2025-12-08,0,Monday,18,127.2973,0.0060241
2025-12-08 01:35:00,2025-12-08,0,Monday,19,87.3427,0.00413332
2025-12-08 01:40:00,2025-12-08,0,Monday,20,78.0361,0.00369291
2025-12-08 01:45:00,2025-12-08,0,Monday,21,83.4944,0.00395121
2025-12-08 01:50:00,2025-12-08,0,Monday,22,107.5535,0.00508976
2025-12-08 01:55:00,2025-12-08,0,Monday,23,104.8636,0.00496247
2025-12-08 02:00:00,2025-12-08,0,Monday,24,98.7733,0.00467425
2025-12-08 02:05:00,2025-12-08,0,Monday,25,80.6403,0.00381614
2025-12-08 02:10:00,2025-12-08,0,Monday,26,107.7764,0.00510031
2025-12-08 02:15:00,2025-12-08,0,Monday,27,78.6333,0.00372117
2025-12-08 02:20:00,2025-12-08,0,Monday,28,112.6776,0.00533225
2025-12-08 02:25:00,2025-12-08,0,Monday,29,136.6334,0.00646591
2025-12-08 02:30:00,2025-12-08,0,Monday,30,100.5172,0.00475678
2025-12-08 02:35:00,2025-12-08,0,Monday,31,103.2104,0.00488423
2025-12-08 02:40:00,2025-12-08,0,Monday,32,87.5396,0.00414264
2025-12-08 02:45:00,2025-12-08,0,Monday,33,68.5756,0.00324521
2025-12-08 02:50:00,2025-12-08,0,Monday,34,85.2613,0.00403483
2025-12-08 02:55:00,2025-12-08,0,Monday,35,78.0259,0.00369242
2025-12-08 03:00:00,2025-12-08,0,Monday,36,72.7398,0.00344227
2025-12-08 03:05:00,2025-12-08,0,Monday,37,116.3669,0.00550684
2025-12-08 03:10:00,2025-12-08,0,Monday,38,95.8041,0.00453374
2025-12-08 03:15:00,2025-12-08,0,Monday,39,96.806,0.00458116
2025-12-08 03:20:00,2025-12-08,0,Monday,40,86.9094,0.00411282
2025-12-08 03:25:00,2025-12-08,0,Monday,41,88.3182,0.00417949
2025-12-08 03:30:00,2025-12-08,0,Monday,42,103.2466,0.00488595
2025-12-08 03:35:00,2025-12-08,0,Monday,43,89.281,0.00422505
2025-12-08 03:40:00,2025-12-08,0,Monday,44,96.3307,0.00455867
2025-12-08 03:45:00,2025-12-08,0,Monday,45,86.1232,0.00407562
2025-12-08 03:50:00,2025-12-08,0,Monday,46,83.7007,0.00396097
2025-12-08 03:55:00,2025-12-08,0,Monday,47,69.2068,0.00327508
2025-12-08 04:00:00,2025-12-08,0,Monday,48,61.3323,0.00290243
2025-12-08 04:05:00,2025-12-08,0,Monday,49,83.2775,0.00394095
2025-12-08 04:10:00,2025-12-08,0,Monday,50,86.8785,0.00411136
2025-12-08 04:15:00,2025-12-08,0,Monday,51,69.0962,0.00326984
2025-12-08 04:20:00,2025-12-08,0,Monday,52,84.6309,0.004005
2025-12-08 04:25:00,2025-12-08,0,Monday,53,85.2051,0.00403217
2025-12-08 04:30:00,2025-12-08,0,Monday,54,56.8148,0.00268865
2025-12-08 04:35:00,2025-12-08,0,Monday,55,71.9636,0.00340554
2025-12-08 04:40:00,2025-12-08,0,Monday,56,87.9127,0.0041603
2025-12-08 04:45:00,2025-12-08,0,Monday,57,87.062,0.00412004
2025-12-08 04:50:00,2025-12-08,0,Monday,58,67.573,0.00319776
2025-12-08 04:55:00,2025-12-08,0,Monday,59,83.0673,0.003931
2025-12-08 05:00:00,2025-12-08,0,Monday,60,92.9151,0.00439703
2025-12-08 05:05:00,2025-12-08,0,Monday,61,89.3006,0.00422598
2025-12-08 05:10:00,2025-12-08,0,Monday,62,78.2585,0.00370343
2025-12-08 05:15:00,2025-12-08,0,Monday,63,73.2735,0.00346753
2025-12-08 05:20:00,2025-12-08,0,Monday,64,70.8312,0.00335195
2025-12-08 05:25:00,2025-12-08,0,Monday,65,83.0691,0.00393109
2025-12-08 05:30:00,2025-12-08,0,Monday,66,79.2816,0.00375185
2025-12-08 05:35:00,2025-12-08,0,Monday,67,83.6468,0.00395843
2025-12-08 05:40:00,2025-12-08,0,Monday,68,77.3331,0.00365964
2025-12-08 05:45:00,2025-12-08,0,Monday,69,84.4739,0.00399757
2025-12-08 05:50:00,2025-12-08,0,Monday,70,75.6932,0.00358203
2025-12-08 05:55:00,2025-12-08,0,Monday,71,82.7478,0.00391588
2025-12-08 06:00:00,2025-12-08,0,Monday,72,83.0251,0.003929
2025-12-08 06:05:00,2025-12-08,0,Monday,73,64.043,0.00303071
2025-12-08 06:10:00,2025-12-08,0,Monday,74,52.641,0.00249114
2025-12-08 06:15:00,2025-12-08,0,Monday,75,88.2165,0.00417468
2025-12-08 06:20:00,2025-12-08,0,Monday,76,73.7677,0.00349091
2025-12-08 06:25:00,2025-12-08,0,Monday,77,52.3211,0.002476
2025-12-08 06:30:00,2025-12-08,0,Monday,78,62.3609,0.00295111
2025-12-08 06:35:00,2025-12-08,0,Monday,79,77.2611,0.00365623
2025-12-08 06:40:00,2025-12-08,0,Monday,80,65.7712,0.0031125
2025-12-08 06:45:00,2025-12-08,0,Monday,81,62.8331,0.00297345
2025-12-08 06:50:00,2025-12-08,0,Monday,82,81.6511,0.00386398
2025-12-08 06:55:00,2025-12-08,0,Monday,83,56.3802,0.00266808
2025-12-08 07:00:00,2025-12-08,0,Monday,84,58.3675,0.00276213
2025-12-08 07:05:00,2025-12-08,0,Monday,85,67.8114,0.00320904
2025-12-08 07:10:00,2025-12-08,0,Monday,86,68.9683,0.00326379
2025-12-08 07:15:00,2025-12-08,0,Monday,87,69.3896,0.00328373
2025-12-08 07:20:00,2025-12-08,0,Monday,88,72.7646,0.00344344
2025-12-08 07:25:00,2025-12-08,0,Monday,89,65.3425,0.00309221
2025-12-08 07:30:00,2025-12-08,0,Monday,90,67.5119,0.00319487
2025-12-08 07:35:00,2025-12-08,0,Monday,91,59.9185,0.00283553
2025-12-08 07:40:00,2025-12-08,0,Monday,92,62.3764,0.00295184
2025-12-08 07:45:00,2025-12-08,0,Monday,93,62.2416,0.00294546
2025-12-08 07:50:00,2025-12-08,0,Monday,94,62.6767,0.00296606
2025-12-08 07:55:00,2025-12-08,0,Monday,95,67.1625,0.00317834
2025-12-08 08:00:00,2025-12-08,0,Monday,96,64.6327,0.00305862
2025-12-08 08:05:00,2025-12-08,0,Monday,97,59.5397,0.0028176
2025-12-08 08:10:00,2025-12-08,0,Monday,98,51.5205,0.00243811
2025-12-08 08:15:00,2025-12-08,0,Monday,99,58.7242,0.00277901
2025-12-08 08:20:00,2025-12-08,0,Monday,100,57.396,0.00271616
2025-12-08 08:25:00,2025-12-08,0,Monday,101,58.806,0.00278288
2025-12-08 08:30:00,2025-12-08,0,Monday,102,75.4257,0.00356938
2025-12-08 08:35:00,2025-12-08,0,Monday,103,51.7816,0.00245046
2025-12-08 08:40:00,2025-12-08,0,Monday,104,59.2626,0.00280449
2025-12-08 08:45:00,2025-12-08,0,Monday,105,64.1355,0.00303509
2025-12-08 08:50:00,2025-12-08,0,Monday,106,55.6351,0.00263282
2025-12-08 08:55:00,2025-12-08,0,Monday,107,73.4641,0.00347655
2025-12-08 09:00:00,2025-12-08,0,Monday,108,50.9013,0.0024088
2025-12-08 09:05:00,2025-12-08,0,Monday,109,56.1438,0.0026569
2025-12-08 09:10:00,2025-12-08,0,Monday,110,46.7642,0.00221303
2025-12-08 09:15:00,2025-12-08,0,Monday,111,49.949,0.00236374
2025-12-08 09:20:00,2025-12-08,0,Monday,112,54.2925,0.00256929
2025-12-08 09:25:00,2025-12-08,0,Monday,113,58.5528,0.0027709
2025-12-08 09:30:00,2025-12-08,0,Monday,114,54.0553,0.00255806
2025-12-08 09:35:00,2025-12-08,0,Monday,115,60.9005,0.002882
2025-12-08 09:40:00,2025-12-08,0,Monday,116,50.151,0.0023733
2025-12-08 09:45:00,2025-12-08,0,Monday,117,48.0185,0.00227238
2025-12-08 09:50:00,2025-12-08,0,Monday,118,70.5726,0.00333971
2025-12-08 09:55:00,2025-12-08,0,Monday,119,52.8413,0.00250061
2025-12-08 10:00:00,2025-12-08,0,Monday,120,44.2336,0.00209327
2025-12-08 10:05:00,2025-12-08,0,Monday,121,44.1572,0.00208965
2025-12-08 10:10:00,2025-12-08,0,Monday,122,42.0774,0.00199123
2025-12-08 10:15:00,2025-12-08,0,Monday,123,55.5821,0.00263032
2025-12-08 10:20:00,2025-12-08,0,Monday,124,45.8262,0.00216864
2025-12-08 10:25:00,2025-12-08,0,Monday,125,49.1491,0.00232589
2025-12-08 10:30:00,2025-12-08,0,Monday,126,47.5346,0.00224948
2025-12-08 10:35:00,2025-12-08,0,Monday,127,53.0093,0.00250856
2025-12-08 10:40:00,2025-12-08,0,Monday,128,41.5162,0.00196467
2025-12-08 10:45:00,2025-12-08,0,Monday,129,39.7167,0.00187951
2025-12-08 10:50:00,2025-12-08,0,Monday,130,48.7572,0.00230734
2025-12-08 10:55:00,2025-12-08,0,Monday,131,51.2322,0.00242446
2025-12-08 11:00:00,2025-12-08,0,Monday,132,49.17,0.00232688
2025-12-08 11:05:00,2025-12-08,0,Monday,133,41.0164,0.00194102
2025-12-08 11:10:00,2025-12-08,0,Monday,134,51.2788,0.00242667
2025-12-08 11:15:00,2025-12-08,0,Monday,135,41.2447,0.00195183
2025-12-08 11:20:00,2025-12-08,0,Monday,136,42.6908,0.00202026
2025-12-08 11:25:00,2025-12-08,0,Monday,137,39.6723,0.00187741
2025-12-08 11:30:00,2025-12-08,0,Monday,138,55.1348,0.00260915
2025-12-08 11:35:00,2025-12-08,0,Monday,139,50.4356,0.00238677
2025-12-08 11:40:00,2025-12-08,0,Monday,140,50.1749,0.00237443
2025-12-08 11:45:00,2025-12-08,0,Monday,141,54.5519,0.00258156
2025-12-08 11:50:00,2025-12-08,0,Monday,142,65.2962,0.00309002
2025-12-08 11:55:00,2025-12-08,0,Monday,143,34.1336,0.00161531
2025-12-08 12:00:00,2025-12-08,0,Monday,144,40.8124,0.00193137
2025-12-08 12:05:00,2025-12-08,0,Monday,145,41.6596,0.00197146
2025-12-08 12:10:00,2025-12-08,0,Monday,146,40.0612,0.00189582
2025-12-08 12:15:00,2025-12-08,0,Monday,147,38.5266,0.0018232
2025-12-08 12:20:00,2025-12-08,0,Monday,148,43.9328,0.00207904
2025-12-08 12:25:00,2025-12-08,0,Monday,149,37.6539,0.0017819
2025-12-08 12:30:00,2025-12-08,0,Monday,150,48.4496,0.00229279
2025-12-08 12:35:00,2025-12-08,0,Monday,151,46.5745,0.00220405
2025-12-08 12:40:00,2025-12-08,0,Monday,152,49.6558,0.00234986
2025-12-08 12:45:00,2025-12-08,0,Monday,153,49.9605,0.00236428
2025-12-08 12:50:00,2025-12-08,0,Monday,154,50.7588,0.00240206
2025-12-08 12:55:00,2025-12-08,0,Monday,155,44.0699,0.00208552
2025-12-08 13:00:00,2025-12-08,0,Monday,156,61.7352,0.0029215
2025-12-08 13:05:00,2025-12-08,0,Monday,157,48.6484,0.00230219
2025-12-08 13:10:00,2025-12-08,0,Monday,158,33.9921,0.00160861
2025-12-08 13:15:00,2025-12-08,0,Monday,159,40.2366,0.00190412
2025-12-08 13:20:00,2025-12-08,0,Monday,160,35.1406,0.00166296
2025-12-08 13:25:00,2025-12-08,0,Monday,161,47.8922,0.00226641
2025-12-08 13:30:00,2025-12-08,0,Monday,162,47.115,0.00222962
2025-12-08 13:35:00,2025-12-08,0,Monday,163,44.8391,0.00212192
2025-12-08 13:40:00,2025-12-08,0,Monday,164,63.0978,0.00298598
2025-12-08 13:45:00,2025-12-08,0,Monday,165,52.7488,0.00249623
2025-12-08 13:50:00,2025-12-08,0,Monday,166,54.3447,0.00257176
2025-12-08 13:55:00,2025-12-08,0,Monday,167,42.4063,0.0020068
2025-12-08 14:00:00,2025-12-08,0,Monday,168,42.1536,0.00199484
2025-12-08 14:05:00,2025-12-08,0,Monday,169,50.1664,0.00237403
2025-12-08 14:10:00,2025-12-08,0,Monday,170,51.5112,0.00243767
2025-12-08 14:15:00,2025-12-08,0,Monday,171,36.4648,0.00172563
2025-12-08 14:20:00,2025-12-08,0,Monday,172,49.4997,0.00234248
2025-12-08 14:25:00,2025-12-08,0,Monday,173,51.3338,0.00242927
2025-12-08 14:30:00,2025-12-08,0,Monday,174,49.9214,0.00236243
2025-12-08 14:35:00,2025-12-08,0,Monday,175,45.6179,0.00215878
2025-12-08 14:40:00,2025-12-08,0,Monday,176,48.1024,0.00227636
2025-12-08 14:45:00,2025-12-08,0,Monday,177,51.3305,0.00242912
2025-12-08 14:50:00,2025-12-08,0,Monday,178,53.854,0.00254854
2025-12-08 14:55:00,2025-12-08,0,Monday,179,58.3982,0.00276358
2025-12-08 15:00:00,2025-12-08,0,Monday,180,62.7098,0.00296762
2025-12-08 15:05:00,2025-12-08,0,Monday,181,51.9891,0.00246028
2025-12-08 15:10:00,2025-12-08,0,Monday,182,51.0775,0.00241714
2025-12-08 15:15:00,2025-12-08,0,Monday,183,58.9052,0.00278757
2025-12-08 15:20:00,2025-12-08,0,Monday,184,60.8389,0.00287908
2025-12-08 15:25:00,2025-12-08,0,Monday,185,52.5366,0.0024862
2025-12-08 15:30:00,2025-12-08,0,Monday,186,63.388,0.00299972
2025-12-08 15:35:00,2025-12-08,0,Monday,187,65.5474,0.0031019
2025-12-08 15:40:00,2025-12-08,0,Monday,188,68.8058,0.0032561
2025-12-08 15:45:00,2025-12-08,0,Monday,189,73.6413,0.00348493
2025-12-08 15:50:00,2025-12-08,0,Monday,190,51.0166,0.00241426
2025-12-08 15:55:00,2025-12-08,0,Monday,191,59.2707,0.00280487
2025-12-08 16:00:00,2025-12-08,0,Monday,192,59.7653,0.00282828
2025-12-08 16:05:00,2025-12-08,0,Monday,193,59.3024,0.00280637
2025-12-08 16:10:00,2025-12-08,0,Monday,194,54.8044,0.00259351
2025-12-08 16:15:00,2025-12-08,0,Monday,195,47.6042,0.00225278
2025-12-08 16:20:00,2025-12-08,0,Monday,196,62.6543,0.00296499
2025-12-08 16:25:00,2025-12-08,0,Monday,197,55.1573,0.00261021
2025-12-08 16:30:00,2025-12-08,0,Monday,198,63.7062,0.00301477
2025-12-08 16:35:00,2025-12-08,0,Monday,199,55.8948,0.00264512
2025-12-08 16:40:00,2025-12-08,0,Monday,200,53.4556,0.00252968
2025-12-08 16:45:00,2025-12-08,0,Monday,201,66.8511,0.0031636
2025-12-08 16:50:00,2025-12-08,0,Monday,202,66.6273,0.00315301
2025-12-08 16:55:00,2025-12-08,0,Monday,203,71.4385,0.00338069
2025-12-08 17:00:00,2025-12-08,0,Monday,204,88.0462,0.00416662
2025-12-08 17:05:00,2025-12-08,0,Monday,205,69.6699,0.00329699
2025-12-08 17:10:00,2025-12-08,0,Monday,206,72.3823,0.00342535
2025-12-08 17:15:00,2025-12-08,0,Monday,207,57.0598,0.00270025
2025-12-08 17:20:00,2025-12-08,0,Monday,208,55.3991,0.00262165
2025-12-08 17:25:00,2025-12-08,0,Monday,209,85.6842,0.00405484
2025-12-08 17:30:00,2025-12-08,0,Monday,210,60.1645,0.00284717
2025-12-08 17:35:00,2025-12-08,0,Monday,211,59.4056,0.00281125
2025-12-08 17:40:00,2025-12-08,0,Monday,212,70.6164,0.00334179
2025-12-08 17:45:00,2025-12-08,0,Monday,213,70.6629,0.00334399
2025-12-08 17:50:00,2025-12-08,0,Monday,214,62.4534,0.00295549
2025-12-08 17:55:00,2025-12-08,0,Monday,215,69.5005,0.00328898
2025-12-08 18:00:00,2025-12-08,0,Monday,216,86.9746,0.0041159
2025-12-08 18:05:00,2025-12-08,0,Monday,217,65.0832,0.00307993
2025-12-08 18:10:00,2025-12-08,0,Monday,218,59.0319,0.00279357
2025-12-08 18:15:00,2025-12-08,0,Monday,219,85.8714,0.0040637
2025-12-08 18:20:00,2025-12-08,0,Monday,220,81.4329,0.00385366
2025-12-08 18:25:00,2025-12-08,0,Monday,221,69.3169,0.00328029
2025-12-08 18:30:00,2025-12-08,0,Monday,222,58.7469,0.00278008
2025-12-08 18:35:00,2025-12-08,0,Monday,223,68.9522,0.00326303
2025-12-08 18:40:00,2025-12-08,0,Monday,224,77.5731,0.003671
2025-12-08 18:45:00,2025-12-08,0,Monday,225,92.5845,0.00438138
2025-12-08 18:50:00,2025-12-08,0,Monday,226,67.0486,0.00317295
2025-12-08 18:55:00,2025-12-08,0,Monday,227,78.9643,0.00373683
2025-12-08 19:00:00,2025-12-08,0,Monday,228,88.7187,0.00419844
2025-12-08 19:05:00,2025-12-08,0,Monday,229,52.1568,0.00246822
2025-12-08 19:10:00,2025-12-08,0,Monday,230,94.3849,0.00446658
2025-12-08 19:15:00,2025-12-08,0,Monday,231,67.69,0.0032033
2025-12-08 19:20:00,2025-12-08,0,Monday,232,86.9773,0.00411603
2025-12-08 19:25:00,2025-12-08,0,Monday,233,86.5002,0.00409345
2025-12-08 19:30:00,2025-12-08,0,Monday,234,97.6322,0.00462026
2025-12-08 19:35:00,2025-12-08,0,Monday,235,91.5086,0.00433047
2025-12-08 19:40:00,2025-12-08,0,Monday,236,54.7351,0.00259023
2025-12-08 19:45:00,2025-12-08,0,Monday,237,75.5345,0.00357452
2025-12-08 19:50:00,2025-12-08,0,Monday,238,87.9343,0.00416132
2025-12-08 19:55:00,2025-12-08,0,Monday,239,84.1431,0.00398191
2025-12-08 20:00:00,2025-12-08,0,Monday,240,93.449,0.00442229
2025-12-08 20:05:00,2025-12-08,0,Monday,241,98.105,0.00464263
2025-12-08 20:10:00,2025-12-08,0,Monday,242,96.2813,0.00455633
2025-12-08 20:15:00,2025-12-08,0,Monday,243,85.88,0.00406411
2025-12-08 20:20:00,2025-12-08,0,Monday,244,64.5161,0.0030531
2025-12-08 20:25:00,2025-12-08,0,Monday,245,83.5866,0.00395557
2025-12-08 20:30:00,2025-12-08,0,Monday,246,95.83,0.00453497
2025-12-08 20:35:00,2025-12-08,0,Monday,247,75.8388,0.00358893
2025-12-08 20:40:00,2025-12-08,0,Monday,248,99.7633,0.00472111
2025-12-08 20:45:00,2025-12-08,0,Monday,249,104.0696,0.00492489
2025-12-08 20:50:00,2025-12-08,0,Monday,250,93.7885,0.00443836
2025-12-08 20:55:00,2025-12-08,0,Monday,251,49.9768,0.00236506
2025-12-08 21:00:00,2025-12-08,0,Monday,252,75.0938,0.00355367
2025-12-08 21:05:00,2025-12-08,0,Monday,253,119.7294,0.00566596
2025-12-08 21:10:00,2025-12-08,0,Monday,254,86.0512,0.00407221
2025-12-08 21:15:00,2025-12-08,0,Monday,255,66.1196,0.00312898
2025-12-08 21:20:00,2025-12-08,0,Monday,256,112.0427,0.00530221
2025-12-08 21:25:00,2025-12-08,0,Monday,257,95.0992,0.00450038
2025-12-08 21:30:00,2025-12-08,0,Monday,258,111.0717,0.00525626
2025-12-08 21:35:00,2025-12-08,0,Monday,259,99.6137,0.00471403
2025-12-08 21:40:00,2025-12-08,0,Monday,260,102.5929,0.00485501
2025-12-08 21:45:00,2025-12-08,0,Monday,261,101.5748,0.00480683
2025-12-08 21:50:00,2025-12-08,0,Monday,262,106.7705,0.00505271
2025-12-08 21:55:00,2025-12-08,0,Monday,263,130.1032,0.00615688
2025-12-08 22:00:00,2025-12-08,0,Monday,264,111.4502,0.00527417
2025-12-08 22:05:00,2025-12-08,0,Monday,265,74.4454,0.00352298
2025-12-08 22:10:00,2025-12-08,0,Monday,266,104.4155,0.00494126
2025-12-08 22:15:00,2025-12-08,0,Monday,267,114.9327,0.00543897
2025-12-08 22:20:00,2025-12-08,0,Monday,268,116.1405,0.00549613
2025-12-08 22:25:00,2025-12-08,0,Monday,269,92.3264,0.00436917
2025-12-08 22:30:00,2025-12-08,0,Monday,270,116.1517,0.00549666
2025-12-08 22:35:00,2025-12-08,0,Monday,271,112.8887,0.00534224
2025-12-08 22:40:00,2025-12-08,0,Monday,272,137.6311,0.00651313
2025-12-08 22:45:00,2025-12-08,0,Monday,273,88.3142,0.0041793
2025-12-08 22:50:00,2025-12-08,0,Monday,274,92.1081,0.00435884
2025-12-08 22:55:00,2025-12-08,0,Monday,275,95.2845,0.00450915
2025-12-08 23:00:00,2025-12-08,0,Monday,276,92.6764,0.00438573
2025-12-08 23:05:00,2025-12-08,0,Monday,277,86.8068,0.00410796
2025-12-08 23:10:00,2025-12-08,0,Monday,278,58.7459,0.00278004
2025-12-08 23:15:00,2025-12-08,0,Monday,279,93.892,0.00444326
2025-12-08 23:20:00,2025-12-08,0,Monday,280,106.123,0.00502207
2025-12-08 23:25:00,2025-12-08,0,Monday,281,93.2035,0.00441068
2025-12-08 23:30:00,2025-12-08,0,Monday,282,129.9789,0.006151
2025-12-08 23:35:00,2025-12-08,0,Monday,283,101.009,0.00478006
2025-12-08 23:40:00,2025-12-08,0,Monday,284,120.3987,0.00569764
2025-12-08 23:45:00,2025-12-08,0,Monday,285,104.8685,0.0049627
2025-12-08 23:50:00,2025-12-08,0,Monday,286,113.4574,0.00536915
2025-12-08 23:55:00,2025-12-08,0,Monday,287,105.1929,0.00497805
2025-12-09 00:00:00,2025-12-09,1,Tuesday,0,125.0166,0.00474434
2025-12-09 00:05:00,2025-12-09,1,Tuesday,1,133.1938,0.00505466
2025-12-09 00:10:00,2025-12-09,1,Tuesday,2,130.7549,0.00496211
2025-12-09 00:15:00,2025-12-09,1,Tuesday,3,118.546,0.00449878
2025-12-09 00:20:00,2025-12-09,1,Tuesday,4,131.3711,0.00498549
2025-12-09 00:25:00,2025-12-09,1,Tuesday,5,165.2597,0.00627155
2025-12-09 00:30:00,2025-12-09,1,Tuesday,6,118.6704,0.0045035
2025-12-09 00:35:00,2025-12-09,1,Tuesday,7,131.3586,0.00498502
2025-12-09 00:40:00,2025-12-09,1,Tuesday,8,146.756,0.00556934
2025-12-09 00:45:00,2025-12-09,1,Tuesday,9,144.4202,0.0054807
2025-12-09 00:50:00,2025-12-09,1,Tuesday,10,123.3914,0.00468266
2025-12-09 00:55:00,2025-12-09,1,Tuesday,11,79.0312,0.00299921
2025-12-09 01:00:00,2025-12-09,1,Tuesday,12,132.3438,0.0050224
2025-12-09 01:05:00,2025-12-09,1,Tuesday,13,81.8009,0.00310432
2025-12-09 01:10:00,2025-12-09,1,Tuesday,14,149.402,0.00566976
2025-12-09 01:15:00,2025-12-09,1,Tuesday,15,125.288,0.00475464
2025-12-09 01:20:00,2025-12-09,1,Tuesday,16,140.2219,0.00532137
2025-12-09 01:25:00,2025-12-09,1,Tuesday,17,105.2124,0.00399278
2025-12-09 01:30:00,2025-12-09,1,Tuesday,18,93.1308,0.00353428
2025-12-09 01:35:00,2025-12-09,1,Tuesday,19,125.85,0.00477597
2025-12-09 01:40:00,2025-12-09,1,Tuesday,20,120.1995,0.00456153
2025-12-09 01:45:00,2025-12-09,1,Tuesday,21,111.6056,0.0042354
2025-12-09 01:50:00,2025-12-09,1,Tuesday,22,121.6819,0.00461779
2025-12-09 01:55:00,2025-12-09,1,Tuesday,23,169.5425,0.00643408
2025-12-09 02:00:00,2025-12-09,1,Tuesday,24,134.3986,0.00510038
2025-12-09 02:05:00,2025-12-09,1,Tuesday,25,137.8154,0.00523005
2025-12-09 02:10:00,2025-12-09,1,Tuesday,26,133.7051,0.00507406
2025-12-09 02:15:00,2025-12-09,1,Tuesday,27,144.5262,0.00548472
2025-12-09 02:20:00,2025-12-09,1,Tuesday,28,114.5013,0.00434528
2025-12-09 02:25:00,2025-12-09,1,Tuesday,29,81.2377,0.00308295
2025-12-09 02:30:00,2025-12-09,1,Tuesday,30,113.6799,0.00431411
2025-12-09 02:35:00,2025-12-09,1,Tuesday,31,130.7231,0.0049609
2025-12-09 02:40:00,2025-12-09,1,Tuesday,32,99.1818,0.00376392
2025-12-09 02:45:00,2025-12-09,1,Tuesday,33,112.5278,0.00427039
2025-12-09 02:50:00,2025-12-09,1,Tuesday,34,103.1505,0.00391453
2025-12-09 02:55:00,2025-12-09,1,Tuesday,35,140.4064,0.00532838
2025-12-09 03:00:00,2025-12-09,1,Tuesday,36,126.8971,0.0048157
2025-12-09 03:05:00,2025-12-09,1,Tuesday,37,124.6428,0.00473015
2025-12-09 03:10:00,2025-12-09,1,Tuesday,38,123.5443,0.00468847
2025-12-09 03:15:00,2025-12-09,1,Tuesday,39,111.8299,0.00424391
2025-12-09 03:20:00,2025-12-09,1,Tuesday,40,115.2143,0.00437235
2025-12-09 03:25:00,2025-12-09,1,Tuesday,41,91.5365,0.00347378
2025-12-09 03:30:00,2025-12-09,1,Tuesday,42,74.4263,0.00282445
2025-12-09 03:35:00,2025-12-09,1,Tuesday,43,112.6377,0.00427456
2025-12-09 03:40:00,2025-12-09,1,Tuesday,44,114.8826,0.00435976
2025-12-09 03:45:00,2025-12-09,1,Tuesday,45,128.7117,0.00488457
2025-12-09 03:50:00,2025-12-09,1,Tuesday,46,133.8655,0.00508015
2025-12-09 03:55:00,2025-12-09,1,Tuesday,47,133.0698,0.00504996
2025-12-09 04:00:00,2025-12-09,1,Tuesday,48,91.0417,0.003455
2025-12-09 04:05:00,2025-12-09,1,Tuesday,49,100.8041,0.00382548
2025-12-09 04:10:00,2025-12-09,1,Tuesday,50,113.3984,0.00430343
2025-12-09 04:15:00,2025-12-09,1,Tuesday,51,145.0419,0.00550429
2025-12-09 04:20:00,2025-12-09,1,Tuesday,52,127.6444,0.00484406
2025-12-09 04:25:00,2025-12-09,1,Tuesday,53,121.2082,0.00459981
2025-12-09 04:30:00,2025-12-09,1,Tuesday,54,97.1065,0.00368516
2025-12-09 04:35:00,2025-12-09,1,Tuesday,55,88.8508,0.00337186
2025-12-09 04:40:00,2025-12-09,1,Tuesday,56,113.7671,0.00431743
2025-12-09 04:45:00,2025-12-09,1,Tuesday,57,84.3526,0.00320115
2025-12-09 04:50:00,2025-12-09,1,Tuesday,58,96.7436,0.00367139
2025-12-09 04:55:00,2025-12-09,1,Tuesday,59,97.9109,0.00371569
2025-12-09 05:00:00,2025-12-09,1,Tuesday,60,122.5504,0.00465075
2025-12-09 05:05:00,2025-12-09,1,Tuesday,61,92.9764,0.00352843
2025-12-09 05:10:00,2025-12-09,1,Tuesday,62,61.8151,0.00234586
2025-12-09 05:15:00,2025-12-09,1,Tuesday,63,104.0826,0.0039499
2025-12-09 05:20:00,2025-12-09,1,Tuesday,64,85.9663,0.00326239
2025-12-09 05:25:00,2025-12-09,1,Tuesday,65,95.9176,0.00364004
2025-12-09 05:30:00,2025-12-09,1,Tuesday,66,93.3479,0.00354252
2025-12-09 05:35:00,2025-12-09,1,Tuesday,67,89.9927,0.00341519
2025-12-09 05:40:00,2025-12-09,1,Tuesday,68,104.15,0.00395246
2025-12-09 05:45:00,2025-12-09,1,Tuesday,69,71.136,0.00269959
2025-12-09 05:50:00,2025-12-09,1,Tuesday,70,84.5326,0.00320799
2025-12-09 05:55:00,2025-12-09,1,Tuesday,71,100.2293,0.00380367
2025-12-09 06:00:00,2025-12-09,1,Tuesday,72,81.8593,0.00310653
2025-12-09 06:05:00,2025-12-09,1,Tuesday,73,67.8464,0.00257475
2025-12-09 06:10:00,2025-12-09,1,Tuesday,74,97.5839,0.00370328
2025-12-09 06:15:00,2025-12-09,1,Tuesday,75,102.7702,0.0039001
2025-12-09 06:20:00,2025-12-09,1,Tuesday,76,86.6291,0.00328755
2025-12-09 06:25:00,2025-12-09,1,Tuesday,77,61.0465,0.00231669
2025-12-09 06:30:00,2025-12-09,1,Tuesday,78,94.832,0.00359884
2025-12-09 06:35:00,2025-12-09,1,Tuesday,79,63.8523,0.00242317
2025-12-09 06:40:00,2025-12-09,1,Tuesday,80,88.1977,0.00334707
2025-12-09 06:45:00,2025-12-09,1,Tuesday,81,72.4437,0.00274921
2025-12-09 06:50:00,2025-12-09,1,Tuesday,82,68.4331,0.00259702
2025-12-09 06:55:00,2025-12-09,1,Tuesday,83,76.6841,0.00291014
2025-12-09 07:00:00,2025-12-09,1,Tuesday,84,79.1751,0.00300467
2025-12-09 07:05:00,2025-12-09,1,Tuesday,85,72.9047,0.00276671
2025-12-09 07:10:00,2025-12-09,1,Tuesday,86,87.0614,0.00330395
2025-12-09 07:15:00,2025-12-09,1,Tuesday,87,73.9905,0.00280791
2025-12-09 07:20:00,2025-12-09,1,Tuesday,88,90.1568,0.00342142
2025-12-09 07:25:00,2025-12-09,1,Tuesday,89,81.1959,0.00308136
2025-12-09 07:30:00,2025-12-09,1,Tuesday,90,69.1451,0.00262403
2025-12-09 07:35:00,2025-12-09,1,Tuesday,91,66.6043,0.00252761
2025-12-09 07:40:00,2025-12-09,1,Tuesday,92,57.1246,0.00216786
2025-12-09 07:45:00,2025-12-09,1,Tuesday,93,78.49,0.00297867
2025-12-09 07:50:00,2025-12-09,1,Tuesday,94,70.5868,0.00267875
2025-12-09 07:55:00,2025-12-09,1,Tuesday,95,47.6052,0.0018066
2025-12-09 08:00:00,2025-12-09,1,Tuesday,96,67.3719,0.00255674
2025-12-09 08:05:00,2025-12-09,1,Tuesday,97,62.8085,0.00238356
2025-12-09 08:10:00,2025-12-09,1,Tuesday,98,89.0143,0.00337806
2025-12-09 08:15:00,2025-12-09,1,Tuesday,99,53.1482,0.00201696
2025-12-09 08:20:00,2025-12-09,1,Tuesday,100,55.4701,0.00210507
2025-12-09 08:25:00,2025-12-09,1,Tuesday,101,81.8546,0.00310636
2025-12-09 08:30:00,2025-12-09,1,Tuesday,102,83.7422,0.00317799
2025-12-09 08:35:00,2025-12-09,1,Tuesday,103,61.2904,0.00232595
2025-12-09 08:40:00,2025-12-09,1,Tuesday,104,61.9427,0.00235071
2025-12-09 08:45:00,2025-12-09,1,Tuesday,105,74.1447,0.00281377
2025-12-09 08:50:00,2025-12-09,1,Tuesday,106,43.8221,0.00166303
2025-12-09 08:55:00,2025-12-09,1,Tuesday,107,48.1389,0.00182685
2025-12-09 09:00:00,2025-12-09,1,Tuesday,108,63.4661,0.00240852
2025-12-09 09:05:00,2025-12-09,1,Tuesday,109,81.0238,0.00307483
2025-12-09 09:10:00,2025-12-09,1,Tuesday,110,60.9722,0.00231388
2025-12-09 09:15:00,2025-12-09,1,Tuesday,111,65.7239,0.0024942
2025-12-09 09:20:00,2025-12-09,1,Tuesday,112,75.1925,0.00285353
2025-12-09 09:25:00,2025-12-09,1,Tuesday,113,83.9568,0.00318613
2025-12-09 09:30:00,2025-12-09,1,Tuesday,114,57.8593,0.00219574
2025-12-09 09:35:00,2025-12-09,1,Tuesday,115,62.7385,0.0023809
2025-12-09 09:40:00,2025-12-09,1,Tuesday,116,79.5406,0.00301854
2025-12-09 09:45:00,2025-12-09,1,Tuesday,117,47.8831,0.00181715
2025-12-09 09:50:00,2025-12-09,1,Tuesday,118,71.1504,0.00270013
2025-12-09 09:55:00,2025-12-09,1,Tuesday,119,51.9015,0.00196964
2025-12-09 10:00:00,2025-12-09,1,Tuesday,120,61.8186,0.002346
2025-12-09 10:05:00,2025-12-09,1,Tuesday,121,58.3184,0.00221317
2025-12-09 10:10:00,2025-12-09,1,Tuesday,122,51.5263,0.0019554
2025-12-09 10:15:00,2025-12-09,1,Tuesday,123,51.0155,0.00193602
2025-12-09 10:20:00,2025-12-09,1,Tuesday,124,61.9886,0.00235245
2025-12-09 10:25:00,2025-12-09,1,Tuesday,125,68.0592,0.00258282
2025-12-09 10:30:00,2025-12-09,1,Tuesday,126,57.7799,0.00219273
2025-12-09 10:35:00,2025-12-09,1,Tuesday,127,59.2687,0.00224923
2025-12-09 10:40:00,2025-12-09,1,Tuesday,128,63.3948,0.00240581
2025-12-09 10:45:00,2025-12-09,1,Tuesday,129,49.6727,0.00188506
2025-12-09 10:50:00,2025-12-09,1,Tuesday,130,64.344,0.00244183
2025-12-09 10:55:00,2025-12-09,1,Tuesday,131,64.7955,0.00245897
2025-12-09 11:00:00,2025-12-09,1,Tuesday,132,79.9632,0.00303458
2025-12-09 11:05:00,2025-12-09,1,Tuesday,133,54.088,0.00205262
2025-12-09 11:10:00,2025-12-09,1,Tuesday,134,53.2272,0.00201995
2025-12-09 11:15:00,2025-12-09,1,Tuesday,135,63.5775,0.00241275
2025-12-09 11:20:00,2025-12-09,1,Tuesday,136,63.8535,0.00242322
2025-12-09 11:25:00,2025-12-09,1,Tuesday,137,52.1918,0.00198066
2025-12-09 11:30:00,2025-12-09,1,Tuesday,138,53.2168,0.00201956
2025-12-09 11:35:00,2025-12-09,1,Tuesday,139,61.1443,0.00232041
2025-12-09 11:40:00,2025-12-09,1,Tuesday,140,49.4701,0.00187737
2025-12-09 11:45:00,2025-12-09,1,Tuesday,141,52.9506,0.00200946
2025-12-09 11:50:00,2025-12-09,1,Tuesday,142,57.1428,0.00216855
2025-12-09 11:55:00,2025-12-09,1,Tuesday,143,64.7807,0.00245841
2025-12-09 12:00:00,2025-12-09,1,Tuesday,144,51.2423,0.00194463
2025-12-09 12:05:00,2025-12-09,1,Tuesday,145,40.7852,0.00154778
2025-12-09 12:10:00,2025-12-09,1,Tuesday,146,40.1749,0.00152463
2025-12-09 12:15:00,2025-12-09,1,Tuesday,147,45.7659,0.0017368
2025-12-09 12:20:00,2025-12-09,1,Tuesday,148,45.3561,0.00172125
2025-12-09 12:25:00,2025-12-09,1,Tuesday,149,55.2423,0.00209643
2025-12-09 12:30:00,2025-12-09,1,Tuesday,150,46.541,0.00176622
2025-12-09 12:35:00,2025-12-09,1,Tuesday,151,50.7646,0.0019265
2025-12-09 12:40:00,2025-12-09,1,Tuesday,152,50.2636,0.00190749
2025-12-09 12:45:00,2025-12-09,1,Tuesday,153,53.2361,0.00202029
2025-12-09 12:50:00,2025-12-09,1,Tuesday,154,68.4924,0.00259926
2025-12-09 12:55:00,2025-12-09,1,Tuesday,155,63.0135,0.00239134
2025-12-09 13:00:00,2025-12-09,1,Tuesday,156,57.6441,0.00218758
2025-12-09 13:05:00,2025-12-09,1,Tuesday,157,53.7132,0.0020384
2025-12-09 13:10:00,2025-12-09,1,Tuesday,158,54.154,0.00205513
2025-12-09 13:15:00,2025-12-09,1,Tuesday,159,61.0059,0.00231515
2025-12-09 13:20:00,2025-12-09,1,Tuesday,160,63.5086,0.00241013
2025-12-09 13:25:00,2025-12-09,1,Tuesday,161,50.6668,0.00192279
2025-12-09 13:30:00,2025-12-09,1,Tuesday,162,59.2491,0.00224848
2025-12-09 13:35:00,2025-12-09,1,Tuesday,163,41.1706,0.00156241
2025-12-09 13:40:00,2025-12-09,1,Tuesday,164,61.411,0.00233053
2025-12-09 13:45:00,2025-12-09,1,Tuesday,165,66.6808,0.00253052
2025-12-09 13:50:00,2025-12-09,1,Tuesday,166,57.6454,0.00218762
2025-12-09 13:55:00,2025-12-09,1,Tuesday,167,77.0117,0.00292257
2025-12-09 14:00:00,2025-12-09,1,Tuesday,168,52.835,0.00200507
2025-12-09 14:05:00,2025-12-09,1,Tuesday,169,63.2566,0.00240057
2025-12-09 14:10:00,2025-12-09,1,Tuesday,170,61.3168,0.00232695
2025-12-09 14:15:00,2025-12-09,1,Tuesday,171,61.1177,0.00231939
2025-12-09 14:20:00,2025-12-09,1,Tuesday,172,61.3965,0.00232998
2025-12-09 14:25:00,2025-12-09,1,Tuesday,173,63.9078,0.00242528
2025-12-09 14:30:00,2025-12-09,1,Tuesday,174,71.3964,0.00270947
2025-12-09 14:35:00,2025-12-09,1,Tuesday,175,76.9794,0.00292134
2025-12-09 14:40:00,2025-12-09,1,Tuesday,176,64.2416,0.00243795
2025-12-09 14:45:00,2025-12-09,1,Tuesday,177,72.6616,0.00275748
2025-12-09 14:50:00,2025-12-09,1,Tuesday,178,58.3689,0.00221508
2025-12-09 14:55:00,2025-12-09,1,Tuesday,179,73.2934,0.00278146
2025-12-09 15:00:00,2025-12-09,1,Tuesday,180,58.6831,0.00222701
2025-12-09 15:05:00,2025-12-09,1,Tuesday,181,77.7091,0.00294903
2025-12-09 15:10:00,2025-12-09,1,Tuesday,182,89.6454,0.00340201
2025-12-09 15:15:00,2025-12-09,1,Tuesday,183,66.6281,0.00252851
2025-12-09 15:20:00,2025-12-09,1,Tuesday,184,45.9252,0.00174285
2025-12-09 15:25:00,2025-12-09,1,Tuesday,185,63.3284,0.00240329
2025-12-09 15:30:00,2025-12-09,1,Tuesday,186,82.4387,0.00312852
2025-12-09 15:35:00,2025-12-09,1,Tuesday,187,75.9929,0.00288391
2025-12-09 15:40:00,2025-12-09,1,Tuesday,188,73.4134,0.00278601
2025-12-09 15:45:00,2025-12-09,1,Tuesday,189,82.1796,0.00311869
2025-12-09 15:50:00,2025-12-09,1,Tuesday,190,77.2295,0.00293083
2025-12-09 15:55:00,2025-12-09,1,Tuesday,191,85.8894,0.00325947
2025-12-09 16:00:00,2025-12-09,1,Tuesday,192,83.3621,0.00316357
2025-12-09 16:05:00,2025-12-09,1,Tuesday,193,90.77,0.00344469
2025-12-09 16:10:00,2025-12-09,1,Tuesday,194,78.5645,0.0029815
2025-12-09 16:15:00,2025-12-09,1,Tuesday,195,85.4228,0.00324177
2025-12-09 16:20:00,2025-12-09,1,Tuesday,196,72.3797,0.00274678
2025-12-09 16:25:00,2025-12-09,1,Tuesday,197,69.6411,0.00264285
2025-12-09 16:30:00,2025-12-09,1,Tuesday,198,96.9963,0.00368098
2025-12-09 16:35:00,2025-12-09,1,Tuesday,199,80.4366,0.00305254
2025-12-09 16:40:00,2025-12-09,1,Tuesday,200,88.0899,0.00334298
2025-12-09 16:45:00,2025-12-09,1,Tuesday,201,80.768,0.00306512
2025-12-09 16:50:00,2025-12-09,1,Tuesday,202,72.9593,0.00276878
2025-12-09 16:55:00,2025-12-09,1,Tuesday,203,80.8361,0.0030677
2025-12-09 17:00:00,2025-12-09,1,Tuesday,204,98.9499,0.00375512
2025-12-09 17:05:00,2025-12-09,1,Tuesday,205,88.9682,0.00337631
2025-12-09 17:10:00,2025-12-09,1,Tuesday,206,61.578,0.00233687
2025-12-09 17:15:00,2025-12-09,1,Tuesday,207,80.8701,0.003069
2025-12-09 17:20:00,2025-12-09,1,Tuesday,208,106.8286,0.00405411
2025-12-09 17:25:00,2025-12-09,1,Tuesday,209,82.2945,0.00312305
2025-12-09 17:30:00,2025-12-09,1,Tuesday,210,62.5923,0.00237536
2025-12-09 17:35:00,2025-12-09,1,Tuesday,211,111.0413,0.00421398
2025-12-09 17:40:00,2025-12-09,1,Tuesday,212,96.1453,0.00364868
2025-12-09 17:45:00,2025-12-09,1,Tuesday,213,87.0296,0.00330274
2025-12-09 17:50:00,2025-12-09,1,Tuesday,214,83.7486,0.00317823
2025-12-09 17:55:00,2025-12-09,1,Tuesday,215,103.9458,0.00394471
2025-12-09 18:00:00,2025-12-09,1,Tuesday,216,82.8345,0.00314354
2025-12-09 18:05:00,2025-12-09,1,Tuesday,217,106.5591,0.00404388
2025-12-09 18:10:00,2025-12-09,1,Tuesday,218,99.0924,0.00376053
2025-12-09 18:15:00,2025-12-09,1,Tuesday,219,95.7664,0.0036343
2025-12-09 18:20:00,2025-12-09,1,Tuesday,220,95.1439,0.00361068
2025-12-09 18:25:00,2025-12-09,1,Tuesday,221,91.3826,0.00346794
2025-12-09 18:30:00,2025-12-09,1,Tuesday,222,109.4121,0.00415215
2025-12-09 18:35:00,2025-12-09,1,Tuesday,223,82.937,0.00314743
2025-12-09 18:40:00,2025-12-09,1,Tuesday,224,72.6715,0.00275786
2025-12-09 18:45:00,2025-12-09,1,Tuesday,225,105.679,0.00401048
2025-12-09 18:50:00,2025-12-09,1,Tuesday,226,106.7131,0.00404973
2025-12-09 18:55:00,2025-12-09,1,Tuesday,227,105.2752,0.00399516
2025-12-09 19:00:00,2025-12-09,1,Tuesday,228,104.9654,0.0039834
2025-12-09 19:05:00,2025-12-09,1,Tuesday,229,94.836,0.00359899
2025-12-09 19:10:00,2025-12-09,1,Tuesday,230,112.1835,0.00425733
2025-12-09 19:15:00,2025-12-09,1,Tuesday,231,100.3426,0.00380797
2025-12-09 19:20:00,2025-12-09,1,Tuesday,232,94.2959,0.0035785
2025-12-09 19:25:00,2025-12-09,1,Tuesday,233,97.6277,0.00370494
2025-12-09 19:30:00,2025-12-09,1,Tuesday,234,134.3542,0.0050987
2025-12-09 19:35:00,2025-12-09,1,Tuesday,235,76.7732,0.00291352
2025-12-09 19:40:00,2025-12-09,1,Tuesday,236,112.2848,0.00426117
2025-12-09 19:45:00,2025-12-09,1,Tuesday,237,78.6432,0.00298448
2025-12-09 19:50:00,2025-12-09,1,Tuesday,238,104.0599,0.00394904
2025-12-09 19:55:00,2025-12-09,1,Tuesday,239,99.5052,0.00377619
2025-12-09 20:00:00,2025-12-09,1,Tuesday,240,73.5837,0.00279248
2025-12-09 20:05:00,2025-12-09,1,Tuesday,241,113.9905,0.0043259
2025-12-09 20:10:00,2025-12-09,1,Tuesday,242,102.1561,0.00387679
2025-12-09 20:15:00,2025-12-09,1,Tuesday,243,74.6433,0.00283269
2025-12-09 20:20:00,2025-12-09,1,Tuesday,244,123.3555,0.0046813
2025-12-09 20:25:00,2025-12-09,1,Tuesday,245,133.8694,0.0050803
2025-12-09 20:30:00,2025-12-09,1,Tuesday,246,135.5021,0.00514226
2025-12-09 20:35:00,2025-12-09,1,Tuesday,247,117.3225,0.00445235
2025-12-09 20:40:00,2025-12-09,1,Tuesday,248,112.6715,0.00427584
2025-12-09 20:45:00,2025-12-09,1,Tuesday,249,134.8626,0.00511799
2025-12-09 20:50:00,2025-12-09,1,Tuesday,250,141.5258,0.00537086
2025-12-09 20:55:00,2025-12-09,1,Tuesday,251,132.8527,0.00504172
2025-12-09 21:00:00,2025-12-09,1,Tuesday,252,97.9625,0.00371764
2025-12-09 21:05:00,2025-12-09,1,Tuesday,253,118.0498,0.00447995
2025-12-09 21:10:00,2025-12-09,1,Tuesday,254,122.6811,0.00465571
2025-12-09 21:15:00,2025-12-09,1,Tuesday,255,84.2108,0.00319577
2025-12-09 21:20:00,2025-12-09,1,Tuesday,256,124.2374,0.00471477
2025-12-09 21:25:00,2025-12-09,1,Tuesday,257,156.266,0.00593024
2025-12-09 21:30:00,2025-12-09,1,Tuesday,258,128.2191,0.00486587
2025-12-09 21:35:00,2025-12-09,1,Tuesday,259,143.3858,0.00544144
2025-12-09 21:40:00,2025-12-09,1,Tuesday,260,121.0954,0.00459553
2025-12-09 21:45:00,2025-12-09,1,Tuesday,261,116.979,0.00443932
2025-12-09 21:50:00,2025-12-09,1,Tuesday,262,125.4686,0.00476149
2025-12-09 21:55:00,2025-12-09,1,Tuesday,263,104.4995,0.00396572
2025-12-09 22:00:00,2025-12-09,1,Tuesday,264,102.1785,0.00387764
2025-12-09 22:05:00,2025-12-09,1,Tuesday,265,142.5653,0.00541031
2025-12-09 22:10:00,2025-12-09,1,Tuesday,266,144.8903,0.00549854
2025-12-09 22:15:00,2025-12-09,1,Tuesday,267,102.5768,0.00389275
2025-12-09 22:20:00,2025-12-09,1,Tuesday,268,138.3498,0.00525033
2025-12-09 22:25:00,2025-12-09,1,Tuesday,269,119.5331,0.00453624
2025-12-09 22:30:00,2025-12-09,1,Tuesday,270,127.5906,0.00484202
2025-12-09 22:35:00,2025-12-09,1,Tuesday,271,130.0772,0.00493639
2025-12-09 22:40:00,2025-12-09,1,Tuesday,272,140.1245,0.00531768
2025-12-09 22:45:00,2025-12-09,1,Tuesday,273,123.698,0.0046943
2025-12-09 22:50:00,2025-12-09,1,Tuesday,274,148.3044,0.0056281
2025-12-09 22:55:00,2025-12-09,1,Tuesday,275,128.3169,0.00486958
2025-12-09 23:00:00,2025-12-09,1,Tuesday,276,134.324,0.00509755
2025-12-09 23:05:00,2025-12-09,1,Tuesday,277,107.6328,0.00408463
2025-12-09 23:10:00,2025-12-09,1,Tuesday,278,163.0588,0.00618803
2025-12-09 23:15:00,2025-12-09,1,Tuesday,279,132.018,0.00501004
2025-12-09 23:20:00,2025-12-09,1,Tuesday,280,136.667,0.00518647
2025-12-09 23:25:00,2025-12-09,1,Tuesday,281,93.7712,0.00355859
2025-12-09 23:30:00,2025-12-09,1,Tuesday,282,108.4235,0.00411463
2025-12-09 23:35:00,2025-12-09,1,Tuesday,283,146.7583,0.00556943
2025-12-09 23:40:00,2025-12-09,1,Tuesday,284,129.1773,0.00490224
2025-12-09 23:45:00,2025-12-09,1,Tuesday,285,88.3352,0.00335229
2025-12-09 23:50:00,2025-12-09,1,Tuesday,286,143.2477,0.0054362
2025-12-09 23:55:00,2025-12-09,1,Tuesday,287,113.8565,0.00432082
2025-12-10 00:00:00,2025-12-10,2,Wednesday,0,137.7556,0.00471544
2025-12-10 00:05:00,2025-12-10,2,Wednesday,1,143.8719,0.0049248
2025-12-10 00:10:00,2025-12-10,2,Wednesday,2,164.2386,0.00562196
2025-12-10 00:15:00,2025-12-10,2,Wednesday,3,120.7315,0.00413269
2025-12-10 00:20:00,2025-12-10,2,Wednesday,4,118.6821,0.00406254
2025-12-10 00:25:00,2025-12-10,2,Wednesday,5,135.2607,0.00463003
2025-12-10 00:30:00,2025-12-10,2,Wednesday,6,156.5491,0.00535874
2025-12-10 00:35:00,2025-12-10,2,Wednesday,7,111.3727,0.00381234
2025-12-10 00:40:00,2025-12-10,2,Wednesday,8,104.2338,0.00356797
2025-12-10 00:45:00,2025-12-10,2,Wednesday,9,156.021,0.00534067
2025-12-10 00:50:00,2025-12-10,2,Wednesday,10,126.1481,0.00431811
2025-12-10 00:55:00,2025-12-10,2,Wednesday,11,130.3551,0.00446211
2025-12-10 01:00:00,2025-12-10,2,Wednesday,12,99.7787,0.00341547
2025-12-10 01:05:00,2025-12-10,2,Wednesday,13,124.0115,0.00424497
2025-12-10 01:10:00,2025-12-10,2,Wednesday,14,137.6763,0.00471272
2025-12-10 01:15:00,2025-12-10,2,Wednesday,15,156.7738,0.00536644
2025-12-10 01:20:00,2025-12-10,2,Wednesday,16,121.4155,0.00415611
2025-12-10 01:25:00,2025-12-10,2,Wednesday,17,171.067,0.0058557
2025-12-10 01:30:00,2025-12-10,2,Wednesday,18,122.6604,0.00419872
2025-12-10 01:35:00,2025-12-10,2,Wednesday,19,122.3976,0.00418972
2025-12-10 01:40:00,2025-12-10,2,Wednesday,20,167.3964,0.00573005
2025-12-10 01:45:00,2025-12-10,2,Wednesday,21,139.9719,0.0047913
2025-12-10 01:50:00,2025-12-10,2,Wednesday,22,124.0904,0.00424767
2025-12-10 01:55:00,2025-12-10,2,Wednesday,23,131.7625,0.00451029
2025-12-10 02:00:00,2025-12-10,2,Wednesday,24,161.7914,0.00553819
2025-12-10 02:05:00,2025-12-10,2,Wednesday,25,163.5575,0.00559864
2025-12-10 02:10:00,2025-12-10,2,Wednesday,26,117.26,0.00401386
2025-12-10 02:15:00,2025-12-10,2,Wednesday,27,132.331,0.00452975
2025-12-10 02:20:00,2025-12-10,2,Wednesday,28,134.5044,0.00460415
2025-12-10 02:25:00,2025-12-10,2,Wednesday,29,112.665,0.00385657
2025-12-10 02:30:00,2025-12-10,2,Wednesday,30,130.6273,0.00447143
2025-12-10 02:35:00,2025-12-10,2,Wednesday,31,131.3195,0.00449513
2025-12-10 02:40:00,2025-12-10,2,Wednesday,32,153.0396,0.00523861
2025-12-10 02:45:00,2025-12-10,2,Wednesday,33,153.7185,0.00526185
2025-12-10 02:50:00,2025-12-10,2,Wednesday,34,123.1932,0.00421696
2025-12-10 02:55:00,2025-12-10,2,Wednesday,35,124.8841,0.00427484
2025-12-10 03:00:00,2025-12-10,2,Wednesday,36,141.2427,0.0048348
2025-12-10 03:05:00,2025-12-10,2,Wednesday,37,116.6279,0.00399222
2025-12-10 03:10:00,2025-12-10,2,Wednesday,38,138.4793,0.00474021
2025-12-10 03:15:00,2025-12-10,2,Wednesday,39,124.956,0.0042773
2025-12-10 03:20:00,2025-12-10,2,Wednesday,40,107.6744,0.00368574
2025-12-10 03:25:00,2025-12-10,2,Wednesday,41,107.3619,0.00367504
2025-12-10 03:30:00,2025-12-10,2,Wednesday,42,151.7671,0.00519505
2025-12-10 03:35:00,2025-12-10,2,Wednesday,43,121.1252,0.00414617
2025-12-10 03:40:00,2025-12-10,2,Wednesday,44,153.7135,0.00526168
2025-12-10 03:45:00,2025-12-10,2,Wednesday,45,113.2233,0.00387568
2025-12-10 03:50:00,2025-12-10,2,Wednesday,46,127.3074,0.00435779
2025-12-10 03:55:00,2025-12-10,2,Wednesday,47,164.7993,0.00564115
2025-12-10 04:00:00,2025-12-10,2,Wednesday,48,101.4375,0.00347225
2025-12-10 04:05:00,2025-12-10,2,Wednesday,49,85.7216,0.00293429
2025-12-10 04:10:00,2025-12-10,2,Wednesday,50,142.0884,0.00486375
2025-12-10 04:15:00,2025-12-10,2,Wednesday,51,103.6826,0.0035491
2025-12-10 04:20:00,2025-12-10,2,Wednesday,52,117.2479,0.00401345
2025-12-10 04:25:00,2025-12-10,2,Wednesday,53,106.5864,0.0036485
2025-12-10 04:30:00,2025-12-10,2,Wednesday,54,120.7626,0.00413376
2025-12-10 04:35:00,2025-12-10,2,Wednesday,55,98.8794,0.00338468
2025-12-10 04:40:00,2025-12-10,2,Wednesday,56,111.453,0.00381509
2025-12-10 04:45:00,2025-12-10,2,Wednesday,57,121.4369,0.00415684
2025-12-10 04:50:00,2025-12-10,2,Wednesday,58,95.8852,0.00328219
2025-12-10 04:55:00,2025-12-10,2,Wednesday,59,100.397,0.00343663
2025-12-10 05:00:00,2025-12-10,2,Wednesday,60,105.5735,0.00361383
2025-12-10 05:05:00,2025-12-10,2,Wednesday,61,86.8744,0.00297375
2025-12-10 05:10:00,2025-12-10,2,Wednesday,62,102.8064,0.00351911
2025-12-10 05:15:00,2025-12-10,2,Wednesday,63,110.8923,0.00379589
2025-12-10 05:20:00,2025-12-10,2,Wednesday,64,101.6538,0.00347965
2025-12-10 05:25:00,2025-12-10,2,Wednesday,65,102.9467,0.00352391
2025-12-10 05:30:00,2025-12-10,2,Wednesday,66,106.1749,0.00363441
2025-12-10 05:35:00,2025-12-10,2,Wednesday,67,95.2746,0.00326129
2025-12-10 05:40:00,2025-12-10,2,Wednesday,68,115.7095,0.00396079
2025-12-10 05:45:00,2025-12-10,2,Wednesday,69,126.4177,0.00432733
2025-12-10 05:50:00,2025-12-10,2,Wednesday,70,95.9967,0.00328601
2025-12-10 05:55:00,2025-12-10,2,Wednesday,71,109.8034,0.00375862
2025-12-10 06:00:00,2025-12-10,2,Wednesday,72,97.8745,0.00335029
2025-12-10 06:05:00,2025-12-10,2,Wednesday,73,106.2133,0.00363573
2025-12-10 06:10:00,2025-12-10,2,Wednesday,74,123.3174,0.00422121
2025-12-10 06:15:00,2025-12-10,2,Wednesday,75,106.5897,0.00364861
2025-12-10 06:20:00,2025-12-10,2,Wednesday,76,72.0816,0.00246738
2025-12-10 06:25:00,2025-12-10,2,Wednesday,77,104.0103,0.00356032
2025-12-10 06:30:00,2025-12-10,2,Wednesday,78,114.41,0.0039163
2025-12-10 06:35:00,2025-12-10,2,Wednesday,79,92.5499,0.00316802
2025-12-10 06:40:00,2025-12-10,2,Wednesday,80,109.0872,0.0037341
2025-12-10 06:45:00,2025-12-10,2,Wednesday,81,84.3556,0.00288753
2025-12-10 06:50:00,2025-12-10,2,Wednesday,82,72.497,0.0024816
2025-12-10 06:55:00,2025-12-10,2,Wednesday,83,94.4327,0.00323247
2025-12-10 07:00:00,2025-12-10,2,Wednesday,84,67.5175,0.00231115
2025-12-10 07:05:00,2025-12-10,2,Wednesday,85,87.6019,0.00299865
2025-12-10 07:10:00,2025-12-10,2,Wednesday,86,107.4622,0.00367848
2025-12-10 07:15:00,2025-12-10,2,Wednesday,87,63.7087,0.00218078
2025-12-10 07:20:00,2025-12-10,2,Wednesday,88,71.5166,0.00244804
2025-12-10 07:25:00,2025-12-10,2,Wednesday,89,74.1448,0.00253801
2025-12-10 07:30:00,2025-12-10,2,Wednesday,90,86.1284,0.00294821
2025-12-10 07:35:00,2025-12-10,2,Wednesday,91,81.4622,0.00278849
2025-12-10 07:40:00,2025-12-10,2,Wednesday,92,103.3639,0.00353819
2025-12-10 07:45:00,2025-12-10,2,Wednesday,93,96.8079,0.00331378
2025-12-10 07:50:00,2025-12-10,2,Wednesday,94,90.1804,0.00308692
2025-12-10 07:55:00,2025-12-10,2,Wednesday,95,85.0294,0.00291059
2025-12-10 08:00:00,2025-12-10,2,Wednesday,96,87.3534,0.00299014
2025-12-10 08:05:00,2025-12-10,2,Wednesday,97,71.2001,0.00243721
2025-12-10 08:10:00,2025-12-10,2,Wednesday,98,91.4917,0.0031318
2025-12-10 08:15:00,2025-12-10,2,Wednesday,99,66.9656,0.00229226
2025-12-10 08:20:00,2025-12-10,2,Wednesday,100,89.672,0.00306951
2025-12-10 08:25:00,2025-12-10,2,Wednesday,101,93.0694,0.00318581
2025-12-10 08:30:00,2025-12-10,2,Wednesday,102,80.8253,0.00276668
2025-12-10 08:35:00,2025-12-10,2,Wednesday,103,75.6402,0.0025892
2025-12-10 08:40:00,2025-12-10,2,Wednesday,104,81.6784,0.00279589
2025-12-10 08:45:00,2025-12-10,2,Wednesday,105,43.6192,0.0014931
2025-12-10 08:50:00,2025-12-10,2,Wednesday,106,79.2397,0.00271241
2025-12-10 08:55:00,2025-12-10,2,Wednesday,107,73.9181,0.00253025
2025-12-10 09:00:00,2025-12-10,2,Wednesday,108,74.0365,0.0025343
2025-12-10 09:05:00,2025-12-10,2,Wednesday,109,81.867,0.00280234
2025-12-10 09:10:00,2025-12-10,2,Wednesday,110,72.6306,0.00248618
2025-12-10 09:15:00,2025-12-10,2,Wednesday,111,60.4318,0.00206861
2025-12-10 09:20:00,2025-12-10,2,Wednesday,112,70.8244,0.00242435
2025-12-10 09:25:00,2025-12-10,2,Wednesday,113,72.5602,0.00248377
2025-12-10 09:30:00,2025-12-10,2,Wednesday,114,72.5491,0.00248339
2025-12-10 09:35:00,2025-12-10,2,Wednesday,115,72.5412,0.00248312
2025-12-10 09:40:00,2025-12-10,2,Wednesday,116,81.3033,0.00278305
2025-12-10 09:45:00,2025-12-10,2,Wednesday,117,58.4865,0.00200202
2025-12-10 09:50:00,2025-12-10,2,Wednesday,118,71.2439,0.00243871
2025-12-10 09:55:00,2025-12-10,2,Wednesday,119,82.322,0.00281792
2025-12-10 10:00:00,2025-12-10,2,Wednesday,120,50.7159,0.00173603
2025-12-10 10:05:00,2025-12-10,2,Wednesday,121,69.9817,0.0023955
2025-12-10 10:10:00,2025-12-10,2,Wednesday,122,61.8046,0.0021156
2025-12-10 10:15:00,2025-12-10,2,Wednesday,123,63.6317,0.00217814
2025-12-10 10:20:00,2025-12-10,2,Wednesday,124,57.9233,0.00198274
2025-12-10 10:25:00,2025-12-10,2,Wednesday,125,64.9807,0.00222432
2025-12-10 10:30:00,2025-12-10,2,Wednesday,126,84.6754,0.00289848
2025-12-10 10:35:00,2025-12-10,2,Wednesday,127,53.5152,0.00183185
2025-12-10 10:40:00,2025-12-10,2,Wednesday,128,54.2132,0.00185574
2025-12-10 10:45:00,2025-12-10,2,Wednesday,129,52.6865,0.00180348
2025-12-10 10:50:00,2025-12-10,2,Wednesday,130,82.1121,0.00281073
2025-12-10 10:55:00,2025-12-10,2,Wednesday,131,60.4672,0.00206982
2025-12-10 11:00:00,2025-12-10,2,Wednesday,132,64.5004,0.00220788
2025-12-10 11:05:00,2025-12-10,2,Wednesday,133,60.6437,0.00207586
2025-12-10 11:10:00,2025-12-10,2,Wednesday,134,55.238,0.00189082
2025-12-10 11:15:00,2025-12-10,2,Wednesday,135,61.9198,0.00211954
2025-12-10 11:20:00,2025-12-10,2,Wednesday,136,87.641,0.00299999
2025-12-10 11:25:00,2025-12-10,2,Wednesday,137,77.2373,0.00264387
2025-12-10 11:30:00,2025-12-10,2,Wednesday,138,55.6181,0.00190383
2025-12-10 11:35:00,2025-12-10,2,Wednesday,139,69.864,0.00239147
2025-12-10 11:40:00,2025-12-10,2,Wednesday,140,55.6647,0.00190543
2025-12-10 11:45:00,2025-12-10,2,Wednesday,141,46.6048,0.0015953
2025-12-10 11:50:00,2025-12-10,2,Wednesday,142,73.1975,0.00250558
2025-12-10 11:55:00,2025-12-10,2,Wednesday,143,74.5044,0.00255032
2025-12-10 12:00:00,2025-12-10,2,Wednesday,144,73.4084,0.0025128
2025-12-10 12:05:00,2025-12-10,2,Wednesday,145,58.9885,0.0020192
2025-12-10 12:10:00,2025-12-10,2,Wednesday,146,61.9002,0.00211887
2025-12-10 12:15:00,2025-12-10,2,Wednesday,147,70.679,0.00241937
2025-12-10 12:20:00,2025-12-10,2,Wednesday,148,67.3318,0.0023048
2025-12-10 12:25:00,2025-12-10,2,Wednesday,149,59.9186,0.00205104
2025-12-10 12:30:00,2025-12-10,2,Wednesday,150,48.2888,0.00165295
2025-12-10 12:35:00,2025-12-10,2,Wednesday,151,64.9867,0.00222452
2025-12-10 12:40:00,2025-12-10,2,Wednesday,152,74.394,0.00254654
2025-12-10 12:45:00,2025-12-10,2,Wednesday,153,52.6539,0.00180237
2025-12-10 12:50:00,2025-12-10,2,Wednesday,154,70.5207,0.00241396
2025-12-10 12:55:00,2025-12-10,2,Wednesday,155,67.7531,0.00231922
2025-12-10 13:00:00,2025-12-10,2,Wednesday,156,72.0352,0.0024658
2025-12-10 13:05:00,2025-12-10,2,Wednesday,157,73.4714,0.00251496
2025-12-10 13:10:00,2025-12-10,2,Wednesday,158,58.4209,0.00199977
2025-12-10 13:15:00,2025-12-10,2,Wednesday,159,49.5927,0.00169758
2025-12-10 13:20:00,2025-12-10,2,Wednesday,160,60.4865,0.00207048
2025-12-10 13:25:00,2025-12-10,2,Wednesday,161,74.8486,0.0025621
2025-12-10 13:30:00,2025-12-10,2,Wednesday,162,60.9559,0.00208655
2025-12-10 13:35:00,2025-12-10,2,Wednesday,163,59.735,0.00204475
2025-12-10 13:40:00,2025-12-10,2,Wednesday,164,48.7094,0.00166734
2025-12-10 13:45:00,2025-12-10,2,Wednesday,165,85.092,0.00291274
2025-12-10 13:50:00,2025-12-10,2,Wednesday,166,76.1456,0.0026065
2025-12-10 13:55:00,2025-12-10,2,Wednesday,167,76.0151,0.00260203
2025-12-10 14:00:00,2025-12-10,2,Wednesday,168,78.5038,0.00268722
2025-12-10 14:05:00,2025-12-10,2,Wednesday,169,74.9428,0.00256532
2025-12-10 14:10:00,2025-12-10,2,Wednesday,170,66.8705,0.00228901
2025-12-10 14:15:00,2025-12-10,2,Wednesday,171,68.1521,0.00233288
2025-12-10 14:20:00,2025-12-10,2,Wednesday,172,65.8263,0.00225326
2025-12-10 14:25:00,2025-12-10,2,Wednesday,173,98.8104,0.00338232
2025-12-10 14:30:00,2025-12-10,2,Wednesday,174,77.2666,0.00264487
2025-12-10 14:35:00,2025-12-10,2,Wednesday,175,66.8349,0.00228779
2025-12-10 14:40:00,2025-12-10,2,Wednesday,176,77.4117,0.00264983
2025-12-10 14:45:00,2025-12-10,2,Wednesday,177,61.8461,0.00211702
2025-12-10 14:50:00,2025-12-10,2,Wednesday,178,90.0313,0.00308181
2025-12-10 14:55:00,2025-12-10,2,Wednesday,179,66.6821,0.00228256
2025-12-10 15:00:00,2025-12-10,2,Wednesday,180,80.2104,0.00274564
2025-12-10 15:05:00,2025-12-10,2,Wednesday,181,87.2204,0.00298559
2025-12-10 15:10:00,2025-12-10,2,Wednesday,182,80.1779,0.00274452
2025-12-10 15:15:00,2025-12-10,2,Wednesday,183,77.5043,0.00265301
2025-12-10 15:20:00,2025-12-10,2,Wednesday,184,77.1766,0.00264179
2025-12-10 15:25:00,2025-12-10,2,Wednesday,185,77.036,0.00263698
2025-12-10 15:30:00,2025-12-10,2,Wednesday,186,71.5698,0.00244986
2025-12-10 15:35:00,2025-12-10,2,Wednesday,187,73.6844,0.00252225
2025-12-10 15:40:00,2025-12-10,2,Wednesday,188,97.3723,0.0033331
2025-12-10 15:45:00,2025-12-10,2,Wednesday,189,79.0637,0.00270639
2025-12-10 15:50:00,2025-12-10,2,Wednesday,190,71.5124,0.0024479
2025-12-10 15:55:00,2025-12-10,2,Wednesday,191,75.4403,0.00258235
2025-12-10 16:00:00,2025-12-10,2,Wednesday,192,96.103,0.00328965
2025-12-10 16:05:00,2025-12-10,2,Wednesday,193,91.6444,0.00313703
2025-12-10 16:10:00,2025-12-10,2,Wednesday,194,90.9996,0.00311496
2025-12-10 16:15:00,2025-12-10,2,Wednesday,195,81.4138,0.00278683
2025-12-10 16:20:00,2025-12-10,2,Wednesday,196,92.7816,0.00317595
2025-12-10 16:25:00,2025-12-10,2,Wednesday,197,77.8701,0.00266553
2025-12-10 16:30:00,2025-12-10,2,Wednesday,198,83.5681,0.00286057
2025-12-10 16:35:00,2025-12-10,2,Wednesday,199,100.4865,0.0034397
2025-12-10 16:40:00,2025-12-10,2,Wednesday,200,100.1087,0.00342677
2025-12-10 16:45:00,2025-12-10,2,Wednesday,201,76.1353,0.00260614
2025-12-10 16:50:00,2025-12-10,2,Wednesday,202,78.516,0.00268764
2025-12-10 16:55:00,2025-12-10,2,Wednesday,203,92.3517,0.00316124
2025-12-10 17:00:00,2025-12-10,2,Wednesday,204,115.4051,0.00395037
2025-12-10 17:05:00,2025-12-10,2,Wednesday,205,65.9034,0.0022559
2025-12-10 17:10:00,2025-12-10,2,Wednesday,206,97.178,0.00332644
2025-12-10 17:15:00,2025-12-10,2,Wednesday,207,74.6741,0.00255613
2025-12-10 17:20:00,2025-12-10,2,Wednesday,208,85.8816,0.00293977
2025-12-10 17:25:00,2025-12-10,2,Wednesday,209,90.4989,0.00309782
2025-12-10 17:30:00,2025-12-10,2,Wednesday,210,90.4639,0.00309662
2025-12-10 17:35:00,2025-12-10,2,Wednesday,211,89.5818,0.00306642
2025-12-10 17:40:00,2025-12-10,2,Wednesday,212,98.3116,0.00336525
2025-12-10 17:45:00,2025-12-10,2,Wednesday,213,91.0823,0.00311779
2025-12-10 17:50:00,2025-12-10,2,Wednesday,214,77.9561,0.00266847
2025-12-10 17:55:00,2025-12-10,2,Wednesday,215,112.4721,0.00384997
2025-12-10 18:00:00,2025-12-10,2,Wednesday,216,112.9887,0.00386765
2025-12-10 18:05:00,2025-12-10,2,Wednesday,217,115.2994,0.00394675
2025-12-10 18:10:00,2025-12-10,2,Wednesday,218,79.3373,0.00271575
2025-12-10 18:15:00,2025-12-10,2,Wednesday,219,108.6772,0.00372007
2025-12-10 18:20:00,2025-12-10,2,Wednesday,220,115.4723,0.00395267
2025-12-10 18:25:00,2025-12-10,2,Wednesday,221,89.3234,0.00305758
2025-12-10 18:30:00,2025-12-10,2,Wednesday,222,106.6394,0.00365031
2025-12-10 18:35:00,2025-12-10,2,Wednesday,223,105.4435,0.00360938
2025-12-10 18:40:00,2025-12-10,2,Wednesday,224,138.0146,0.0047243
2025-12-10 18:45:00,2025-12-10,2,Wednesday,225,140.4022,0.00480603
2025-12-10 18:50:00,2025-12-10,2,Wednesday,226,82.3608,0.00281925
2025-12-10 18:55:00,2025-12-10,2,Wednesday,227,151.9365,0.00520085
2025-12-10 19:00:00,2025-12-10,2,Wednesday,228,96.0868,0.00328909
2025-12-10 19:05:00,2025-12-10,2,Wednesday,229,128.6783,0.00440472
2025-12-10 19:10:00,2025-12-10,2,Wednesday,230,129.4176,0.00443002
2025-12-10 19:15:00,2025-12-10,2,Wednesday,231,96.7705,0.0033125
2025-12-10 19:20:00,2025-12-10,2,Wednesday,232,123.0199,0.00421102
2025-12-10 19:25:00,2025-12-10,2,Wednesday,233,113.4619,0.00388385
2025-12-10 19:30:00,2025-12-10,2,Wednesday,234,125.7459,0.00430434
2025-12-10 19:35:00,2025-12-10,2,Wednesday,235,120.9,0.00413846
2025-12-10 19:40:00,2025-12-10,2,Wednesday,236,138.719,0.00474841
2025-12-10 19:45:00,2025-12-10,2,Wednesday,237,119.7007,0.00409741
2025-12-10 19:50:00,2025-12-10,2,Wednesday,238,116.1038,0.00397428
2025-12-10 19:55:00,2025-12-10,2,Wednesday,239,139.5375,0.00477643
2025-12-10 20:00:00,2025-12-10,2,Wednesday,240,131.055,0.00448607
2025-12-10 20:05:00,2025-12-10,2,Wednesday,241,134.5864,0.00460695
2025-12-10 20:10:00,2025-12-10,2,Wednesday,242,109.8194,0.00375917
2025-12-10 20:15:00,2025-12-10,2,Wednesday,243,103.4407,0.00354082
2025-12-10 20:20:00,2025-12-10,2,Wednesday,244,112.8552,0.00386308
2025-12-10 20:25:00,2025-12-10,2,Wednesday,245,112.4849,0.00385041
2025-12-10 20:30:00,2025-12-10,2,Wednesday,246,139.4057,0.00477192
2025-12-10 20:35:00,2025-12-10,2,Wednesday,247,143.7047,0.00491907
2025-12-10 20:40:00,2025-12-10,2,Wednesday,248,123.0635,0.00421252
2025-12-10 20:45:00,2025-12-10,2,Wednesday,249,153.8044,0.00526479
2025-12-10 20:50:00,2025-12-10,2,Wednesday,250,153.3636,0.0052497
2025-12-10 20:55:00,2025-12-10,2,Wednesday,251,132.5181,0.00453615
2025-12-10 21:00:00,2025-12-10,2,Wednesday,252,112.609,0.00385465
2025-12-10 21:05:00,2025-12-10,2,Wednesday,253,159.5143,0.00546024
2025-12-10 21:10:00,2025-12-10,2,Wednesday,254,128.4065,0.00439541
2025-12-10 21:15:00,2025-12-10,2,Wednesday,255,132.6101,0.0045393
2025-12-10 21:20:00,2025-12-10,2,Wednesday,256,124.0305,0.00424562
2025-12-10 21:25:00,2025-12-10,2,Wednesday,257,113.7017,0.00389206
2025-12-10 21:30:00,2025-12-10,2,Wednesday,258,102.7085,0.00351576
2025-12-10 21:35:00,2025-12-10,2,Wednesday,259,144.7782,0.00495582
2025-12-10 21:40:00,2025-12-10,2,Wednesday,260,117.115,0.0040089
2025-12-10 21:45:00,2025-12-10,2,Wednesday,261,194.2983,0.00665092
2025-12-10 21:50:00,2025-12-10,2,Wednesday,262,111.8623,0.0038291
2025-12-10 21:55:00,2025-12-10,2,Wednesday,263,108.7844,0.00372374
2025-12-10 22:00:00,2025-12-10,2,Wednesday,264,144.7859,0.00495608
2025-12-10 22:05:00,2025-12-10,2,Wednesday,265,165.8477,0.00567704
2025-12-10 22:10:00,2025-12-10,2,Wednesday,266,136.604,0.00467601
2025-12-10 22:15:00,2025-12-10,2,Wednesday,267,147.314,0.00504262
2025-12-10 22:20:00,2025-12-10,2,Wednesday,268,98.4118,0.00336868
2025-12-10 22:25:00,2025-12-10,2,Wednesday,269,122.5118,0.00419363
2025-12-10 22:30:00,2025-12-10,2,Wednesday,270,114.6829,0.00392564
2025-12-10 22:35:00,2025-12-10,2,Wednesday,271,98.0613,0.00335668
2025-12-10 22:40:00,2025-12-10,2,Wednesday,272,139.7081,0.00478227
2025-12-10 22:45:00,2025-12-10,2,Wednesday,273,91.2911,0.00312493
2025-12-10 22:50:00,2025-12-10,2,Wednesday,274,110.4965,0.00378234
2025-12-10 22:55:00,2025-12-10,2,Wednesday,275,126.948,0.00434549
2025-12-10 23:00:00,2025-12-10,2,Wednesday,276,121.0529,0.00414369
2025-12-10 23:05:00,2025-12-10,2,Wednesday,277,146.7394,0.00502295
2025-12-10 23:10:00,2025-12-10,2,Wednesday,278,145.0497,0.00496511
2025-12-10 23:15:00,2025-12-10,2,Wednesday,279,157.4807,0.00539063
2025-12-10 23:20:00,2025-12-10,2,Wednesday,280,154.7055,0.00529564
2025-12-10 23:25:00,2025-12-10,2,Wednesday,281,162.9637,0.00557832
2025-12-10 23:30:00,2025-12-10,2,Wednesday,282,139.2291,0.00476587
2025-12-10 23:35:00,2025-12-10,2,Wednesday,283,145.7126,0.00498781
2025-12-10 23:40:00,2025-12-10,2,Wednesday,284,150.1496,0.00513969
2025-12-10 23:45:00,2025-12-10,2,Wednesday,285,142.4778,0.00487708
2025-12-10 23:50:00,2025-12-10,2,Wednesday,286,131.2438,0.00449253
2025-12-10 23:55:00,2025-12-10,2,Wednesday,287,132.6252,0.00453982
2025-12-11 00:00:00,2025-12-11,3,Thursday,0,128.7392,0.00500904
2025-12-11 00:05:00,2025-12-11,3,Thursday,1,119.3664,0.00464436
2025-12-11 00:10:00,2025-12-11,3,Thursday,2,109.0086,0.00424135
2025-12-11 00:15:00,2025-12-11,3,Thursday,3,108.9901,0.00424063
2025-12-11 00:20:00,2025-12-11,3,Thursday,4,98.9952,0.00385175
2025-12-11 00:25:00,2025-12-11,3,Thursday,5,138.6345,0.00539405
2025-12-11 00:30:00,2025-12-11,3,Thursday,6,122.2237,0.00475553
2025-12-11 00:35:00,2025-12-11,3,Thursday,7,105.0767,0.00408837
2025-12-11 00:40:00,2025-12-11,3,Thursday,8,135.2042,0.00526058
2025-12-11 00:45:00,2025-12-11,3,Thursday,9,110.3215,0.00429244
2025-12-11 00:50:00,2025-12-11,3,Thursday,10,94.9188,0.00369314
2025-12-11 00:55:00,2025-12-11,3,Thursday,11,138.538,0.0053903
2025-12-11 01:00:00,2025-12-11,3,Thursday,12,110.2922,0.0042913
2025-12-11 01:05:00,2025-12-11,3,Thursday,13,112.4168,0.00437396
2025-12-11 01:10:00,2025-12-11,3,Thursday,14,120.2918,0.00468036
2025-12-11 01:15:00,2025-12-11,3,Thursday,15,139.7808,0.00543865
2025-12-11 01:20:00,2025-12-11,3,Thursday,16,119.4481,0.00464754
2025-12-11 01:25:00,2025-12-11,3,Thursday,17,97.4616,0.00379208
2025-12-11 01:30:00,2025-12-11,3,Thursday,18,128.2409,0.00498965
2025-12-11 01:35:00,2025-12-11,3,Thursday,19,109.68,0.00426748
2025-12-11 01:40:00,2025-12-11,3,Thursday,20,151.4005,0.00589076
2025-12-11 01:45:00,2025-12-11,3,Thursday,21,117.6564,0.00457783
2025-12-11 01:50:00,2025-12-11,3,Thursday,22,78.0081,0.00303517
2025-12-11 01:55:00,2025-12-11,3,Thursday,23,123.2832,0.00479676
2025-12-11 02:00:00,2025-12-11,3,Thursday,24,150.6853,0.00586293
2025-12-11 02:05:00,2025-12-11,3,Thursday,25,143.7802,0.00559426
2025-12-11 02:10:00,2025-12-11,3,Thursday,26,147.744,0.00574849
2025-12-11 02:15:00,2025-12-11,3,Thursday,27,97.8465,0.00380706
2025-12-11 02:20:00,2025-12-11,3,Thursday,28,130.8593,0.00509153
2025-12-11 02:25:00,2025-12-11,3,Thursday,29,102.2692,0.00397913
2025-12-11 02:30:00,2025-12-11,3,Thursday,30,118.1017,0.00459515
2025-12-11 02:35:00,2025-12-11,3,Thursday,31,92.0812,0.00358273
2025-12-11 02:40:00,2025-12-11,3,Thursday,32,102.398,0.00398414
2025-12-11 02:45:00,2025-12-11,3,Thursday,33,101.4359,0.00394671
2025-12-11 02:50:00,2025-12-11,3,Thursday,34,127.5564,0.00496302
2025-12-11 02:55:00,2025-12-11,3,Thursday,35,125.3552,0.00487737
2025-12-11 03:00:00,2025-12-11,3,Thursday,36,116.0357,0.00451477
2025-12-11 03:05:00,2025-12-11,3,Thursday,37,88.4315,0.00344073
2025-12-11 03:10:00,2025-12-11,3,Thursday,38,105.2096,0.00409354
2025-12-11 03:15:00,2025-12-11,3,Thursday,39,97.5403,0.00379514
2025-12-11 03:20:00,2025-12-11,3,Thursday,40,123.5422,0.00480683
2025-12-11 03:25:00,2025-12-11,3,Thursday,41,127.9442,0.00497811
2025-12-11 03:30:00,2025-12-11,3,Thursday,42,125.3012,0.00487527
2025-12-11 03:35:00,2025-12-11,3,Thursday,43,95.3981,0.00371179
2025-12-11 03:40:00,2025-12-11,3,Thursday,44,63.0306,0.00245242
2025-12-11 03:45:00,2025-12-11,3,Thursday,45,78.2034,0.00304277
2025-12-11 03:50:00,2025-12-11,3,Thursday,46,128.3639,0.00499444
2025-12-11 03:55:00,2025-12-11,3,Thursday,47,98.8592,0.00384646
2025-12-11 04:00:00,2025-12-11,3,Thursday,48,92.795,0.00361051
2025-12-11 04:05:00,2025-12-11,3,Thursday,49,129.5541,0.00504075
2025-12-11 04:10:00,2025-12-11,3,Thursday,50,122.9124,0.00478233
2025-12-11 04:15:00,2025-12-11,3,Thursday,51,103.0413,0.00400917
2025-12-11 04:20:00,2025-12-11,3,Thursday,52,97.5255,0.00379456
2025-12-11 04:25:00,2025-12-11,3,Thursday,53,99.3505,0.00386557
2025-12-11 04:30:00,2025-12-11,3,Thursday,54,104.1276,0.00405144
2025-12-11 04:35:00,2025-12-11,3,Thursday,55,124.0353,0.00482602
2025-12-11 04:40:00,2025-12-11,3,Thursday,56,105.6497,0.00411066
2025-12-11 04:45:00,2025-12-11,3,Thursday,57,109.4201,0.00425736
2025-12-11 04:50:00,2025-12-11,3,Thursday,58,115.1758,0.00448131
2025-12-11 04:55:00,2025-12-11,3,Thursday,59,80.2286,0.00312157
2025-12-11 05:00:00,2025-12-11,3,Thursday,60,107.5448,0.0041844
2025-12-11 05:05:00,2025-12-11,3,Thursday,61,91.6706,0.00356676
2025-12-11 05:10:00,2025-12-11,3,Thursday,62,59.2743,0.00230627
2025-12-11 05:15:00,2025-12-11,3,Thursday,63,64.3344,0.00250315
2025-12-11 05:20:00,2025-12-11,3,Thursday,64,79.4697,0.00309204
2025-12-11 05:25:00,2025-12-11,3,Thursday,65,100.5,0.0039103
2025-12-11 05:30:00,2025-12-11,3,Thursday,66,93.9464,0.00365531
2025-12-11 05:35:00,2025-12-11,3,Thursday,67,94.1891,0.00366475
2025-12-11 05:40:00,2025-12-11,3,Thursday,68,117.5495,0.00457367
2025-12-11 05:45:00,2025-12-11,3,Thursday,69,73.0447,0.00284206
2025-12-11 05:50:00,2025-12-11,3,Thursday,70,89.1315,0.00346797
2025-12-11 05:55:00,2025-12-11,3,Thursday,71,92.8339,0.00361202
2025-12-11 06:00:00,2025-12-11,3,Thursday,72,78.334,0.00304785
2025-12-11 06:05:00,2025-12-11,3,Thursday,73,87.7101,0.00341266
2025-12-11 06:10:00,2025-12-11,3,Thursday,74,65.8311,0.00256138
2025-12-11 06:15:00,2025-12-11,3,Thursday,75,104.0662,0.00404905
2025-12-11 06:20:00,2025-12-11,3,Thursday,76,76.4722,0.00297541
2025-12-11 06:25:00,2025-12-11,3,Thursday,77,110.2015,0.00428777
2025-12-11 06:30:00,2025-12-11,3,Thursday,78,83.3412,0.00324267
2025-12-11 06:35:00,2025-12-11,3,Thursday,79,95.8407,0.00372901
2025-12-11 06:40:00,2025-12-11,3,Thursday,80,81.6669,0.00317753
2025-12-11 06:45:00,2025-12-11,3,Thursday,81,81.2407,0.00316095
2025-12-11 06:50:00,2025-12-11,3,Thursday,82,73.8238,0.00287237
2025-12-11 06:55:00,2025-12-11,3,Thursday,83,81.6437,0.00317663
2025-12-11 07:00:00,2025-12-11,3,Thursday,84,83.3053,0.00324128
2025-12-11 07:05:00,2025-12-11,3,Thursday,85,69.5467,0.00270595
2025-12-11 07:10:00,2025-12-11,3,Thursday,86,76.664,0.00298287
2025-12-11 07:15:00,2025-12-11,3,Thursday,87,70.3574,0.0027375
2025-12-11 07:20:00,2025-12-11,3,Thursday,88,103.2452,0.00401711
2025-12-11 07:25:00,2025-12-11,3,Thursday,89,75.0667,0.00292073
2025-12-11 07:30:00,2025-12-11,3,Thursday,90,92.9041,0.00361475
2025-12-11 07:35:00,2025-12-11,3,Thursday,91,72.5661,0.00282343
2025-12-11 07:40:00,2025-12-11,3,Thursday,92,76.9857,0.00299539
2025-12-11 07:45:00,2025-12-11,3,Thursday,93,58.8951,0.00229152
2025-12-11 07:50:00,2025-12-11,3,Thursday,94,67.9286,0.002643
2025-12-11 07:55:00,2025-12-11,3,Thursday,95,74.4554,0.00289694
2025-12-11 08:00:00,2025-12-11,3,Thursday,96,88.5696,0.0034461
2025-12-11 08:05:00,2025-12-11,3,Thursday,97,73.29,0.0028516
2025-12-11 08:10:00,2025-12-11,3,Thursday,98,84.9113,0.00330377
2025-12-11 08:15:00,2025-12-11,3,Thursday,99,76.4133,0.00297312
2025-12-11 08:20:00,2025-12-11,3,Thursday,100,85.9911,0.00334578
2025-12-11 08:25:00,2025-12-11,3,Thursday,101,67.926,0.0026429
2025-12-11 08:30:00,2025-12-11,3,Thursday,102,92.3214,0.00359208
2025-12-11 08:35:00,2025-12-11,3,Thursday,103,62.4833,0.00243113
2025-12-11 08:40:00,2025-12-11,3,Thursday,104,59.1493,0.00230141
2025-12-11 08:45:00,2025-12-11,3,Thursday,105,54.2548,0.00211097
2025-12-11 08:50:00,2025-12-11,3,Thursday,106,88.7395,0.00345272
2025-12-11 08:55:00,2025-12-11,3,Thursday,107,73.2412,0.0028497
2025-12-11 09:00:00,2025-12-11,3,Thursday,108,61.466,0.00239155
2025-12-11 09:05:00,2025-12-11,3,Thursday,109,76.2344,0.00296616
2025-12-11 09:10:00,2025-12-11,3,Thursday,110,70.285,0.00273468
2025-12-11 09:15:00,2025-12-11,3,Thursday,111,81.8802,0.00318583
2025-12-11 09:20:00,2025-12-11,3,Thursday,112,48.1909,0.00187503
2025-12-11 09:25:00,2025-12-11,3,Thursday,113,59.8258,0.00232773
2025-12-11 09:30:00,2025-12-11,3,Thursday,114,57.5692,0.00223993
2025-12-11 09:35:00,2025-12-11,3,Thursday,115,43.2426,0.0016825
2025-12-11 09:40:00,2025-12-11,3,Thursday,116,70.7126,0.00275132
2025-12-11 09:45:00,2025-12-11,3,Thursday,117,58.1444,0.00226231
2025-12-11 09:50:00,2025-12-11,3,Thursday,118,66.8885,0.00260253
2025-12-11 09:55:00,2025-12-11,3,Thursday,119,81.0054,0.00315179
2025-12-11 10:00:00,2025-12-11,3,Thursday,120,56.3106,0.00219096
2025-12-11 10:05:00,2025-12-11,3,Thursday,121,55.3739,0.00215451
2025-12-11 10:10:00,2025-12-11,3,Thursday,122,59.8143,0.00232728
2025-12-11 10:15:00,2025-12-11,3,Thursday,123,67.0972,0.00261065
2025-12-11 10:20:00,2025-12-11,3,Thursday,124,53.1895,0.00206952
2025-12-11 10:25:00,2025-12-11,3,Thursday,125,52.3601,0.00203725
2025-12-11 10:30:00,2025-12-11,3,Thursday,126,66.6771,0.0025943
2025-12-11 10:35:00,2025-12-11,3,Thursday,127,60.5358,0.00235535
2025-12-11 10:40:00,2025-12-11,3,Thursday,128,39.5374,0.00153834
2025-12-11 10:45:00,2025-12-11,3,Thursday,129,46.3512,0.00180345
2025-12-11 10:50:00,2025-12-11,3,Thursday,130,69.3032,0.00269648
2025-12-11 10:55:00,2025-12-11,3,Thursday,131,59.754,0.00232494
2025-12-11 11:00:00,2025-12-11,3,Thursday,132,49.7413,0.00193536
2025-12-11 11:05:00,2025-12-11,3,Thursday,133,54.5524,0.00212255
2025-12-11 11:10:00,2025-12-11,3,Thursday,134,55.9307,0.00217618
2025-12-11 11:15:00,2025-12-11,3,Thursday,135,61.8156,0.00240515
2025-12-11 11:20:00,2025-12-11,3,Thursday,136,44.2234,0.00172066
2025-12-11 11:25:00,2025-12-11,3,Thursday,137,48.4305,0.00188435
2025-12-11 11:30:00,2025-12-11,3,Thursday,138,57.5846,0.00224053
2025-12-11 11:35:00,2025-12-11,3,Thursday,139,54.4063,0.00211686
2025-12-11 11:40:00,2025-12-11,3,Thursday,140,59.8946,0.0023304
2025-12-11 11:45:00,2025-12-11,3,Thursday,141,44.9445,0.00174872
2025-12-11 11:50:00,2025-12-11,3,Thursday,142,58.0185,0.00225741
2025-12-11 11:55:00,2025-12-11,3,Thursday,143,64.0579,0.00249239
2025-12-11 12:00:00,2025-12-11,3,Thursday,144,59.0561,0.00229778
2025-12-11 12:05:00,2025-12-11,3,Thursday,145,56.1936,0.0021864
2025-12-11 12:10:00,2025-12-11,3,Thursday,146,54.2765,0.00211181
2025-12-11 12:15:00,2025-12-11,3,Thursday,147,48.2068,0.00187565
2025-12-11 12:20:00,2025-12-11,3,Thursday,148,54.567,0.00212312
2025-12-11 12:25:00,2025-12-11,3,Thursday,149,65.6701,0.00255512
2025-12-11 12:30:00,2025-12-11,3,Thursday,150,54.3319,0.00211397
2025-12-11 12:35:00,2025-12-11,3,Thursday,151,48.0243,0.00186855
2025-12-11 12:40:00,2025-12-11,3,Thursday,152,51.438,0.00200137
2025-12-11 12:45:00,2025-12-11,3,Thursday,153,57.3489,0.00223135
2025-12-11 12:50:00,2025-12-11,3,Thursday,154,52.6925,0.00205018
2025-12-11 12:55:00,2025-12-11,3,Thursday,155,60.0588,0.00233679
2025-12-11 13:00:00,2025-12-11,3,Thursday,156,60.5669,0.00235656
2025-12-11 13:05:00,2025-12-11,3,Thursday,157,63.8713,0.00248513
2025-12-11 13:10:00,2025-12-11,3,Thursday,158,68.6441,0.00267084
2025-12-11 13:15:00,2025-12-11,3,Thursday,159,65.2728,0.00253966
2025-12-11 13:20:00,2025-12-11,3,Thursday,160,49.0369,0.00190795
2025-12-11 13:25:00,2025-12-11,3,Thursday,161,49.5189,0.0019267
2025-12-11 13:30:00,2025-12-11,3,Thursday,162,56.8967,0.00221376
2025-12-11 13:35:00,2025-12-11,3,Thursday,163,53.9198,0.00209793
2025-12-11 13:40:00,2025-12-11,3,Thursday,164,48.2052,0.00187559
2025-12-11 13:45:00,2025-12-11,3,Thursday,165,54.5706,0.00212326
2025-12-11 13:50:00,2025-12-11,3,Thursday,166,54.5853,0.00212383
2025-12-11 13:55:00,2025-12-11,3,Thursday,167,53.1512,0.00206803
2025-12-11 14:00:00,2025-12-11,3,Thursday,168,56.6447,0.00220396
2025-12-11 14:05:00,2025-12-11,3,Thursday,169,70.404,0.00273931
2025-12-11 14:10:00,2025-12-11,3,Thursday,170,62.0081,0.00241264
2025-12-11 14:15:00,2025-12-11,3,Thursday,171,83.072,0.0032322
2025-12-11 14:20:00,2025-12-11,3,Thursday,172,62.5695,0.00243448
2025-12-11 14:25:00,2025-12-11,3,Thursday,173,58.756,0.0022861
2025-12-11 14:30:00,2025-12-11,3,Thursday,174,61.8994,0.00240841
2025-12-11 14:35:00,2025-12-11,3,Thursday,175,64.703,0.00251749
2025-12-11 14:40:00,2025-12-11,3,Thursday,176,66.8605,0.00260144
2025-12-11 14:45:00,2025-12-11,3,Thursday,177,82.9291,0.00322664
2025-12-11 14:50:00,2025-12-11,3,Thursday,178,55.6342,0.00216464
2025-12-11 14:55:00,2025-12-11,3,Thursday,179,72.4786,0.00282003
2025-12-11 15:00:00,2025-12-11,3,Thursday,180,66.7256,0.00259619
2025-12-11 15:05:00,2025-12-11,3,Thursday,181,49.8531,0.0019397
2025-12-11 15:10:00,2025-12-11,3,Thursday,182,73.3509,0.00285397
2025-12-11 15:15:00,2025-12-11,3,Thursday,183,78.8902,0.00306949
2025-12-11 15:20:00,2025-12-11,3,Thursday,184,58.2399,0.00226602
2025-12-11 15:25:00,2025-12-11,3,Thursday,185,67.2997,0.00261852
2025-12-11 15:30:00,2025-12-11,3,Thursday,186,50.3693,0.00195979
2025-12-11 15:35:00,2025-12-11,3,Thursday,187,55.5925,0.00216302
2025-12-11 15:40:00,2025-12-11,3,Thursday,188,79.9843,0.00311207
2025-12-11 15:45:00,2025-12-11,3,Thursday,189,64.8359,0.00252266
2025-12-11 15:50:00,2025-12-11,3,Thursday,190,58.6215,0.00228087
2025-12-11 15:55:00,2025-12-11,3,Thursday,191,73.3696,0.0028547
2025-12-11 16:00:00,2025-12-11,3,Thursday,192,65.9416,0.00256568
2025-12-11 16:05:00,2025-12-11,3,Thursday,193,67.0787,0.00260993
2025-12-11 16:10:00,2025-12-11,3,Thursday,194,80.8861,0.00314715
2025-12-11 16:15:00,2025-12-11,3,Thursday,195,60.6539,0.00235995
2025-12-11 16:20:00,2025-12-11,3,Thursday,196,64.04,0.00249169
2025-12-11 16:25:00,2025-12-11,3,Thursday,197,76.4876,0.00297601
2025-12-11 16:30:00,2025-12-11,3,Thursday,198,86.3896,0.00336128
2025-12-11 16:35:00,2025-12-11,3,Thursday,199,90.2228,0.00351043
2025-12-11 16:40:00,2025-12-11,3,Thursday,200,69.1071,0.00268885
2025-12-11 16:45:00,2025-12-11,3,Thursday,201,88.334,0.00343694
2025-12-11 16:50:00,2025-12-11,3,Thursday,202,68.9397,0.00268234
2025-12-11 16:55:00,2025-12-11,3,Thursday,203,100.4097,0.00390679
2025-12-11 17:00:00,2025-12-11,3,Thursday,204,65.9902,0.00256758
2025-12-11 17:05:00,2025-12-11,3,Thursday,205,96.1941,0.00374276
2025-12-11 17:10:00,2025-12-11,3,Thursday,206,72.9444,0.00283815
2025-12-11 17:15:00,2025-12-11,3,Thursday,207,106.2643,0.00413458
2025-12-11 17:20:00,2025-12-11,3,Thursday,208,89.6272,0.00348725
2025-12-11 17:25:00,2025-12-11,3,Thursday,209,70.381,0.00273842
2025-12-11 17:30:00,2025-12-11,3,Thursday,210,77.1886,0.00300329
2025-12-11 17:35:00,2025-12-11,3,Thursday,211,94.3616,0.00367146
2025-12-11 17:40:00,2025-12-11,3,Thursday,212,98.6311,0.00383758
2025-12-11 17:45:00,2025-12-11,3,Thursday,213,84.9885,0.00330677
2025-12-11 17:50:00,2025-12-11,3,Thursday,214,87.1992,0.00339278
2025-12-11 17:55:00,2025-12-11,3,Thursday,215,97.2741,0.00378478
2025-12-11 18:00:00,2025-12-11,3,Thursday,216,89.8003,0.00349399
2025-12-11 18:05:00,2025-12-11,3,Thursday,217,71.5542,0.00278406
2025-12-11 18:10:00,2025-12-11,3,Thursday,218,78.5856,0.00305764
2025-12-11 18:15:00,2025-12-11,3,Thursday,219,93.401,0.00363409
2025-12-11 18:20:00,2025-12-11,3,Thursday,220,107.5174,0.00418333
2025-12-11 18:25:00,2025-12-11,3,Thursday,221,113.8712,0.00443055
2025-12-11 18:30:00,2025-12-11,3,Thursday,222,103.1704,0.0040142
2025-12-11 18:35:00,2025-12-11,3,Thursday,223,97.0941,0.00377778
2025-12-11 18:40:00,2025-12-11,3,Thursday,224,104.3287,0.00405927
2025-12-11 18:45:00,2025-12-11,3,Thursday,225,85.0503,0.00330918
2025-12-11 18:50:00,2025-12-11,3,Thursday,226,93.0184,0.0036192
2025-12-11 18:55:00,2025-12-11,3,Thursday,227,84.0522,0.00327034
2025-12-11 19:00:00,2025-12-11,3,Thursday,228,78.5107,0.00305473
2025-12-11 19:05:00,2025-12-11,3,Thursday,229,102.1681,0.0039752
2025-12-11 19:10:00,2025-12-11,3,Thursday,230,100.7161,0.00391871
2025-12-11 19:15:00,2025-12-11,3,Thursday,231,108.8521,0.00423526
2025-12-11 19:20:00,2025-12-11,3,Thursday,232,107.4924,0.00418236
2025-12-11 19:25:00,2025-12-11,3,Thursday,233,103.6686,0.00403358
2025-12-11 19:30:00,2025-12-11,3,Thursday,234,109.1039,0.00424506
2025-12-11 19:35:00,2025-12-11,3,Thursday,235,100.71,0.00391847
2025-12-11 19:40:00,2025-12-11,3,Thursday,236,108.3334,0.00421508
2025-12-11 19:45:00,2025-12-11,3,Thursday,237,91.4823,0.00355943
2025-12-11 19:50:00,2025-12-11,3,Thursday,238,109.0364,0.00424243
2025-12-11 19:55:00,2025-12-11,3,Thursday,239,114.3643,0.00444974
2025-12-11 20:00:00,2025-12-11,3,Thursday,240,94.0662,0.00365997
2025-12-11 20:05:00,2025-12-11,3,Thursday,241,106.0083,0.00412462
2025-12-11 20:10:00,2025-12-11,3,Thursday,242,95.9055,0.00373153
2025-12-11 20:15:00,2025-12-11,3,Thursday,243,98.0021,0.00381311
2025-12-11 20:20:00,2025-12-11,3,Thursday,244,88.945,0.00346071
2025-12-11 20:25:00,2025-12-11,3,Thursday,245,128.0127,0.00498077
2025-12-11 20:30:00,2025-12-11,3,Thursday,246,125.4521,0.00488114
2025-12-11 20:35:00,2025-12-11,3,Thursday,247,117.494,0.00457151
2025-12-11 20:40:00,2025-12-11,3,Thursday,248,141.6156,0.00551004
2025-12-11 20:45:00,2025-12-11,3,Thursday,249,106.7147,0.0041521
2025-12-11 20:50:00,2025-12-11,3,Thursday,250,160.5608,0.00624717
2025-12-11 20:55:00,2025-12-11,3,Thursday,251,107.1099,0.00416748
2025-12-11 21:00:00,2025-12-11,3,Thursday,252,115.6743,0.00450071
2025-12-11 21:05:00,2025-12-11,3,Thursday,253,105.236,0.00409457
2025-12-11 21:10:00,2025-12-11,3,Thursday,254,118.6837,0.0046178
2025-12-11 21:15:00,2025-12-11,3,Thursday,255,127.0363,0.00494278
2025-12-11 21:20:00,2025-12-11,3,Thursday,256,111.4189,0.00433514
2025-12-11 21:25:00,2025-12-11,3,Thursday,257,144.145,0.00560846
2025-12-11 21:30:00,2025-12-11,3,Thursday,258,118.3564,0.00460506
2025-12-11 21:35:00,2025-12-11,3,Thursday,259,119.3433,0.00464346
2025-12-11 21:40:00,2025-12-11,3,Thursday,260,99.4145,0.00386806
2025-12-11 21:45:00,2025-12-11,3,Thursday,261,122.7679,0.00477671
2025-12-11 21:50:00,2025-12-11,3,Thursday,262,113.5798,0.00441921
2025-12-11 21:55:00,2025-12-11,3,Thursday,263,105.6806,0.00411187
2025-12-11 22:00:00,2025-12-11,3,Thursday,264,103.0703,0.0040103
2025-12-11 22:05:00,2025-12-11,3,Thursday,265,163.9047,0.00637727
2025-12-11 22:10:00,2025-12-11,3,Thursday,266,112.7126,0.00438547
2025-12-11 22:15:00,2025-12-11,3,Thursday,267,91.9583,0.00357795
2025-12-11 22:20:00,2025-12-11,3,Thursday,268,105.6305,0.00410992
2025-12-11 22:25:00,2025-12-11,3,Thursday,269,117.3701,0.00456669
2025-12-11 22:30:00,2025-12-11,3,Thursday,270,128.2906,0.00499158
2025-12-11 22:35:00,2025-12-11,3,Thursday,271,128.7259,0.00500852
2025-12-11 22:40:00,2025-12-11,3,Thursday,272,131.1769,0.00510389
2025-12-11 22:45:00,2025-12-11,3,Thursday,273,107.7866,0.00419381
2025-12-11 22:50:00,2025-12-11,3,Thursday,274,125.6584,0.00488917
2025-12-11 22:55:00,2025-12-11,3,Thursday,275,104.0246,0.00404743
2025-12-11 23:00:00,2025-12-11,3,Thursday,276,108.8069,0.00423351
2025-12-11 23:05:00,2025-12-11,3,Thursday,277,103.5979,0.00403083
2025-12-11 23:10:00,2025-12-11,3,Thursday,278,98.8546,0.00384628
2025-12-11 23:15:00,2025-12-11,3,Thursday,279,139.6743,0.00543451
2025-12-11 23:20:00,2025-12-11,3,Thursday,280,133.0349,0.00517618
2025-12-11 23:25:00,2025-12-11,3,Thursday,281,138.3795,0.00538413
2025-12-11 23:30:00,2025-12-11,3,Thursday,282,121.5115,0.00472782
2025-12-11 23:35:00,2025-12-11,3,Thursday,283,134.9711,0.00525151
2025-12-11 23:40:00,2025-12-11,3,Thursday,284,89.0002,0.00346286
2025-12-11 23:45:00,2025-12-11,3,Thursday,285,136.6774,0.0053179
2025-12-11 23:50:00,2025-12-11,3,Thursday,286,124.2663,0.00483501
2025-12-11 23:55:00,2025-12-11,3,Thursday,287,132.4628,0.00515392
2025-12-12 00:00:00,2025-12-12,4,Friday,0,121.3714,0.00409705
2025-12-12 00:05:00,2025-12-12,4,Friday,1,110.4446,0.00372821
2025-12-12 00:10:00,2025-12-12,4,Friday,2,127.215,0.00429431
2025-12-12 00:15:00,2025-12-12,4,Friday,3,154.4463,0.00521354
2025-12-12 00:20:00,2025-12-12,4,Friday,4,157.0483,0.00530138
2025-12-12 00:25:00,2025-12-12,4,Friday,5,113.0484,0.0038161
2025-12-12 00:30:00,2025-12-12,4,Friday,6,121.2152,0.00409178
2025-12-12 00:35:00,2025-12-12,4,Friday,7,126.606,0.00427376
2025-12-12 00:40:00,2025-12-12,4,Friday,8,134.2703,0.00453247
2025-12-12 00:45:00,2025-12-12,4,Friday,9,112.7638,0.00380649
2025-12-12 00:50:00,2025-12-12,4,Friday,10,111.3511,0.00375881
2025-12-12 00:55:00,2025-12-12,4,Friday,11,123.9258,0.00418328
2025-12-12 01:00:00,2025-12-12,4,Friday,12,142.9666,0.00482603
2025-12-12 01:05:00,2025-12-12,4,Friday,13,115.9582,0.00391432
2025-12-12 01:10:00,2025-12-12,4,Friday,14,138.2227,0.00466589
2025-12-12 01:15:00,2025-12-12,4,Friday,15,162.6959,0.00549202
2025-12-12 01:20:00,2025-12-12,4,Friday,16,112.7602,0.00380637
2025-12-12 01:25:00,2025-12-12,4,Friday,17,135.4928,0.00457374
2025-12-12 01:30:00,2025-12-12,4,Friday,18,160.9509,0.00543312
2025-12-12 01:35:00,2025-12-12,4,Friday,19,130.4421,0.00440325
2025-12-12 01:40:00,2025-12-12,4,Friday,20,126.8782,0.00428295
2025-12-12 01:45:00,2025-12-12,4,Friday,21,162.6217,0.00548952
2025-12-12 01:50:00,2025-12-12,4,Friday,22,131.7325,0.00444681
2025-12-12 01:55:00,2025-12-12,4,Friday,23,160.4839,0.00541735
2025-12-12 02:00:00,2025-12-12,4,Friday,24,146.0909,0.00493149
2025-12-12 02:05:00,2025-12-12,4,Friday,25,129.7906,0.00438126
2025-12-12 02:10:00,2025-12-12,4,Friday,26,146.1925,0.00493493
2025-12-12 02:15:00,2025-12-12,4,Friday,27,142.4495,0.00480857
2025-12-12 02:20:00,2025-12-12,4,Friday,28,156.1777,0.00527199
2025-12-12 02:25:00,2025-12-12,4,Friday,29,123.8446,0.00418054
2025-12-12 02:30:00,2025-12-12,4,Friday,30,135.2663,0.0045661
2025-12-12 02:35:00,2025-12-12,4,Friday,31,132.6764,0.00447867
2025-12-12 02:40:00,2025-12-12,4,Friday,32,147.4616,0.00497777
2025-12-12 02:45:00,2025-12-12,4,Friday,33,112.3974,0.00379413
2025-12-12 02:50:00,2025-12-12,4,Friday,34,152.4319,0.00514554
2025-12-12 02:55:00,2025-12-12,4,Friday,35,140.8879,0.00475586
2025-12-12 03:00:00,2025-12-12,4,Friday,36,105.1901,0.00355083
2025-12-12 03:05:00,2025-12-12,4,Friday,37,154.1263,0.00520274
2025-12-12 03:10:00,2025-12-12,4,Friday,38,173.3776,0.0058526
2025-12-12 03:15:00,2025-12-12,4,Friday,39,148.6485,0.00501783
2025-12-12 03:20:00,2025-12-12,4,Friday,40,156.1087,0.00526966
2025-12-12 03:25:00,2025-12-12,4,Friday,41,129.5683,0.00437375
2025-12-12 03:30:00,2025-12-12,4,Friday,42,95.546,0.00322528
2025-12-12 03:35:00,2025-12-12,4,Friday,43,91.5694,0.00309105
2025-12-12 03:40:00,2025-12-12,4,Friday,44,130.7132,0.0044124
2025-12-12 03:45:00,2025-12-12,4,Friday,45,114.0795,0.00385091
2025-12-12 03:50:00,2025-12-12,4,Friday,46,107.4088,0.00362573
2025-12-12 03:55:00,2025-12-12,4,Friday,47,122.602,0.00413859
2025-12-12 04:00:00,2025-12-12,4,Friday,48,134.3984,0.0045368
2025-12-12 04:05:00,2025-12-12,4,Friday,49,95.6482,0.00322873
2025-12-12 04:10:00,2025-12-12,4,Friday,50,113.367,0.00382686
2025-12-12 04:15:00,2025-12-12,4,Friday,51,148.1529,0.0050011
2025-12-12 04:20:00,2025-12-12,4,Friday,52,100.6707,0.00339828
2025-12-12 04:25:00,2025-12-12,4,Friday,53,134.8178,0.00455096
2025-12-12 04:30:00,2025-12-12,4,Friday,54,109.8646,0.00370863
2025-12-12 04:35:00,2025-12-12,4,Friday,55,127.328,0.00429813
2025-12-12 04:40:00,2025-12-12,4,Friday,56,136.1408,0.00459562
2025-12-12 04:45:00,2025-12-12,4,Friday,57,129.009,0.00435487
2025-12-12 04:50:00,2025-12-12,4,Friday,58,131.0172,0.00442266
2025-12-12 04:55:00,2025-12-12,4,Friday,59,94.7073,0.00319697
2025-12-12 05:00:00,2025-12-12,4,Friday,60,132.6545,0.00447793
2025-12-12 05:05:00,2025-12-12,4,Friday,61,98.4121,0.00332203
2025-12-12 05:10:00,2025-12-12,4,Friday,62,116.3811,0.0039286
2025-12-12 05:15:00,2025-12-12,4,Friday,63,115.4977,0.00389878
2025-12-12 05:20:00,2025-12-12,4,Friday,64,118.3879,0.00399634
2025-12-12 05:25:00,2025-12-12,4,Friday,65,115.0566,0.00388389
2025-12-12 05:30:00,2025-12-12,4,Friday,66,94.9259,0.00320435
2025-12-12 05:35:00,2025-12-12,4,Friday,67,86.0048,0.00290321
2025-12-12 05:40:00,2025-12-12,4,Friday,68,120.9976,0.00408444
2025-12-12 05:45:00,2025-12-12,4,Friday,69,109.1106,0.00368318
2025-12-12 05:50:00,2025-12-12,4,Friday,70,123.4606,0.00416758
2025-12-12 05:55:00,2025-12-12,4,Friday,71,103.7572,0.00350246
2025-12-12 06:00:00,2025-12-12,4,Friday,72,81.772,0.00276032
2025-12-12 06:05:00,2025-12-12,4,Friday,73,117.6552,0.00397161
2025-12-12 06:10:00,2025-12-12,4,Friday,74,96.2537,0.00324917
2025-12-12 06:15:00,2025-12-12,4,Friday,75,106.2542,0.00358675
2025-12-12 06:20:00,2025-12-12,4,Friday,76,90.4905,0.00305463
2025-12-12 06:25:00,2025-12-12,4,Friday,77,123.8923,0.00418215
2025-12-12 06:30:00,2025-12-12,4,Friday,78,85.5826,0.00288896
2025-12-12 06:35:00,2025-12-12,4,Friday,79,92.7549,0.00313107
2025-12-12 06:40:00,2025-12-12,4,Friday,80,98.4247,0.00332246
2025-12-12 06:45:00,2025-12-12,4,Friday,81,80.298,0.00271057
2025-12-12 06:50:00,2025-12-12,4,Friday,82,99.9208,0.00337296
2025-12-12 06:55:00,2025-12-12,4,Friday,83,117.1942,0.00395605
2025-12-12 07:00:00,2025-12-12,4,Friday,84,86.6716,0.00292572
2025-12-12 07:05:00,2025-12-12,4,Friday,85,98.2347,0.00331605
2025-12-12 07:10:00,2025-12-12,4,Friday,86,54.0148,0.00182334
2025-12-12 07:15:00,2025-12-12,4,Friday,87,90.5892,0.00305796
2025-12-12 07:20:00,2025-12-12,4,Friday,88,86.0805,0.00290576
2025-12-12 07:25:00,2025-12-12,4,Friday,89,78.5365,0.00265111
2025-12-12 07:30:00,2025-12-12,4,Friday,90,103.1372,0.00348154
2025-12-12 07:35:00,2025-12-12,4,Friday,91,83.6576,0.00282398
2025-12-12 07:40:00,2025-12-12,4,Friday,92,84.869,0.00286487
2025-12-12 07:45:00,2025-12-12,4,Friday,93,81.5359,0.00275236
2025-12-12 07:50:00,2025-12-12,4,Friday,94,61.0378,0.00206041
2025-12-12 07:55:00,2025-12-12,4,Friday,95,70.5026,0.00237991
2025-12-12 08:00:00,2025-12-12,4,Friday,96,96.3197,0.0032514
2025-12-12 08:05:00,2025-12-12,4,Friday,97,57.0415,0.00192551
2025-12-12 08:10:00,2025-12-12,4,Friday,98,73.2242,0.00247178
2025-12-12 08:15:00,2025-12-12,4,Friday,99,77.1064,0.00260283
2025-12-12 08:20:00,2025-12-12,4,Friday,100,102.5947,0.00346322
2025-12-12 08:25:00,2025-12-12,4,Friday,101,89.9323,0.00303579
2025-12-12 08:30:00,2025-12-12,4,Friday,102,73.2752,0.0024735
2025-12-12 08:35:00,2025-12-12,4,Friday,103,94.8063,0.00320031
2025-12-12 08:40:00,2025-12-12,4,Friday,104,69.901,0.0023596
2025-12-12 08:45:00,2025-12-12,4,Friday,105,89.7976,0.00303124
2025-12-12 08:50:00,2025-12-12,4,Friday,106,61.5925,0.00207914
2025-12-12 08:55:00,2025-12-12,4,Friday,107,89.0971,0.00300759
2025-12-12 09:00:00,2025-12-12,4,Friday,108,71.4984,0.00241352
2025-12-12 09:05:00,2025-12-12,4,Friday,109,63.8892,0.00215667
2025-12-12 09:10:00,2025-12-12,4,Friday,110,72.5226,0.0024481
2025-12-12 09:15:00,2025-12-12,4,Friday,111,77.4936,0.0026159
2025-12-12 09:20:00,2025-12-12,4,Friday,112,68.3663,0.0023078
2025-12-12 09:25:00,2025-12-12,4,Friday,113,79.4004,0.00268027
2025-12-12 09:30:00,2025-12-12,4,Friday,114,66.4205,0.00224212
2025-12-12 09:35:00,2025-12-12,4,Friday,115,79.0027,0.00266684
2025-12-12 09:40:00,2025-12-12,4,Friday,116,76.5448,0.00258387
2025-12-12 09:45:00,2025-12-12,4,Friday,117,70.653,0.00238499
2025-12-12 09:50:00,2025-12-12,4,Friday,118,66.1512,0.00223302
2025-12-12 09:55:00,2025-12-12,4,Friday,119,71.9939,0.00243025
2025-12-12 10:00:00,2025-12-12,4,Friday,120,75.7365,0.00255659
2025-12-12 10:05:00,2025-12-12,4,Friday,121,91.0547,0.00307368
2025-12-12 10:10:00,2025-12-12,4,Friday,122,78.8903,0.00266305
2025-12-12 10:15:00,2025-12-12,4,Friday,123,78.8303,0.00266102
2025-12-12 10:20:00,2025-12-12,4,Friday,124,100.0835,0.00337846
2025-12-12 10:25:00,2025-12-12,4,Friday,125,73.3134,0.00247479
2025-12-12 10:30:00,2025-12-12,4,Friday,126,72.6367,0.00245195
2025-12-12 10:35:00,2025-12-12,4,Friday,127,74.5157,0.00251538
2025-12-12 10:40:00,2025-12-12,4,Friday,128,56.9445,0.00192224
2025-12-12 10:45:00,2025-12-12,4,Friday,129,62.3694,0.00210536
2025-12-12 10:50:00,2025-12-12,4,Friday,130,61.5016,0.00207607
2025-12-12 10:55:00,2025-12-12,4,Friday,131,72.7501,0.00245578
2025-12-12 11:00:00,2025-12-12,4,Friday,132,64.354,0.00217236
2025-12-12 11:05:00,2025-12-12,4,Friday,133,67.2357,0.00226963
2025-12-12 11:10:00,2025-12-12,4,Friday,134,76.3907,0.00257867
2025-12-12 11:15:00,2025-12-12,4,Friday,135,73.984,0.00249743
2025-12-12 11:20:00,2025-12-12,4,Friday,136,63.7616,0.00215236
2025-12-12 11:25:00,2025-12-12,4,Friday,137,58.6553,0.00197999
2025-12-12 11:30:00,2025-12-12,4,Friday,138,76.173,0.00257132
2025-12-12 11:35:00,2025-12-12,4,Friday,139,72.5315,0.0024484
2025-12-12 11:40:00,2025-12-12,4,Friday,140,49.2664,0.00166305
2025-12-12 11:45:00,2025-12-12,4,Friday,141,61.794,0.00208594
2025-12-12 11:50:00,2025-12-12,4,Friday,142,66.4022,0.0022415
2025-12-12 11:55:00,2025-12-12,4,Friday,143,72.332,0.00244167
2025-12-12 12:00:00,2025-12-12,4,Friday,144,73.5968,0.00248436
2025-12-12 12:05:00,2025-12-12,4,Friday,145,67.5239,0.00227936
2025-12-12 12:10:00,2025-12-12,4,Friday,146,70.4816,0.0023792
2025-12-12 12:15:00,2025-12-12,4,Friday,147,65.4635,0.00220981
2025-12-12 12:20:00,2025-12-12,4,Friday,148,58.344,0.00196948
2025-12-12 12:25:00,2025-12-12,4,Friday,149,62.4406,0.00210777
2025-12-12 12:30:00,2025-12-12,4,Friday,150,65.2744,0.00220342
2025-12-12 12:35:00,2025-12-12,4,Friday,151,64.8695,0.00218976
2025-12-12 12:40:00,2025-12-12,4,Friday,152,46.8644,0.00158197
2025-12-12 12:45:00,2025-12-12,4,Friday,153,61.5977,0.00207931
2025-12-12 12:50:00,2025-12-12,4,Friday,154,66.2313,0.00223573
2025-12-12 12:55:00,2025-12-12,4,Friday,155,63.0899,0.00212969
2025-12-12 13:00:00,2025-12-12,4,Friday,156,63.6339,0.00214805
2025-12-12 13:05:00,2025-12-12,4,Friday,157,71.1625,0.00240219
2025-12-12 13:10:00,2025-12-12,4,Friday,158,55.7834,0.00188304
2025-12-12 13:15:00,2025-12-12,4,Friday,159,50.501,0.00170473
2025-12-12 13:20:00,2025-12-12,4,Friday,160,63.5954,0.00214675
2025-12-12 13:25:00,2025-12-12,4,Friday,161,75.1233,0.00253589
2025-12-12 13:30:00,2025-12-12,4,Friday,162,84.8548,0.00286439
2025-12-12 13:35:00,2025-12-12,4,Friday,163,76.0303,0.0025665
2025-12-12 13:40:00,2025-12-12,4,Friday,164,53.3332,0.00180033
2025-12-12 13:45:00,2025-12-12,4,Friday,165,66.3667,0.0022403
2025-12-12 13:50:00,2025-12-12,4,Friday,166,71.8084,0.00242399
2025-12-12 13:55:00,2025-12-12,4,Friday,167,71.3988,0.00241016
2025-12-12 14:00:00,2025-12-12,4,Friday,168,75.6216,0.00255271
2025-12-12 14:05:00,2025-12-12,4,Friday,169,60.7106,0.00204937
2025-12-12 14:10:00,2025-12-12,4,Friday,170,71.5315,0.00241464
2025-12-12 14:15:00,2025-12-12,4,Friday,171,75.8003,0.00255874
2025-12-12 14:20:00,2025-12-12,4,Friday,172,80.6736,0.00272325
2025-12-12 14:25:00,2025-12-12,4,Friday,173,63.5417,0.00214494
2025-12-12 14:30:00,2025-12-12,4,Friday,174,69.0172,0.00232977
2025-12-12 14:35:00,2025-12-12,4,Friday,175,43.5768,0.00147099
2025-12-12 14:40:00,2025-12-12,4,Friday,176,66.9627,0.00226042
2025-12-12 14:45:00,2025-12-12,4,Friday,177,68.5462,0.00231387
2025-12-12 14:50:00,2025-12-12,4,Friday,178,63.4995,0.00214351
2025-12-12 14:55:00,2025-12-12,4,Friday,179,77.4204,0.00261343
2025-12-12 15:00:00,2025-12-12,4,Friday,180,75.4977,0.00254853
2025-12-12 15:05:00,2025-12-12,4,Friday,181,50.7358,0.00171266
2025-12-12 15:10:00,2025-12-12,4,Friday,182,79.8619,0.00269585
2025-12-12 15:15:00,2025-12-12,4,Friday,183,67.132,0.00226613
2025-12-12 15:20:00,2025-12-12,4,Friday,184,84.3645,0.00284784
2025-12-12 15:25:00,2025-12-12,4,Friday,185,64.045,0.00216193
2025-12-12 15:30:00,2025-12-12,4,Friday,186,80.3176,0.00271123
2025-12-12 15:35:00,2025-12-12,4,Friday,187,77.2108,0.00260636
2025-12-12 15:40:00,2025-12-12,4,Friday,188,85.0222,0.00287004
2025-12-12 15:45:00,2025-12-12,4,Friday,189,83.5586,0.00282063
2025-12-12 15:50:00,2025-12-12,4,Friday,190,79.5676,0.00268591
2025-12-12 15:55:00,2025-12-12,4,Friday,191,64.2229,0.00216793
2025-12-12 16:00:00,2025-12-12,4,Friday,192,65.53,0.00221205
2025-12-12 16:05:00,2025-12-12,4,Friday,193,77.4844,0.00261559
2025-12-12 16:10:00,2025-12-12,4,Friday,194,85.5633,0.00288831
2025-12-12 16:15:00,2025-12-12,4,Friday,195,78.5406,0.00265124
2025-12-12 16:20:00,2025-12-12,4,Friday,196,95.3669,0.00321924
2025-12-12 16:25:00,2025-12-12,4,Friday,197,84.278,0.00284492
2025-12-12 16:30:00,2025-12-12,4,Friday,198,75.8962,0.00256198
2025-12-12 16:35:00,2025-12-12,4,Friday,199,85.7937,0.00289608
2025-12-12 16:40:00,2025-12-12,4,Friday,200,93.3817,0.00315222
2025-12-12 16:45:00,2025-12-12,4,Friday,201,95.5619,0.00322582
2025-12-12 16:50:00,2025-12-12,4,Friday,202,117.8279,0.00397744
2025-12-12 16:55:00,2025-12-12,4,Friday,203,83.433,0.00281639
2025-12-12 17:00:00,2025-12-12,4,Friday,204,92.5232,0.00312325
2025-12-12 17:05:00,2025-12-12,4,Friday,205,100.4078,0.0033894
2025-12-12 17:10:00,2025-12-12,4,Friday,206,94.8665,0.00320235
2025-12-12 17:15:00,2025-12-12,4,Friday,207,88.8193,0.00299821
2025-12-12 17:20:00,2025-12-12,4,Friday,208,74.3536,0.00250991
2025-12-12 17:25:00,2025-12-12,4,Friday,209,90.2136,0.00304528
2025-12-12 17:30:00,2025-12-12,4,Friday,210,82.6688,0.0027906
2025-12-12 17:35:00,2025-12-12,4,Friday,211,73.6419,0.00248588
2025-12-12 17:40:00,2025-12-12,4,Friday,212,88.2622,0.00297941
2025-12-12 17:45:00,2025-12-12,4,Friday,213,85.195,0.00287587
2025-12-12 17:50:00,2025-12-12,4,Friday,214,110.8402,0.00374156
2025-12-12 17:55:00,2025-12-12,4,Friday,215,112.0284,0.00378167
2025-12-12 18:00:00,2025-12-12,4,Friday,216,89.5628,0.00302331
2025-12-12 18:05:00,2025-12-12,4,Friday,217,100.3806,0.00338848
2025-12-12 18:10:00,2025-12-12,4,Friday,218,75.9528,0.00256389
2025-12-12 18:15:00,2025-12-12,4,Friday,219,98.2804,0.00331759
2025-12-12 18:20:00,2025-12-12,4,Friday,220,113.4003,0.00382798
2025-12-12 18:25:00,2025-12-12,4,Friday,221,121.1846,0.00409075
2025-12-12 18:30:00,2025-12-12,4,Friday,222,97.0576,0.00327631
2025-12-12 18:35:00,2025-12-12,4,Friday,223,126.8011,0.00428034
2025-12-12 18:40:00,2025-12-12,4,Friday,224,85.2672,0.00287831
2025-12-12 18:45:00,2025-12-12,4,Friday,225,90.3818,0.00305096
2025-12-12 18:50:00,2025-12-12,4,Friday,226,123.9445,0.00418391
2025-12-12 18:55:00,2025-12-12,4,Friday,227,141.1323,0.00476411
2025-12-12 19:00:00,2025-12-12,4,Friday,228,122.0796,0.00412096
2025-12-12 19:05:00,2025-12-12,4,Friday,229,113.7902,0.00384114
2025-12-12 19:10:00,2025-12-12,4,Friday,230,77.3303,0.00261039
2025-12-12 19:15:00,2025-12-12,4,Friday,231,80.8788,0.00273017
2025-12-12 19:20:00,2025-12-12,4,Friday,232,119.1685,0.00402269
2025-12-12 19:25:00,2025-12-12,4,Friday,233,111.3714,0.00375949
2025-12-12 19:30:00,2025-12-12,4,Friday,234,98.8265,0.00333602
2025-12-12 19:35:00,2025-12-12,4,Friday,235,120.4311,0.00406531
2025-12-12 19:40:00,2025-12-12,4,Friday,236,122.1037,0.00412178
2025-12-12 19:45:00,2025-12-12,4,Friday,237,137.9073,0.00465525
2025-12-12 19:50:00,2025-12-12,4,Friday,238,124.0418,0.0041872
2025-12-12 19:55:00,2025-12-12,4,Friday,239,144.8334,0.00488905
2025-12-12 20:00:00,2025-12-12,4,Friday,240,123.185,0.00415828
2025-12-12 20:05:00,2025-12-12,4,Friday,241,121.6257,0.00410564
2025-12-12 20:10:00,2025-12-12,4,Friday,242,144.3606,0.00487309
2025-12-12 20:15:00,2025-12-12,4,Friday,243,106.8219,0.00360592
2025-12-12 20:20:00,2025-12-12,4,Friday,244,179.0454,0.00604392
2025-12-12 20:25:00,2025-12-12,4,Friday,245,133.7105,0.00451358
2025-12-12 20:30:00,2025-12-12,4,Friday,246,134.5331,0.00454135
2025-12-12 20:35:00,2025-12-12,4,Friday,247,138.0064,0.00465859
2025-12-12 20:40:00,2025-12-12,4,Friday,248,164.7911,0.00556275
2025-12-12 20:45:00,2025-12-12,4,Friday,249,144.5908,0.00488086
2025-12-12 20:50:00,2025-12-12,4,Friday,250,98.595,0.00332821
2025-12-12 20:55:00,2025-12-12,4,Friday,251,157.9469,0.00533171
2025-12-12 21:00:00,2025-12-12,4,Friday,252,124.3814,0.00419866
2025-12-12 21:05:00,2025-12-12,4,Friday,253,133.7936,0.00451638
2025-12-12 21:10:00,2025-12-12,4,Friday,254,106.8781,0.00360782
2025-12-12 21:15:00,2025-12-12,4,Friday,255,143.3061,0.00483749
2025-12-12 21:20:00,2025-12-12,4,Friday,256,120.3428,0.00406233
2025-12-12 21:25:00,2025-12-12,4,Friday,257,135.9241,0.0045883
2025-12-12 21:30:00,2025-12-12,4,Friday,258,128.7064,0.00434466
2025-12-12 21:35:00,2025-12-12,4,Friday,259,173.9094,0.00587055
2025-12-12 21:40:00,2025-12-12,4,Friday,260,175.7087,0.00593128
2025-12-12 21:45:00,2025-12-12,4,Friday,261,136.8646,0.00462005
2025-12-12 21:50:00,2025-12-12,4,Friday,262,137.6883,0.00464786
2025-12-12 21:55:00,2025-12-12,4,Friday,263,129.1626,0.00436006
2025-12-12 22:00:00,2025-12-12,4,Friday,264,160.0304,0.00540204
2025-12-12 22:05:00,2025-12-12,4,Friday,265,130.8822,0.0044181
2025-12-12 22:10:00,2025-12-12,4,Friday,266,129.3479,0.00436631
2025-12-12 22:15:00,2025-12-12,4,Friday,267,158.7815,0.00535989
2025-12-12 22:20:00,2025-12-12,4,Friday,268,127.6148,0.00430781
2025-12-12 22:25:00,2025-12-12,4,Friday,269,138.3857,0.0046714
2025-12-12 22:30:00,2025-12-12,4,Friday,270,106.4163,0.00359223
2025-12-12 22:35:00,2025-12-12,4,Friday,271,154.5919,0.00521846
2025-12-12 22:40:00,2025-12-12,4,Friday,272,180.9147,0.00610702
2025-12-12 22:45:00,2025-12-12,4,Friday,273,155.5917,0.00525221
2025-12-12 22:50:00,2025-12-12,4,Friday,274,171.51,0.00578955
2025-12-12 22:55:00,2025-12-12,4,Friday,275,123.0283,0.00415299
2025-12-12 23:00:00,2025-12-12,4,Friday,276,146.1437,0.00493328
2025-12-12 23:05:00,2025-12-12,4,Friday,277,121.3534,0.00409645
2025-12-12 23:10:00,2025-12-12,4,Friday,278,136.7076,0.00461475
2025-12-12 23:15:00,2025-12-12,4,Friday,279,158.1333,0.005338
2025-12-12 23:20:00,2025-12-12,4,Friday,280,144.041,0.0048623
2025-12-12 23:25:00,2025-12-12,4,Friday,281,111.9204,0.00377802
2025-12-12 23:30:00,2025-12-12,4,Friday,282,114.0958,0.00385146
2025-12-12 23:35:00,2025-12-12,4,Friday,283,112.7663,0.00380658
2025-12-12 23:40:00,2025-12-12,4,Friday,284,152.8078,0.00515823
2025-12-12 23:45:00,2025-12-12,4,Friday,285,186.4602,0.00629422
2025-12-12 23:50:00,2025-12-12,4,Friday,286,171.5351,0.0057904
2025-12-12 23:55:00,2025-12-12,4,Friday,287,101.9412,0.00344116
2025-12-13 00:00:00,2025-12-13,5,Saturday,0,164.897,0.00538415
2025-12-13 00:05:00,2025-12-13,5,Saturday,1,111.0661,0.00362649
2025-12-13 00:10:00,2025-12-13,5,Saturday,2,137.9764,0.00450515
2025-12-13 00:15:00,2025-12-13,5,Saturday,3,168.2498,0.00549362
2025-12-13 00:20:00,2025-12-13,5,Saturday,4,156.3636,0.00510552
2025-12-13 00:25:00,2025-12-13,5,Saturday,5,116.0078,0.00378784
2025-12-13 00:30:00,2025-12-13,5,Saturday,6,157.4658,0.00514151
2025-12-13 00:35:00,2025-12-13,5,Saturday,7,97.9178,0.00319717
2025-12-13 00:40:00,2025-12-13,5,Saturday,8,139.1765,0.00454433
2025-12-13 00:45:00,2025-12-13,5,Saturday,9,168.3814,0.00549792
2025-12-13 00:50:00,2025-12-13,5,Saturday,10,144.0498,0.00470346
2025-12-13 00:55:00,2025-12-13,5,Saturday,11,132.7216,0.00433357
2025-12-13 01:00:00,2025-12-13,5,Saturday,12,162.3536,0.0053011
2025-12-13 01:05:00,2025-12-13,5,Saturday,13,163.9231,0.00535235
2025-12-13 01:10:00,2025-12-13,5,Saturday,14,170.8168,0.00557744
2025-12-13 01:15:00,2025-12-13,5,Saturday,15,161.1839,0.00526291
2025-12-13 01:20:00,2025-12-13,5,Saturday,16,165.2774,0.00539657
2025-12-13 01:25:00,2025-12-13,5,Saturday,17,157.5077,0.00514288
2025-12-13 01:30:00,2025-12-13,5,Saturday,18,147.2258,0.00480716
2025-12-13 01:35:00,2025-12-13,5,Saturday,19,143.1451,0.00467392
2025-12-13 01:40:00,2025-12-13,5,Saturday,20,135.8793,0.00443668
2025-12-13 01:45:00,2025-12-13,5,Saturday,21,114.9669,0.00375385
2025-12-13 01:50:00,2025-12-13,5,Saturday,22,120.0521,0.00391989
2025-12-13 01:55:00,2025-12-13,5,Saturday,23,133.8163,0.00436932
2025-12-13 02:00:00,2025-12-13,5,Saturday,24,144.3504,0.00471327
2025-12-13 02:05:00,2025-12-13,5,Saturday,25,168.879,0.00551417
2025-12-13 02:10:00,2025-12-13,5,Saturday,26,137.5448,0.00449106
2025-12-13 02:15:00,2025-12-13,5,Saturday,27,158.7058,0.005182
2025-12-13 02:20:00,2025-12-13,5,Saturday,28,159.7106,0.00521481
2025-12-13 02:25:00,2025-12-13,5,Saturday,29,132.2009,0.00431657
2025-12-13 02:30:00,2025-12-13,5,Saturday,30,148.6103,0.00485236
2025-12-13 02:35:00,2025-12-13,5,Saturday,31,130.9437,0.00427552
2025-12-13 02:40:00,2025-12-13,5,Saturday,32,162.2077,0.00529634
2025-12-13 02:45:00,2025-12-13,5,Saturday,33,147.6594,0.00482132
2025-12-13 02:50:00,2025-12-13,5,Saturday,34,110.2587,0.00360012
2025-12-13 02:55:00,2025-12-13,5,Saturday,35,136.878,0.00446929
2025-12-13 03:00:00,2025-12-13,5,Saturday,36,165.9278,0.00541781
2025-12-13 03:05:00,2025-12-13,5,Saturday,37,128.8236,0.0042063
2025-12-13 03:10:00,2025-12-13,5,Saturday,38,140.6467,0.00459234
2025-12-13 03:15:00,2025-12-13,5,Saturday,39,141.8943,0.00463308
2025-12-13 03:20:00,2025-12-13,5,Saturday,40,110.2099,0.00359853
2025-12-13 03:25:00,2025-12-13,5,Saturday,41,139.7835,0.00456415
2025-12-13 03:30:00,2025-12-13,5,Saturday,42,102.1561,0.00333556
2025-12-13 03:35:00,2025-12-13,5,Saturday,43,116.4159,0.00380117
2025-12-13 03:40:00,2025-12-13,5,Saturday,44,148.3902,0.00484518
2025-12-13 03:45:00,2025-12-13,5,Saturday,45,133.8625,0.00437082
2025-12-13 03:50:00,2025-12-13,5,Saturday,46,120.5721,0.00393687
2025-12-13 03:55:00,2025-12-13,5,Saturday,47,134.024,0.0043761
2025-12-13 04:00:00,2025-12-13,5,Saturday,48,123.746,0.00404051
2025-12-13 04:05:00,2025-12-13,5,Saturday,49,124.3561,0.00406043
2025-12-13 04:10:00,2025-12-13,5,Saturday,50,135.5173,0.00442486
2025-12-13 04:15:00,2025-12-13,5,Saturday,51,109.22,0.00356621
2025-12-13 04:20:00,2025-12-13,5,Saturday,52,122.5572,0.00400169
2025-12-13 04:25:00,2025-12-13,5,Saturday,53,115.3672,0.00376692
2025-12-13 04:30:00,2025-12-13,5,Saturday,54,91.6462,0.00299239
2025-12-13 04:35:00,2025-12-13,5,Saturday,55,102.9552,0.00336165
2025-12-13 04:40:00,2025-12-13,5,Saturday,56,146.5502,0.0047851
2025-12-13 04:45:00,2025-12-13,5,Saturday,57,124.6302,0.00406938
2025-12-13 04:50:00,2025-12-13,5,Saturday,58,93.7813,0.00306211
2025-12-13 04:55:00,2025-12-13,5,Saturday,59,89.3436,0.00291721
2025-12-13 05:00:00,2025-12-13,5,Saturday,60,113.4202,0.00370335
2025-12-13 05:05:00,2025-12-13,5,Saturday,61,141.3476,0.00461522
2025-12-13 05:10:00,2025-12-13,5,Saturday,62,110.505,0.00360817
2025-12-13 05:15:00,2025-12-13,5,Saturday,63,134.9719,0.00440705
2025-12-13 05:20:00,2025-12-13,5,Saturday,64,117.9151,0.00385012
2025-12-13 05:25:00,2025-12-13,5,Saturday,65,119.0109,0.0038859
2025-12-13 05:30:00,2025-12-13,5,Saturday,66,88.2022,0.00287994
2025-12-13 05:35:00,2025-12-13,5,Saturday,67,124.8395,0.00407621
2025-12-13 05:40:00,2025-12-13,5,Saturday,68,103.1362,0.00336756
2025-12-13 05:45:00,2025-12-13,5,Saturday,69,121.6817,0.0039731
2025-12-13 05:50:00,2025-12-13,5,Saturday,70,93.8229,0.00306347
2025-12-13 05:55:00,2025-12-13,5,Saturday,71,108.8307,0.0035535
2025-12-13 06:00:00,2025-12-13,5,Saturday,72,110.7072,0.00361477
2025-12-13 06:05:00,2025-12-13,5,Saturday,73,101.885,0.00332671
2025-12-13 06:10:00,2025-12-13,5,Saturday,74,109.7116,0.00358226
2025-12-13 06:15:00,2025-12-13,5,Saturday,75,98.4771,0.00321543
2025-12-13 06:20:00,2025-12-13,5,Saturday,76,91.815,0.00299791
2025-12-13 06:25:00,2025-12-13,5,Saturday,77,125.1519,0.00408641
2025-12-13 06:30:00,2025-12-13,5,Saturday,78,115.7435,0.00377921
2025-12-13 06:35:00,2025-12-13,5,Saturday,79,87.8396,0.0028681
2025-12-13 06:40:00,2025-12-13,5,Saturday,80,106.6899,0.0034836
2025-12-13 06:45:00,2025-12-13,5,Saturday,81,86.6045,0.00282778
2025-12-13 06:50:00,2025-12-13,5,Saturday,82,79.4505,0.00259418
2025-12-13 06:55:00,2025-12-13,5,Saturday,83,110.6354,0.00361242
2025-12-13 07:00:00,2025-12-13,5,Saturday,84,70.6786,0.00230777
2025-12-13 07:05:00,2025-12-13,5,Saturday,85,107.2059,0.00350044
2025-12-13 07:10:00,2025-12-13,5,Saturday,86,89.7605,0.00293082
2025-12-13 07:15:00,2025-12-13,5,Saturday,87,89.5451,0.00292379
2025-12-13 07:20:00,2025-12-13,5,Saturday,88,97.3022,0.00317707
2025-12-13 07:25:00,2025-12-13,5,Saturday,89,98.7844,0.00322547
2025-12-13 07:30:00,2025-12-13,5,Saturday,90,78.901,0.00257624
2025-12-13 07:35:00,2025-12-13,5,Saturday,91,98.8845,0.00322874
2025-12-13 07:40:00,2025-12-13,5,Saturday,92,89.9947,0.00293847
2025-12-13 07:45:00,2025-12-13,5,Saturday,93,71.1881,0.00232441
2025-12-13 07:50:00,2025-12-13,5,Saturday,94,84.7313,0.00276661
2025-12-13 07:55:00,2025-12-13,5,Saturday,95,104.0456,0.00339726
2025-12-13 08:00:00,2025-12-13,5,Saturday,96,106.9253,0.00349128
2025-12-13 08:05:00,2025-12-13,5,Saturday,97,93.8119,0.00306311
2025-12-13 08:10:00,2025-12-13,5,Saturday,98,68.9751,0.00225215
2025-12-13 08:15:00,2025-12-13,5,Saturday,99,89.3734,0.00291818
2025-12-13 08:20:00,2025-12-13,5,Saturday,100,93.0712,0.00303893
2025-12-13 08:25:00,2025-12-13,5,Saturday,101,90.7464,0.00296301
2025-12-13 08:30:00,2025-12-13,5,Saturday,102,90.7045,0.00296165
2025-12-13 08:35:00,2025-12-13,5,Saturday,103,84.8578,0.00277074
2025-12-13 08:40:00,2025-12-13,5,Saturday,104,78.941,0.00257755
2025-12-13 08:45:00,2025-12-13,5,Saturday,105,71.9316,0.00234868
2025-12-13 08:50:00,2025-12-13,5,Saturday,106,56.1621,0.00183378
2025-12-13 08:55:00,2025-12-13,5,Saturday,107,81.8545,0.00267268
2025-12-13 09:00:00,2025-12-13,5,Saturday,108,79.4281,0.00259345
2025-12-13 09:05:00,2025-12-13,5,Saturday,109,83.0823,0.00271277
2025-12-13 09:10:00,2025-12-13,5,Saturday,110,60.8174,0.00198579
2025-12-13 09:15:00,2025-12-13,5,Saturday,111,82.8132,0.00270398
2025-12-13 09:20:00,2025-12-13,5,Saturday,112,98.0449,0.00320132
2025-12-13 09:25:00,2025-12-13,5,Saturday,113,75.2772,0.00245792
2025-12-13 09:30:00,2025-12-13,5,Saturday,114,73.1873,0.00238968
2025-12-13 09:35:00,2025-12-13,5,Saturday,115,76.7544,0.00250615
2025-12-13 09:40:00,2025-12-13,5,Saturday,116,95.0626,0.00310395
2025-12-13 09:45:00,2025-12-13,5,Saturday,117,61.2557,0.0020001
2025-12-13 09:50:00,2025-12-13,5,Saturday,118,74.089,0.00241912
2025-12-13 09:55:00,2025-12-13,5,Saturday,119,62.8737,0.00205293
2025-12-13 10:00:00,2025-12-13,5,Saturday,120,65.1789,0.0021282
2025-12-13 10:05:00,2025-12-13,5,Saturday,121,70.0579,0.0022875
2025-12-13 10:10:00,2025-12-13,5,Saturday,122,84.3601,0.00275449
2025-12-13 10:15:00,2025-12-13,5,Saturday,123,88.6418,0.0028943
2025-12-13 10:20:00,2025-12-13,5,Saturday,124,74.0827,0.00241892
2025-12-13 10:25:00,2025-12-13,5,Saturday,125,65.1602,0.00212758
2025-12-13 10:30:00,2025-12-13,5,Saturday,126,94.42,0.00308297
2025-12-13 10:35:00,2025-12-13,5,Saturday,127,64.0161,0.00209023
2025-12-13 10:40:00,2025-12-13,5,Saturday,128,62.2658,0.00203308
2025-12-13 10:45:00,2025-12-13,5,Saturday,129,49.7595,0.00162473
2025-12-13 10:50:00,2025-12-13,5,Saturday,130,81.6922,0.00266738
2025-12-13 10:55:00,2025-12-13,5,Saturday,131,77.0713,0.0025165
2025-12-13 11:00:00,2025-12-13,5,Saturday,132,91.3882,0.00298397
2025-12-13 11:05:00,2025-12-13,5,Saturday,133,52.9181,0.00172786
2025-12-13 11:10:00,2025-12-13,5,Saturday,134,81.2361,0.00265249
2025-12-13 11:15:00,2025-12-13,5,Saturday,135,67.179,0.0021935
2025-12-13 11:20:00,2025-12-13,5,Saturday,136,74.3402,0.00242733
2025-12-13 11:25:00,2025-12-13,5,Saturday,137,49.8231,0.00162681
2025-12-13 11:30:00,2025-12-13,5,Saturday,138,80.6063,0.00263192
2025-12-13 11:35:00,2025-12-13,5,Saturday,139,73.7376,0.00240765
2025-12-13 11:40:00,2025-12-13,5,Saturday,140,65.4875,0.00213827
2025-12-13 11:45:00,2025-12-13,5,Saturday,141,72.1742,0.0023566
2025-12-13 11:50:00,2025-12-13,5,Saturday,142,58.2086,0.00190061
2025-12-13 11:55:00,2025-12-13,5,Saturday,143,60.0182,0.00195969
2025-12-13 12:00:00,2025-12-13,5,Saturday,144,61.1531,0.00199675
2025-12-13 12:05:00,2025-12-13,5,Saturday,145,47.4639,0.00154977
2025-12-13 12:10:00,2025-12-13,5,Saturday,146,74.2597,0.0024247
2025-12-13 12:15:00,2025-12-13,5,Saturday,147,77.5685,0.00253273
2025-12-13 12:20:00,2025-12-13,5,Saturday,148,58.9421,0.00192455
2025-12-13 12:25:00,2025-12-13,5,Saturday,149,69.4012,0.00226606
2025-12-13 12:30:00,2025-12-13,5,Saturday,150,63.428,0.00207103
2025-12-13 12:35:00,2025-12-13,5,Saturday,151,69.4396,0.00226732
2025-12-13 12:40:00,2025-12-13,5,Saturday,152,60.0777,0.00196163
2025-12-13 12:45:00,2025-12-13,5,Saturday,153,57.6701,0.00188302
2025-12-13 12:50:00,2025-12-13,5,Saturday,154,77.1758,0.00251991
2025-12-13 12:55:00,2025-12-13,5,Saturday,155,66.2115,0.00216191
2025-12-13 13:00:00,2025-12-13,5,Saturday,156,87.4076,0.002854
2025-12-13 13:05:00,2025-12-13,5,Saturday,157,67.7647,0.00221263
2025-12-13 13:10:00,2025-12-13,5,Saturday,158,58.1639,0.00189914
2025-12-13 13:15:00,2025-12-13,5,Saturday,159,80.2953,0.00262177
2025-12-13 13:20:00,2025-12-13,5,Saturday,160,74.5436,0.00243397
2025-12-13 13:25:00,2025-12-13,5,Saturday,161,75.8611,0.00247699
2025-12-13 13:30:00,2025-12-13,5,Saturday,162,80.9969,0.00264468
2025-12-13 13:35:00,2025-12-13,5,Saturday,163,62.299,0.00203416
2025-12-13 13:40:00,2025-12-13,5,Saturday,164,68.0914,0.00222329
2025-12-13 13:45:00,2025-12-13,5,Saturday,165,67.9937,0.0022201
2025-12-13 13:50:00,2025-12-13,5,Saturday,166,56.5902,0.00184776
2025-12-13 13:55:00,2025-12-13,5,Saturday,167,67.7922,0.00221352
2025-12-13 14:00:00,2025-12-13,5,Saturday,168,85.2383,0.00278317
2025-12-13 14:05:00,2025-12-13,5,Saturday,169,73.9866,0.00241578
2025-12-13 14:10:00,2025-12-13,5,Saturday,170,57.3807,0.00187357
2025-12-13 14:15:00,2025-12-13,5,Saturday,171,55.4787,0.00181147
2025-12-13 14:20:00,2025-12-13,5,Saturday,172,91.0459,0.0029728
2025-12-13 14:25:00,2025-12-13,5,Saturday,173,72.3606,0.00236269
2025-12-13 14:30:00,2025-12-13,5,Saturday,174,66.6969,0.00217776
2025-12-13 14:35:00,2025-12-13,5,Saturday,175,71.3439,0.00232949
2025-12-13 14:40:00,2025-12-13,5,Saturday,176,58.3394,0.00190488
2025-12-13 14:45:00,2025-12-13,5,Saturday,177,91.6258,0.00299173
2025-12-13 14:50:00,2025-12-13,5,Saturday,178,71.5962,0.00233773
2025-12-13 14:55:00,2025-12-13,5,Saturday,179,92.3957,0.00301687
2025-12-13 15:00:00,2025-12-13,5,Saturday,180,77.8703,0.00254259
2025-12-13 15:05:00,2025-12-13,5,Saturday,181,94.5877,0.00308844
2025-12-13 15:10:00,2025-12-13,5,Saturday,182,81.5375,0.00266233
2025-12-13 15:15:00,2025-12-13,5,Saturday,183,89.2856,0.00291532
2025-12-13 15:20:00,2025-12-13,5,Saturday,184,88.4163,0.00288693
2025-12-13 15:25:00,2025-12-13,5,Saturday,185,87.9966,0.00287323
2025-12-13 15:30:00,2025-12-13,5,Saturday,186,85.3849,0.00278795
2025-12-13 15:35:00,2025-12-13,5,Saturday,187,78.9794,0.0025788
2025-12-13 15:40:00,2025-12-13,5,Saturday,188,106.2513,0.00346927
2025-12-13 15:45:00,2025-12-13,5,Saturday,189,71.9221,0.00234837
2025-12-13 15:50:00,2025-12-13,5,Saturday,190,84.0219,0.00274345
2025-12-13 15:55:00,2025-12-13,5,Saturday,191,84.8873,0.00277171
2025-12-13 16:00:00,2025-12-13,5,Saturday,192,90.596,0.00295811
2025-12-13 16:05:00,2025-12-13,5,Saturday,193,80.6358,0.00263289
2025-12-13 16:10:00,2025-12-13,5,Saturday,194,91.0517,0.00297299
2025-12-13 16:15:00,2025-12-13,5,Saturday,195,85.4927,0.00279147
2025-12-13 16:20:00,2025-12-13,5,Saturday,196,67.4918,0.00220372
2025-12-13 16:25:00,2025-12-13,5,Saturday,197,89.4014,0.0029191
2025-12-13 16:30:00,2025-12-13,5,Saturday,198,75.1963,0.00245528
2025-12-13 16:35:00,2025-12-13,5,Saturday,199,67.2242,0.00219498
2025-12-13 16:40:00,2025-12-13,5,Saturday,200,93.5501,0.00305456
2025-12-13 16:45:00,2025-12-13,5,Saturday,201,99.2475,0.00324059
2025-12-13 16:50:00,2025-12-13,5,Saturday,202,100.6682,0.00328698
2025-12-13 16:55:00,2025-12-13,5,Saturday,203,102.1278,0.00333464
2025-12-13 17:00:00,2025-12-13,5,Saturday,204,67.4244,0.00220151
2025-12-13 17:05:00,2025-12-13,5,Saturday,205,76.2281,0.00248897
2025-12-13 17:10:00,2025-12-13,5,Saturday,206,125.2224,0.00408871
2025-12-13 17:15:00,2025-12-13,5,Saturday,207,82.1525,0.00268241
2025-12-13 17:20:00,2025-12-13,5,Saturday,208,107.3151,0.00350401
2025-12-13 17:25:00,2025-12-13,5,Saturday,209,88.9392,0.00290401
2025-12-13 17:30:00,2025-12-13,5,Saturday,210,101.2031,0.00330444
2025-12-13 17:35:00,2025-12-13,5,Saturday,211,91.2813,0.00298048
2025-12-13 17:40:00,2025-12-13,5,Saturday,212,110.286,0.00360102
2025-12-13 17:45:00,2025-12-13,5,Saturday,213,104.6804,0.00341798
2025-12-13 17:50:00,2025-12-13,5,Saturday,214,96.4796,0.00315021
2025-12-13 17:55:00,2025-12-13,5,Saturday,215,87.8657,0.00286895
2025-12-13 18:00:00,2025-12-13,5,Saturday,216,109.3787,0.00357139
2025-12-13 18:05:00,2025-12-13,5,Saturday,217,86.7302,0.00283188
2025-12-13 18:10:00,2025-12-13,5,Saturday,218,113.7281,0.00371341
2025-12-13 18:15:00,2025-12-13,5,Saturday,219,150.1783,0.00490356
2025-12-13 18:20:00,2025-12-13,5,Saturday,220,130.5844,0.00426379
2025-12-13 18:25:00,2025-12-13,5,Saturday,221,121.2412,0.00395872
2025-12-13 18:30:00,2025-12-13,5,Saturday,222,108.8857,0.00355529
2025-12-13 18:35:00,2025-12-13,5,Saturday,223,78.8288,0.00257389
2025-12-13 18:40:00,2025-12-13,5,Saturday,224,89.7876,0.00293171
2025-12-13 18:45:00,2025-12-13,5,Saturday,225,134.5621,0.00439367
2025-12-13 18:50:00,2025-12-13,5,Saturday,226,100.2218,0.0032724
2025-12-13 18:55:00,2025-12-13,5,Saturday,227,102.5151,0.00334728
2025-12-13 19:00:00,2025-12-13,5,Saturday,228,112.4946,0.00367313
2025-12-13 19:05:00,2025-12-13,5,Saturday,229,97.6797,0.0031894
2025-12-13 19:10:00,2025-12-13,5,Saturday,230,95.4806,0.0031176
2025-12-13 19:15:00,2025-12-13,5,Saturday,231,116.9383,0.00381822
2025-12-13 19:20:00,2025-12-13,5,Saturday,232,102.776,0.0033558
2025-12-13 19:25:00,2025-12-13,5,Saturday,233,106.1702,0.00346663
2025-12-13 19:30:00,2025-12-13,5,Saturday,234,106.1552,0.00346614
2025-12-13 19:35:00,2025-12-13,5,Saturday,235,130.5203,0.0042617
2025-12-13 19:40:00,2025-12-13,5,Saturday,236,117.5785,0.00383913
2025-12-13 19:45:00,2025-12-13,5,Saturday,237,119.312,0.00389573
2025-12-13 19:50:00,2025-12-13,5,Saturday,238,134.4094,0.00438868
2025-12-13 19:55:00,2025-12-13,5,Saturday,239,121.4774,0.00396643
2025-12-13 20:00:00,2025-12-13,5,Saturday,240,119.6597,0.00390708
2025-12-13 20:05:00,2025-12-13,5,Saturday,241,134.476,0.00439086
2025-12-13 20:10:00,2025-12-13,5,Saturday,242,139.0057,0.00453876
2025-12-13 20:15:00,2025-12-13,5,Saturday,243,124.2597,0.00405728
2025-12-13 20:20:00,2025-12-13,5,Saturday,244,129.3178,0.00422243
2025-12-13 20:25:00,2025-12-13,5,Saturday,245,113.4065,0.0037029
2025-12-13 20:30:00,2025-12-13,5,Saturday,246,112.4855,0.00367283
2025-12-13 20:35:00,2025-12-13,5,Saturday,247,144.8167,0.0047285
2025-12-13 20:40:00,2025-12-13,5,Saturday,248,139.212,0.0045455
2025-12-13 20:45:00,2025-12-13,5,Saturday,249,140.1123,0.00457489
2025-12-13 20:50:00,2025-12-13,5,Saturday,250,137.3479,0.00448463
2025-12-13 20:55:00,2025-12-13,5,Saturday,251,133.3413,0.00435381
2025-12-13 21:00:00,2025-12-13,5,Saturday,252,146.9359,0.00479769
2025-12-13 21:05:00,2025-12-13,5,Saturday,253,152.3853,0.00497562
2025-12-13 21:10:00,2025-12-13,5,Saturday,254,152.575,0.00498182
2025-12-13 21:15:00,2025-12-13,5,Saturday,255,132.7646,0.00433498
2025-12-13 21:20:00,2025-12-13,5,Saturday,256,163.5246,0.00533934
2025-12-13 21:25:00,2025-12-13,5,Saturday,257,140.5657,0.0045897
2025-12-13 21:30:00,2025-12-13,5,Saturday,258,149.3816,0.00487755
2025-12-13 21:35:00,2025-12-13,5,Saturday,259,142.7507,0.00466104
2025-12-13 21:40:00,2025-12-13,5,Saturday,260,142.5496,0.00465447
2025-12-13 21:45:00,2025-12-13,5,Saturday,261,122.7187,0.00400696
2025-12-13 21:50:00,2025-12-13,5,Saturday,262,152.9739,0.00499484
2025-12-13 21:55:00,2025-12-13,5,Saturday,263,198.1344,0.00646941
2025-12-13 22:00:00,2025-12-13,5,Saturday,264,131.4735,0.00429282
2025-12-13 22:05:00,2025-12-13,5,Saturday,265,141.2151,0.0046109
2025-12-13 22:10:00,2025-12-13,5,Saturday,266,130.7534,0.00426931
2025-12-13 22:15:00,2025-12-13,5,Saturday,267,130.2349,0.00425238
2025-12-13 22:20:00,2025-12-13,5,Saturday,268,173.534,0.00566616
2025-12-13 22:25:00,2025-12-13,5,Saturday,269,126.9902,0.00414643
2025-12-13 22:30:00,2025-12-13,5,Saturday,270,131.518,0.00429427
2025-12-13 22:35:00,2025-12-13,5,Saturday,271,108.1155,0.00353015
2025-12-13 22:40:00,2025-12-13,5,Saturday,272,126.049,0.0041157
2025-12-13 22:45:00,2025-12-13,5,Saturday,273,105.9795,0.0034604
2025-12-13 22:50:00,2025-12-13,5,Saturday,274,156.2928,0.00510321
2025-12-13 22:55:00,2025-12-13,5,Saturday,275,203.0716,0.00663061
2025-12-13 23:00:00,2025-12-13,5,Saturday,276,135.3658,0.00441991
2025-12-13 23:05:00,2025-12-13,5,Saturday,277,107.5916,0.00351304
2025-12-13 23:10:00,2025-12-13,5,Saturday,278,163.0466,0.00532373
2025-12-13 23:15:00,2025-12-13,5,Saturday,279,128.1473,0.00418422
2025-12-13 23:20:00,2025-12-13,5,Saturday,280,172.0528,0.0056178
2025-12-13 23:25:00,2025-12-13,5,Saturday,281,138.0319,0.00450696
2025-12-13 23:30:00,2025-12-13,5,Saturday,282,130.5798,0.00426364
2025-12-13 23:35:00,2025-12-13,5,Saturday,283,140.5004,0.00458756
2025-12-13 23:40:00,2025-12-13,5,Saturday,284,160.8559,0.0052522
2025-12-13 23:45:00,2025-12-13,5,Saturday,285,139.5742,0.00455732
2025-12-13 23:50:00,2025-12-13,5,Saturday,286,133.7803,0.00436814
2025-12-13 23:55:00,2025-12-13,5,Saturday,287,140.2667,0.00457993
2025-12-14 00:00:00,2025-12-14,6,Sunday,0,103.1771,0.00510508
2025-12-14 00:05:00,2025-12-14,6,Sunday,1,71.2751,0.00352661
2025-12-14 00:10:00,2025-12-14,6,Sunday,2,90.8671,0.004496
2025-12-14 00:15:00,2025-12-14,6,Sunday,3,108.4066,0.00536383
2025-12-14 00:20:00,2025-12-14,6,Sunday,4,101.6987,0.00503193
2025-12-14 00:25:00,2025-12-14,6,Sunday,5,105.8286,0.00523628
2025-12-14 00:30:00,2025-12-14,6,Sunday,6,96.2027,0.00476
2025-12-14 00:35:00,2025-12-14,6,Sunday,7,114.1006,0.00564556
2025-12-14 00:40:00,2025-12-14,6,Sunday,8,110.4252,0.00546371
2025-12-14 00:45:00,2025-12-14,6,Sunday,9,103.35,0.00511364
2025-12-14 00:50:00,2025-12-14,6,Sunday,10,110.2091,0.00545302
2025-12-14 00:55:00,2025-12-14,6,Sunday,11,107.4923,0.00531859
2025-12-14 01:00:00,2025-12-14,6,Sunday,12,90.1134,0.00445871
2025-12-14 01:05:00,2025-12-14,6,Sunday,13,76.9008,0.00380496
2025-12-14 01:10:00,2025-12-14,6,Sunday,14,102.2112,0.00505729
2025-12-14 01:15:00,2025-12-14,6,Sunday,15,103.8295,0.00513736
2025-12-14 01:20:00,2025-12-14,6,Sunday,16,111.4424,0.00551404
2025-12-14 01:25:00,2025-12-14,6,Sunday,17,82.1492,0.00406465
2025-12-14 01:30:00,2025-12-14,6,Sunday,18,82.3912,0.00407662
2025-12-14 01:35:00,2025-12-14,6,Sunday,19,101.6912,0.00503156
2025-12-14 01:40:00,2025-12-14,6,Sunday,20,93.8766,0.00464491
2025-12-14 01:45:00,2025-12-14,6,Sunday,21,67.869,0.00335808
2025-12-14 01:50:00,2025-12-14,6,Sunday,22,99.6873,0.00493241
2025-12-14 01:55:00,2025-12-14,6,Sunday,23,67.9559,0.00336238
2025-12-14 02:00:00,2025-12-14,6,Sunday,24,80.5172,0.0039839
2025-12-14 02:05:00,2025-12-14,6,Sunday,25,112.487,0.00556572
2025-12-14 02:10:00,2025-12-14,6,Sunday,26,118.7356,0.0058749
2025-12-14 02:15:00,2025-12-14,6,Sunday,27,75.9615,0.00375849
2025-12-14 02:20:00,2025-12-14,6,Sunday,28,88.0009,0.00435418
2025-12-14 02:25:00,2025-12-14,6,Sunday,29,92.8272,0.00459298
2025-12-14 02:30:00,2025-12-14,6,Sunday,30,116.4413,0.00576138
2025-12-14 02:35:00,2025-12-14,6,Sunday,31,84.7651,0.00419408
2025-12-14 02:40:00,2025-12-14,6,Sunday,32,84.6433,0.00418805
2025-12-14 02:45:00,2025-12-14,6,Sunday,33,111.878,0.00553559
2025-12-14 02:50:00,2025-12-14,6,Sunday,34,85.3184,0.00422145
2025-12-14 02:55:00,2025-12-14,6,Sunday,35,99.7547,0.00493575
2025-12-14 03:00:00,2025-12-14,6,Sunday,36,69.7466,0.00345098
2025-12-14 03:05:00,2025-12-14,6,Sunday,37,86.8944,0.00429944
2025-12-14 03:10:00,2025-12-14,6,Sunday,38,66.6658,0.00329855
2025-12-14 03:15:00,2025-12-14,6,Sunday,39,74.3468,0.00367859
2025-12-14 03:20:00,2025-12-14,6,Sunday,40,98.9549,0.00489617
2025-12-14 03:25:00,2025-12-14,6,Sunday,41,86.7887,0.0042942
2025-12-14 03:30:00,2025-12-14,6,Sunday,42,82.8237,0.00409802
2025-12-14 03:35:00,2025-12-14,6,Sunday,43,76.8063,0.00380028
2025-12-14 03:40:00,2025-12-14,6,Sunday,44,83.2048,0.00411688
2025-12-14 03:45:00,2025-12-14,6,Sunday,45,89.44,0.00442539
2025-12-14 03:50:00,2025-12-14,6,Sunday,46,97.635,0.00483087
2025-12-14 03:55:00,2025-12-14,6,Sunday,47,51.2854,0.00253754
2025-12-14 04:00:00,2025-12-14,6,Sunday,48,73.6065,0.00364196
2025-12-14 04:05:00,2025-12-14,6,Sunday,49,85.5891,0.00423485
2025-12-14 04:10:00,2025-12-14,6,Sunday,50,81.8511,0.0040499
2025-12-14 04:15:00,2025-12-14,6,Sunday,51,87.5621,0.00433247
2025-12-14 04:20:00,2025-12-14,6,Sunday,52,85.3365,0.00422235
2025-12-14 04:25:00,2025-12-14,6,Sunday,53,77.7885,0.00384888
2025-12-14 04:30:00,2025-12-14,6,Sunday,54,74.5834,0.0036903
2025-12-14 04:35:00,2025-12-14,6,Sunday,55,77.4833,0.00383378
2025-12-14 04:40:00,2025-12-14,6,Sunday,56,93.6717,0.00463477
2025-12-14 04:45:00,2025-12-14,6,Sunday,57,70.6434,0.00349535
2025-12-14 04:50:00,2025-12-14,6,Sunday,58,78.0638,0.00386251
2025-12-14 04:55:00,2025-12-14,6,Sunday,59,80.4038,0.00397829
2025-12-14 05:00:00,2025-12-14,6,Sunday,60,95.8783,0.00474395
2025-12-14 05:05:00,2025-12-14,6,Sunday,61,73.6581,0.00364452
2025-12-14 05:10:00,2025-12-14,6,Sunday,62,87.5805,0.00433338
2025-12-14 05:15:00,2025-12-14,6,Sunday,63,90.0462,0.00445538
2025-12-14 05:20:00,2025-12-14,6,Sunday,64,74.7105,0.00369659
2025-12-14 05:25:00,2025-12-14,6,Sunday,65,72.4941,0.00358692
2025-12-14 05:30:00,2025-12-14,6,Sunday,66,70.62,0.0034942
2025-12-14 05:35:00,2025-12-14,6,Sunday,67,70.8829,0.0035072
2025-12-14 05:40:00,2025-12-14,6,Sunday,68,82.5061,0.00408231
2025-12-14 05:45:00,2025-12-14,6,Sunday,69,75.0714,0.00371445
2025-12-14 05:50:00,2025-12-14,6,Sunday,70,74.519,0.00368712
2025-12-14 05:55:00,2025-12-14,6,Sunday,71,59.3485,0.0029365
2025-12-14 06:00:00,2025-12-14,6,Sunday,72,60.5426,0.00299558
2025-12-14 06:05:00,2025-12-14,6,Sunday,73,92.8245,0.00459285
2025-12-14 06:10:00,2025-12-14,6,Sunday,74,67.8037,0.00335485
2025-12-14 06:15:00,2025-12-14,6,Sunday,75,61.0547,0.00302092
2025-12-14 06:20:00,2025-12-14,6,Sunday,76,83.2113,0.0041172
2025-12-14 06:25:00,2025-12-14,6,Sunday,77,70.8004,0.00350312
2025-12-14 06:30:00,2025-12-14,6,Sunday,78,73.1949,0.0036216
2025-12-14 06:35:00,2025-12-14,6,Sunday,79,65.3974,0.00323579
2025-12-14 06:40:00,2025-12-14,6,Sunday,80,63.0437,0.00311933
2025-12-14 06:45:00,2025-12-14,6,Sunday,81,63.9694,0.00316513
2025-12-14 06:50:00,2025-12-14,6,Sunday,82,51.5755,0.00255189
2025-12-14 06:55:00,2025-12-14,6,Sunday,83,63.6571,0.00314968
2025-12-14 07:00:00,2025-12-14,6,Sunday,84,66.7862,0.0033045
2025-12-14 07:05:00,2025-12-14,6,Sunday,85,80.9834,0.00400696
2025-12-14 07:10:00,2025-12-14,6,Sunday,86,63.6448,0.00314907
2025-12-14 07:15:00,2025-12-14,6,Sunday,87,40.4764,0.00200273
2025-12-14 07:20:00,2025-12-14,6,Sunday,88,60.8666,0.00301161
2025-12-14 07:25:00,2025-12-14,6,Sunday,89,86.3412,0.00427206
2025-12-14 07:30:00,2025-12-14,6,Sunday,90,68.5398,0.00339127
2025-12-14 07:35:00,2025-12-14,6,Sunday,91,52.8111,0.00261303
2025-12-14 07:40:00,2025-12-14,6,Sunday,92,64.8807,0.00321022
2025-12-14 07:45:00,2025-12-14,6,Sunday,93,52.499,0.00259759
2025-12-14 07:50:00,2025-12-14,6,Sunday,94,46.666,0.00230898
2025-12-14 07:55:00,2025-12-14,6,Sunday,95,55.0131,0.00272198
2025-12-14 08:00:00,2025-12-14,6,Sunday,96,58.3314,0.00288617
2025-12-14 08:05:00,2025-12-14,6,Sunday,97,41.0239,0.00202981
2025-12-14 08:10:00,2025-12-14,6,Sunday,98,46.803,0.00231576
2025-12-14 08:15:00,2025-12-14,6,Sunday,99,56.1525,0.00277836
2025-12-14 08:20:00,2025-12-14,6,Sunday,100,52.184,0.00258201
2025-12-14 08:25:00,2025-12-14,6,Sunday,101,58.3806,0.0028886
2025-12-14 08:30:00,2025-12-14,6,Sunday,102,44.6952,0.00221147
2025-12-14 08:35:00,2025-12-14,6,Sunday,103,60.0027,0.00296886
2025-12-14 08:40:00,2025-12-14,6,Sunday,104,44.2054,0.00218723
2025-12-14 08:45:00,2025-12-14,6,Sunday,105,66.4456,0.00328765
2025-12-14 08:50:00,2025-12-14,6,Sunday,106,39.2693,0.001943
2025-12-14 08:55:00,2025-12-14,6,Sunday,107,43.8588,0.00217008
2025-12-14 09:00:00,2025-12-14,6,Sunday,108,55.2993,0.00273614
2025-12-14 09:05:00,2025-12-14,6,Sunday,109,64.5261,0.00319268
2025-12-14 09:10:00,2025-12-14,6,Sunday,110,53.6613,0.0026551
2025-12-14 09:15:00,2025-12-14,6,Sunday,111,55.1466,0.00272859
2025-12-14 09:20:00,2025-12-14,6,Sunday,112,50.6087,0.00250406
2025-12-14 09:25:00,2025-12-14,6,Sunday,113,42.3937,0.00209759
2025-12-14 09:30:00,2025-12-14,6,Sunday,114,46.093,0.00228063
2025-12-14 09:35:00,2025-12-14,6,Sunday,115,40.4222,0.00200004
2025-12-14 09:40:00,2025-12-14,6,Sunday,116,39.6544,0.00196206
2025-12-14 09:45:00,2025-12-14,6,Sunday,117,51.6755,0.00255684
2025-12-14 09:50:00,2025-12-14,6,Sunday,118,40.2638,0.00199221
2025-12-14 09:55:00,2025-12-14,6,Sunday,119,50.4222,0.00249483
2025-12-14 10:00:00,2025-12-14,6,Sunday,120,38.4826,0.00190407
2025-12-14 10:05:00,2025-12-14,6,Sunday,121,49.6498,0.00245662
2025-12-14 10:10:00,2025-12-14,6,Sunday,122,43.7988,0.00216712
2025-12-14 10:15:00,2025-12-14,6,Sunday,123,56.9184,0.00281626
2025-12-14 10:20:00,2025-12-14,6,Sunday,124,49.021,0.0024255
2025-12-14 10:25:00,2025-12-14,6,Sunday,125,55.1335,0.00272794
2025-12-14 10:30:00,2025-12-14,6,Sunday,126,41.038,0.00203051
2025-12-14 10:35:00,2025-12-14,6,Sunday,127,46.4563,0.0022986
2025-12-14 10:40:00,2025-12-14,6,Sunday,128,39.1147,0.00193535
2025-12-14 10:45:00,2025-12-14,6,Sunday,129,42.8385,0.0021196
2025-12-14 10:50:00,2025-12-14,6,Sunday,130,43.7033,0.00216239
2025-12-14 10:55:00,2025-12-14,6,Sunday,131,40.3888,0.00199839
2025-12-14 11:00:00,2025-12-14,6,Sunday,132,36.9324,0.00182737
2025-12-14 11:05:00,2025-12-14,6,Sunday,133,35.4775,0.00175538
2025-12-14 11:10:00,2025-12-14,6,Sunday,134,29.1367,0.00144165
2025-12-14 11:15:00,2025-12-14,6,Sunday,135,37.6786,0.00186429
2025-12-14 11:20:00,2025-12-14,6,Sunday,136,48.8703,0.00241804
2025-12-14 11:25:00,2025-12-14,6,Sunday,137,33.8846,0.00167657
2025-12-14 11:30:00,2025-12-14,6,Sunday,138,35.3597,0.00174956
2025-12-14 11:35:00,2025-12-14,6,Sunday,139,56.3534,0.0027883
2025-12-14 11:40:00,2025-12-14,6,Sunday,140,40.1281,0.00198549
2025-12-14 11:45:00,2025-12-14,6,Sunday,141,46.4538,0.00229848
2025-12-14 11:50:00,2025-12-14,6,Sunday,142,48.555,0.00240244
2025-12-14 11:55:00,2025-12-14,6,Sunday,143,48.6684,0.00240805
2025-12-14 12:00:00,2025-12-14,6,Sunday,144,34.1554,0.00168997
2025-12-14 12:05:00,2025-12-14,6,Sunday,145,42.7346,0.00211446
2025-12-14 12:10:00,2025-12-14,6,Sunday,146,33.5377,0.00165941
2025-12-14 12:15:00,2025-12-14,6,Sunday,147,60.5824,0.00299755
2025-12-14 12:20:00,2025-12-14,6,Sunday,148,33.7505,0.00166994
2025-12-14 12:25:00,2025-12-14,6,Sunday,149,37.4387,0.00185242
2025-12-14 12:30:00,2025-12-14,6,Sunday,150,37.5454,0.0018577
2025-12-14 12:35:00,2025-12-14,6,Sunday,151,34.5654,0.00171026
2025-12-14 12:40:00,2025-12-14,6,Sunday,152,53.7284,0.00265842
2025-12-14 12:45:00,2025-12-14,6,Sunday,153,61.042,0.00302029
2025-12-14 12:50:00,2025-12-14,6,Sunday,154,41.6886,0.0020627
2025-12-14 12:55:00,2025-12-14,6,Sunday,155,36.1062,0.00178649
2025-12-14 13:00:00,2025-12-14,6,Sunday,156,30.0121,0.00148496
2025-12-14 13:05:00,2025-12-14,6,Sunday,157,43.664,0.00216045
2025-12-14 13:10:00,2025-12-14,6,Sunday,158,43.333,0.00214407
2025-12-14 13:15:00,2025-12-14,6,Sunday,159,41.2101,0.00203903
2025-12-14 13:20:00,2025-12-14,6,Sunday,160,47.3872,0.00234467
2025-12-14 13:25:00,2025-12-14,6,Sunday,161,48.7991,0.00241452
2025-12-14 13:30:00,2025-12-14,6,Sunday,162,48.5273,0.00240107
2025-12-14 13:35:00,2025-12-14,6,Sunday,163,44.3062,0.00219222
2025-12-14 13:40:00,2025-12-14,6,Sunday,164,39.0256,0.00193094
2025-12-14 13:45:00,2025-12-14,6,Sunday,165,51.6957,0.00255784
2025-12-14 13:50:00,2025-12-14,6,Sunday,166,47.3521,0.00234293
2025-12-14 13:55:00,2025-12-14,6,Sunday,167,53.8709,0.00266547
2025-12-14 14:00:00,2025-12-14,6,Sunday,168,53.488,0.00264652
2025-12-14 14:05:00,2025-12-14,6,Sunday,169,37.8544,0.00187299
2025-12-14 14:10:00,2025-12-14,6,Sunday,170,38.0046,0.00188043
2025-12-14 14:15:00,2025-12-14,6,Sunday,171,43.2148,0.00213822
2025-12-14 14:20:00,2025-12-14,6,Sunday,172,41.2916,0.00204306
2025-12-14 14:25:00,2025-12-14,6,Sunday,173,54.9998,0.00272132
2025-12-14 14:30:00,2025-12-14,6,Sunday,174,52.3724,0.00259132
2025-12-14 14:35:00,2025-12-14,6,Sunday,175,58.3701,0.00288809
2025-12-14 14:40:00,2025-12-14,6,Sunday,176,53.4779,0.00264602
2025-12-14 14:45:00,2025-12-14,6,Sunday,177,52.4448,0.00259491
2025-12-14 14:50:00,2025-12-14,6,Sunday,178,60.461,0.00299154
2025-12-14 14:55:00,2025-12-14,6,Sunday,179,55.2742,0.0027349
2025-12-14 15:00:00,2025-12-14,6,Sunday,180,52.5728,0.00260124
2025-12-14 15:05:00,2025-12-14,6,Sunday,181,64.104,0.00317179
2025-12-14 15:10:00,2025-12-14,6,Sunday,182,53.7918,0.00266155
2025-12-14 15:15:00,2025-12-14,6,Sunday,183,50.876,0.00251728
2025-12-14 15:20:00,2025-12-14,6,Sunday,184,46.9945,0.00232523
2025-12-14 15:25:00,2025-12-14,6,Sunday,185,59.9125,0.0029644
2025-12-14 15:30:00,2025-12-14,6,Sunday,186,64.7943,0.00320595
2025-12-14 15:35:00,2025-12-14,6,Sunday,187,54.6982,0.00270641
2025-12-14 15:40:00,2025-12-14,6,Sunday,188,66.493,0.00329
2025-12-14 15:45:00,2025-12-14,6,Sunday,189,39.4981,0.00195432
2025-12-14 15:50:00,2025-12-14,6,Sunday,190,56.0805,0.0027748
2025-12-14 15:55:00,2025-12-14,6,Sunday,191,56.6998,0.00280544
2025-12-14 16:00:00,2025-12-14,6,Sunday,192,51.2666,0.00253661
2025-12-14 16:05:00,2025-12-14,6,Sunday,193,78.8025,0.00389906
2025-12-14 16:10:00,2025-12-14,6,Sunday,194,57.9759,0.00286858
2025-12-14 16:15:00,2025-12-14,6,Sunday,195,55.4612,0.00274415
2025-12-14 16:20:00,2025-12-14,6,Sunday,196,59.8286,0.00296025
2025-12-14 16:25:00,2025-12-14,6,Sunday,197,42.0616,0.00208116
2025-12-14 16:30:00,2025-12-14,6,Sunday,198,53.7434,0.00265916
2025-12-14 16:35:00,2025-12-14,6,Sunday,199,70.2201,0.00347441
2025-12-14 16:40:00,2025-12-14,6,Sunday,200,55.9126,0.00276649
2025-12-14 16:45:00,2025-12-14,6,Sunday,201,54.5398,0.00269856
2025-12-14 16:50:00,2025-12-14,6,Sunday,202,75.1767,0.00371965
2025-12-14 16:55:00,2025-12-14,6,Sunday,203,76.1322,0.00376693
2025-12-14 17:00:00,2025-12-14,6,Sunday,204,68.9056,0.00340937
2025-12-14 17:05:00,2025-12-14,6,Sunday,205,60.1041,0.00297388
2025-12-14 17:10:00,2025-12-14,6,Sunday,206,62.7347,0.00310404
2025-12-14 17:15:00,2025-12-14,6,Sunday,207,57.7216,0.002856
2025-12-14 17:20:00,2025-12-14,6,Sunday,208,56.3292,0.0027871
2025-12-14 17:25:00,2025-12-14,6,Sunday,209,56.3182,0.00278656
2025-12-14 17:30:00,2025-12-14,6,Sunday,210,61.1095,0.00302363
2025-12-14 17:35:00,2025-12-14,6,Sunday,211,57.3859,0.00283939
2025-12-14 17:40:00,2025-12-14,6,Sunday,212,52.4372,0.00259453
2025-12-14 17:45:00,2025-12-14,6,Sunday,213,71.3568,0.00353065
2025-12-14 17:50:00,2025-12-14,6,Sunday,214,72.1132,0.00356808
2025-12-14 17:55:00,2025-12-14,6,Sunday,215,88.1607,0.00436209
2025-12-14 18:00:00,2025-12-14,6,Sunday,216,63.7204,0.00315281
2025-12-14 18:05:00,2025-12-14,6,Sunday,217,74.5708,0.00368968
2025-12-14 18:10:00,2025-12-14,6,Sunday,218,75.355,0.00372848
2025-12-14 18:15:00,2025-12-14,6,Sunday,219,69.7945,0.00345335
2025-12-14 18:20:00,2025-12-14,6,Sunday,220,81.3004,0.00402265
2025-12-14 18:25:00,2025-12-14,6,Sunday,221,82.283,0.00407127
2025-12-14 18:30:00,2025-12-14,6,Sunday,222,77.935,0.00385613
2025-12-14 18:35:00,2025-12-14,6,Sunday,223,71.9897,0.00356197
2025-12-14 18:40:00,2025-12-14,6,Sunday,224,71.3865,0.00353212
2025-12-14 18:45:00,2025-12-14,6,Sunday,225,60.4087,0.00298895
2025-12-14 18:50:00,2025-12-14,6,Sunday,226,67.3122,0.00333053
2025-12-14 18:55:00,2025-12-14,6,Sunday,227,69.936,0.00346035
2025-12-14 19:00:00,2025-12-14,6,Sunday,228,64.595,0.00319608
2025-12-14 19:05:00,2025-12-14,6,Sunday,229,83.4155,0.0041273
2025-12-14 19:10:00,2025-12-14,6,Sunday,230,92.9515,0.00459913
2025-12-14 19:15:00,2025-12-14,6,Sunday,231,68.5477,0.00339166
2025-12-14 19:20:00,2025-12-14,6,Sunday,232,83.3007,0.00412162
2025-12-14 19:25:00,2025-12-14,6,Sunday,233,67.9672,0.00336294
2025-12-14 19:30:00,2025-12-14,6,Sunday,234,77.2793,0.00382369
2025-12-14 19:35:00,2025-12-14,6,Sunday,235,73.0753,0.00361568
2025-12-14 19:40:00,2025-12-14,6,Sunday,236,89.4512,0.00442594
2025-12-14 19:45:00,2025-12-14,6,Sunday,237,74.1596,0.00366933
2025-12-14 19:50:00,2025-12-14,6,Sunday,238,95.691,0.00473468
2025-12-14 19:55:00,2025-12-14,6,Sunday,239,80.513,0.00398369
2025-12-14 20:00:00,2025-12-14,6,Sunday,240,75.9044,0.00375566
2025-12-14 20:05:00,2025-12-14,6,Sunday,241,68.6936,0.00339888
2025-12-14 20:10:00,2025-12-14,6,Sunday,242,88.3214,0.00437004
2025-12-14 20:15:00,2025-12-14,6,Sunday,243,97.0661,0.00480272
2025-12-14 20:20:00,2025-12-14,6,Sunday,244,89.5811,0.00443237
2025-12-14 20:25:00,2025-12-14,6,Sunday,245,115.5809,0.00571881
2025-12-14 20:30:00,2025-12-14,6,Sunday,246,105.6435,0.00522712
2025-12-14 20:35:00,2025-12-14,6,Sunday,247,83.4096,0.00412701
2025-12-14 20:40:00,2025-12-14,6,Sunday,248,83.6984,0.0041413
2025-12-14 20:45:00,2025-12-14,6,Sunday,249,94.5542,0.00467843
2025-12-14 20:50:00,2025-12-14,6,Sunday,250,77.6046,0.00383979
2025-12-14 20:55:00,2025-12-14,6,Sunday,251,104.7875,0.00518476
2025-12-14 21:00:00,2025-12-14,6,Sunday,252,94.4592,0.00467373
2025-12-14 21:05:00,2025-12-14,6,Sunday,253,93.4668,0.00462463
2025-12-14 21:10:00,2025-12-14,6,Sunday,254,99.7157,0.00493382
2025-12-14 21:15:00,2025-12-14,6,Sunday,255,114.2489,0.0056529
2025-12-14 21:20:00,2025-12-14,6,Sunday,256,93.5023,0.00462638
2025-12-14 21:25:00,2025-12-14,6,Sunday,257,89.9801,0.00445211
2025-12-14 21:30:00,2025-12-14,6,Sunday,258,112.6852,0.00557553
2025-12-14 21:35:00,2025-12-14,6,Sunday,259,105.6241,0.00522616
2025-12-14 21:40:00,2025-12-14,6,Sunday,260,88.1177,0.00435996
2025-12-14 21:45:00,2025-12-14,6,Sunday,261,92.9743,0.00460026
2025-12-14 21:50:00,2025-12-14,6,Sunday,262,95.9506,0.00474753
2025-12-14 21:55:00,2025-12-14,6,Sunday,263,98.6004,0.00487863
2025-12-14 22:00:00,2025-12-14,6,Sunday,264,74.7284,0.00369747
2025-12-14 22:05:00,2025-12-14,6,Sunday,265,72.3309,0.00357885
2025-12-14 22:10:00,2025-12-14,6,Sunday,266,81.8147,0.0040481
2025-12-14 22:15:00,2025-12-14,6,Sunday,267,80.9437,0.004005
2025-12-14 22:20:00,2025-12-14,6,Sunday,268,85.7258,0.00424161
2025-12-14 22:25:00,2025-12-14,6,Sunday,269,104.1856,0.00515498
2025-12-14 22:30:00,2025-12-14,6,Sunday,270,92.94,0.00459856
2025-12-14 22:35:00,2025-12-14,6,Sunday,271,98.3876,0.0048681
2025-12-14 22:40:00,2025-12-14,6,Sunday,272,78.1873,0.00386862
2025-12-14 22:45:00,2025-12-14,6,Sunday,273,89.3229,0.0044196
2025-12-14 22:50:00,2025-12-14,6,Sunday,274,104.6183,0.00517639
2025-12-14 22:55:00,2025-12-14,6,Sunday,275,104.9124,0.00519095
2025-12-14 23:00:00,2025-12-14,6,Sunday,276,85.9876,0.00425457
2025-12-14 23:05:00,2025-12-14,6,Sunday,277,98.9596,0.00489641
2025-12-14 23:10:00,2025-12-14,6,Sunday,278,128.6585,0.00636587
2025-12-14 23:15:00,2025-12-14,6,Sunday,279,96.6118,0.00478024
2025-12-14 23:20:00,2025-12-14,6,Sunday,280,86.8911,0.00429927
2025-12-14 23:25:00,2025-12-14,6,Sunday,281,94.5387,0.00467766
2025-12-14 23:30:00,2025-12-14,6,Sunday,282,98.4939,0.00487336
2025-12-14 23:35:00,2025-12-14,6,Sunday,283,95.0155,0.00470126
2025-12-14 23:40:00,2025-12-14,6,Sunday,284,96.8192,0.0047905
2025-12-14 23:45:00,2025-12-14,6,Sunday,285,76.2493,0.00377273
2025-12-14 23:50:00,2025-12-14,6,Sunday,286,83.2954,0.00412136
2025-12-14 23:55:00,2025-12-14,6,Sunday,287,95.1903,0.00470991
2025-12-15 00:00:00,2025-12-15,0,Monday,0,90.9424,0.00433699
2025-12-15 00:05:00,2025-12-15,0,Monday,1,96.7378,0.00461336
2025-12-15 00:10:00,2025-12-15,0,Monday,2,100.2664,0.00478164
2025-12-15 00:15:00,2025-12-15,0,Monday,3,112.576,0.00536867
2025-12-15 00:20:00,2025-12-15,0,Monday,4,97.8023,0.00466413
2025-12-15 00:25:00,2025-12-15,0,Monday,5,105.1617,0.00501509
2025-12-15 00:30:00,2025-12-15,0,Monday,6,91.096,0.00434431
2025-12-15 00:35:00,2025-12-15,0,Monday,7,107.5688,0.00512989
2025-12-15 00:40:00,2025-12-15,0,Monday,8,104.5491,0.00498588
2025-12-15 00:45:00,2025-12-15,0,Monday,9,111.7015,0.00532697
2025-12-15 00:50:00,2025-12-15,0,Monday,10,109.3075,0.0052128
2025-12-15 00:55:00,2025-12-15,0,Monday,11,107.3141,0.00511774
2025-12-15 01:00:00,2025-12-15,0,Monday,12,97.0058,0.00462614
2025-12-15 01:05:00,2025-12-15,0,Monday,13,101.9117,0.0048601
2025-12-15 01:10:00,2025-12-15,0,Monday,14,113.7825,0.00542621
2025-12-15 01:15:00,2025-12-15,0,Monday,15,88.3644,0.00421404
2025-12-15 01:20:00,2025-12-15,0,Monday,16,88.5344,0.00422215
2025-12-15 01:25:00,2025-12-15,0,Monday,17,100.1945,0.00477821
2025-12-15 01:30:00,2025-12-15,0,Monday,18,103.3819,0.00493022
2025-12-15 01:35:00,2025-12-15,0,Monday,19,85.0859,0.00405769
2025-12-15 01:40:00,2025-12-15,0,Monday,20,95.7574,0.00456661
2025-12-15 01:45:00,2025-12-15,0,Monday,21,95.2258,0.00454126
2025-12-15 01:50:00,2025-12-15,0,Monday,22,64.3139,0.00306709
2025-12-15 01:55:00,2025-12-15,0,Monday,23,92.8781,0.0044293
2025-12-15 02:00:00,2025-12-15,0,Monday,24,93.4921,0.00445857
2025-12-15 02:05:00,2025-12-15,0,Monday,25,93.1553,0.00444252
2025-12-15 02:10:00,2025-12-15,0,Monday,26,115.3442,0.00550069
2025-12-15 02:15:00,2025-12-15,0,Monday,27,77.5236,0.00369705
2025-12-15 02:20:00,2025-12-15,0,Monday,28,82.7944,0.00394841
2025-12-15 02:25:00,2025-12-15,0,Monday,29,57.2512,0.00273027
2025-12-15 02:30:00,2025-12-15,0,Monday,30,87.0166,0.00414977
2025-12-15 02:35:00,2025-12-15,0,Monday,31,87.8728,0.0041906
2025-12-15 02:40:00,2025-12-15,0,Monday,32,85.9243,0.00409767
2025-12-15 02:45:00,2025-12-15,0,Monday,33,108.0517,0.00515291
2025-12-15 02:50:00,2025-12-15,0,Monday,34,104.1723,0.00496791
2025-12-15 02:55:00,2025-12-15,0,Monday,35,92.9305,0.00443179
2025-12-15 03:00:00,2025-12-15,0,Monday,36,86.3606,0.00411848
2025-12-15 03:05:00,2025-12-15,0,Monday,37,105.0323,0.00500892
2025-12-15 03:10:00,2025-12-15,0,Monday,38,90.3215,0.00430737
2025-12-15 03:15:00,2025-12-15,0,Monday,39,79.0846,0.00377149
2025-12-15 03:20:00,2025-12-15,0,Monday,40,66.6085,0.00317652
2025-12-15 03:25:00,2025-12-15,0,Monday,41,83.3361,0.00397424
2025-12-15 03:30:00,2025-12-15,0,Monday,42,98.828,0.00471304
2025-12-15 03:35:00,2025-12-15,0,Monday,43,118.4602,0.00564929
2025-12-15 03:40:00,2025-12-15,0,Monday,44,88.6365,0.00422702
2025-12-15 03:45:00,2025-12-15,0,Monday,45,77.3103,0.00368688
2025-12-15 03:50:00,2025-12-15,0,Monday,46,71.406,0.00340531
2025-12-15 03:55:00,2025-12-15,0,Monday,47,93.4878,0.00445837
2025-12-15 04:00:00,2025-12-15,0,Monday,48,63.1119,0.00300977
2025-12-15 04:05:00,2025-12-15,0,Monday,49,92.3583,0.00440451
2025-12-15 04:10:00,2025-12-15,0,Monday,50,95.1944,0.00453976
2025-12-15 04:15:00,2025-12-15,0,Monday,51,89.781,0.0042816
2025-12-15 04:20:00,2025-12-15,0,Monday,52,80.9743,0.00386161
2025-12-15 04:25:00,2025-12-15,0,Monday,53,90.2447,0.00430371
2025-12-15 04:30:00,2025-12-15,0,Monday,54,84.7701,0.00404263
2025-12-15 04:35:00,2025-12-15,0,Monday,55,72.5193,0.0034584
2025-12-15 04:40:00,2025-12-15,0,Monday,56,104.1835,0.00496844
2025-12-15 04:45:00,2025-12-15,0,Monday,57,76.7185,0.00365865
2025-12-15 04:50:00,2025-12-15,0,Monday,58,89.7878,0.00428192
2025-12-15 04:55:00,2025-12-15,0,Monday,59,50.8894,0.00242688
2025-12-15 05:00:00,2025-12-15,0,Monday,60,94.476,0.0045055
2025-12-15 05:05:00,2025-12-15,0,Monday,61,96.0641,0.00458124
2025-12-15 05:10:00,2025-12-15,0,Monday,62,78.4946,0.00374336
2025-12-15 05:15:00,2025-12-15,0,Monday,63,84.0675,0.00400913
2025-12-15 05:20:00,2025-12-15,0,Monday,64,83.4347,0.00397895
2025-12-15 05:25:00,2025-12-15,0,Monday,65,69.0352,0.00329224
2025-12-15 05:30:00,2025-12-15,0,Monday,66,82.0384,0.00391236
2025-12-15 05:35:00,2025-12-15,0,Monday,67,66.1043,0.00315247
2025-12-15 05:40:00,2025-12-15,0,Monday,68,67.825,0.00323453
2025-12-15 05:45:00,2025-12-15,0,Monday,69,86.5689,0.00412841
2025-12-15 05:50:00,2025-12-15,0,Monday,70,84.2006,0.00401547
2025-12-15 05:55:00,2025-12-15,0,Monday,71,65.1487,0.0031069
2025-12-15 06:00:00,2025-12-15,0,Monday,72,64.3252,0.00306763
2025-12-15 06:05:00,2025-12-15,0,Monday,73,64.745,0.00308765
2025-12-15 06:10:00,2025-12-15,0,Monday,74,78.9094,0.00376314
2025-12-15 06:15:00,2025-12-15,0,Monday,75,59.93,0.00285802
2025-12-15 06:20:00,2025-12-15,0,Monday,76,73.6571,0.00351266
2025-12-15 06:25:00,2025-12-15,0,Monday,77,77.0943,0.00367657
2025-12-15 06:30:00,2025-12-15,0,Monday,78,67.8307,0.0032348
2025-12-15 06:35:00,2025-12-15,0,Monday,79,78.4814,0.00374273
2025-12-15 06:40:00,2025-12-15,0,Monday,80,64.4874,0.00307536
2025-12-15 06:45:00,2025-12-15,0,Monday,81,64.8417,0.00309226
2025-12-15 06:50:00,2025-12-15,0,Monday,82,56.6769,0.00270288
2025-12-15 06:55:00,2025-12-15,0,Monday,83,75.8812,0.00361872
2025-12-15 07:00:00,2025-12-15,0,Monday,84,57.7595,0.00275451
2025-12-15 07:05:00,2025-12-15,0,Monday,85,68.0881,0.00324708
2025-12-15 07:10:00,2025-12-15,0,Monday,86,63.442,0.00302551
2025-12-15 07:15:00,2025-12-15,0,Monday,87,53.5278,0.00255271
2025-12-15 07:20:00,2025-12-15,0,Monday,88,57.2514,0.00273028
2025-12-15 07:25:00,2025-12-15,0,Monday,89,75.4098,0.00359625
2025-12-15 07:30:00,2025-12-15,0,Monday,90,63.7786,0.00304156
2025-12-15 07:35:00,2025-12-15,0,Monday,91,52.0737,0.00248336
2025-12-15 07:40:00,2025-12-15,0,Monday,92,63.6093,0.00303349
2025-12-15 07:45:00,2025-12-15,0,Monday,93,58.9691,0.0028122
2025-12-15 07:50:00,2025-12-15,0,Monday,94,90.7267,0.0043267
2025-12-15 07:55:00,2025-12-15,0,Monday,95,61.7752,0.00294602
2025-12-15 08:00:00,2025-12-15,0,Monday,96,55.3733,0.00264072
2025-12-15 08:05:00,2025-12-15,0,Monday,97,70.618,0.00336772
2025-12-15 08:10:00,2025-12-15,0,Monday,98,41.7769,0.00199231
2025-12-15 08:15:00,2025-12-15,0,Monday,99,58.0296,0.00276739
2025-12-15 08:20:00,2025-12-15,0,Monday,100,73.7042,0.0035149
2025-12-15 08:25:00,2025-12-15,0,Monday,101,55.2709,0.00263583
2025-12-15 08:30:00,2025-12-15,0,Monday,102,41.2762,0.00196844
2025-12-15 08:35:00,2025-12-15,0,Monday,103,52.0282,0.00248119
2025-12-15 08:40:00,2025-12-15,0,Monday,104,66.8244,0.00318681
2025-12-15 08:45:00,2025-12-15,0,Monday,105,57.4764,0.00274101
2025-12-15 08:50:00,2025-12-15,0,Monday,106,47.1764,0.00224981
2025-12-15 08:55:00,2025-12-15,0,Monday,107,48.0327,0.00229065
2025-12-15 09:00:00,2025-12-15,0,Monday,108,48.6537,0.00232026
2025-12-15 09:05:00,2025-12-15,0,Monday,109,55.5544,0.00264935
2025-12-15 09:10:00,2025-12-15,0,Monday,110,62.7921,0.00299452
2025-12-15 09:15:00,2025-12-15,0,Monday,111,60.0934,0.00286582
2025-12-15 09:20:00,2025-12-15,0,Monday,112,55.039,0.00262477
2025-12-15 09:25:00,2025-12-15,0,Monday,113,40.9251,0.00195169
2025-12-15 09:30:00,2025-12-15,0,Monday,114,40.6612,0.00193911
2025-12-15 09:35:00,2025-12-15,0,Monday,115,54.4532,0.00259684
2025-12-15 09:40:00,2025-12-15,0,Monday,116,39.9695,0.00190612
2025-12-15 09:45:00,2025-12-15,0,Monday,117,48.0589,0.0022919
2025-12-15 09:50:00,2025-12-15,0,Monday,118,51.6734,0.00246427
2025-12-15 09:55:00,2025-12-15,0,Monday,119,40.7271,0.00194225
2025-12-15 10:00:00,2025-12-15,0,Monday,120,41.3069,0.0019699
2025-12-15 10:05:00,2025-12-15,0,Monday,121,47.8303,0.002281
2025-12-15 10:10:00,2025-12-15,0,Monday,122,51.8807,0.00247416
2025-12-15 10:15:00,2025-12-15,0,Monday,123,55.6073,0.00265187
2025-12-15 10:20:00,2025-12-15,0,Monday,124,52.0582,0.00248262
2025-12-15 10:25:00,2025-12-15,0,Monday,125,47.9939,0.0022888
2025-12-15 10:30:00,2025-12-15,0,Monday,126,41.95,0.00200057
2025-12-15 10:35:00,2025-12-15,0,Monday,127,39.4643,0.00188203
2025-12-15 10:40:00,2025-12-15,0,Monday,128,43.2216,0.00206121
2025-12-15 10:45:00,2025-12-15,0,Monday,129,49.4787,0.00235961
2025-12-15 10:50:00,2025-12-15,0,Monday,130,48.7728,0.00232595
2025-12-15 10:55:00,2025-12-15,0,Monday,131,31.6866,0.00151111
2025-12-15 11:00:00,2025-12-15,0,Monday,132,40.6649,0.00193928
2025-12-15 11:05:00,2025-12-15,0,Monday,133,54.253,0.00258729
2025-12-15 11:10:00,2025-12-15,0,Monday,134,46.3609,0.00221092
2025-12-15 11:15:00,2025-12-15,0,Monday,135,35.9823,0.00171597
2025-12-15 11:20:00,2025-12-15,0,Monday,136,61.6946,0.00294218
2025-12-15 11:25:00,2025-12-15,0,Monday,137,45.292,0.00215995
2025-12-15 11:30:00,2025-12-15,0,Monday,138,48.0236,0.00229021
2025-12-15 11:35:00,2025-12-15,0,Monday,139,48.052,0.00229157
2025-12-15 11:40:00,2025-12-15,0,Monday,140,42.7806,0.00204018
2025-12-15 11:45:00,2025-12-15,0,Monday,141,40.2956,0.00192167
2025-12-15 11:50:00,2025-12-15,0,Monday,142,59.5847,0.00284156
2025-12-15 11:55:00,2025-12-15,0,Monday,143,51.9793,0.00247886
2025-12-15 12:00:00,2025-12-15,0,Monday,144,50.7436,0.00241993
2025-12-15 12:05:00,2025-12-15,0,Monday,145,49.086,0.00234088
2025-12-15 12:10:00,2025-12-15,0,Monday,146,38.3974,0.00183115
2025-12-15 12:15:00,2025-12-15,0,Monday,147,53.8999,0.00257045
2025-12-15 12:20:00,2025-12-15,0,Monday,148,39.551,0.00188616
2025-12-15 12:25:00,2025-12-15,0,Monday,149,47.2616,0.00225387
2025-12-15 12:30:00,2025-12-15,0,Monday,150,34.2402,0.00163289
2025-12-15 12:35:00,2025-12-15,0,Monday,151,31.5638,0.00150526
2025-12-15 12:40:00,2025-12-15,0,Monday,152,47.7622,0.00227775
2025-12-15 12:45:00,2025-12-15,0,Monday,153,40.1491,0.00191468
2025-12-15 12:50:00,2025-12-15,0,Monday,154,32.146,0.00153302
2025-12-15 12:55:00,2025-12-15,0,Monday,155,49.677,0.00236906
2025-12-15 13:00:00,2025-12-15,0,Monday,156,60.7572,0.00289747
2025-12-15 13:05:00,2025-12-15,0,Monday,157,55.8984,0.00266576
2025-12-15 13:10:00,2025-12-15,0,Monday,158,44.6365,0.00212868
2025-12-15 13:15:00,2025-12-15,0,Monday,159,46.6743,0.00222587
2025-12-15 13:20:00,2025-12-15,0,Monday,160,53.0415,0.00252951
2025-12-15 13:25:00,2025-12-15,0,Monday,161,54.9308,0.00261961
2025-12-15 13:30:00,2025-12-15,0,Monday,162,44.8031,0.00213663
2025-12-15 13:35:00,2025-12-15,0,Monday,163,47.7128,0.00227539
2025-12-15 13:40:00,2025-12-15,0,Monday,164,49.865,0.00237803
2025-12-15 13:45:00,2025-12-15,0,Monday,165,51.9546,0.00247768
2025-12-15 13:50:00,2025-12-15,0,Monday,166,47.2737,0.00225445
2025-12-15 13:55:00,2025-12-15,0,Monday,167,47.6414,0.00227199
2025-12-15 14:00:00,2025-12-15,0,Monday,168,58.9068,0.00280923
2025-12-15 14:05:00,2025-12-15,0,Monday,169,58.0159,0.00276674
2025-12-15 14:10:00,2025-12-15,0,Monday,170,52.9578,0.00252552
2025-12-15 14:15:00,2025-12-15,0,Monday,171,62.5687,0.00298386
2025-12-15 14:20:00,2025-12-15,0,Monday,172,47.1731,0.00224965
2025-12-15 14:25:00,2025-12-15,0,Monday,173,62.6948,0.00298988
2025-12-15 14:30:00,2025-12-15,0,Monday,174,54.907,0.00261848
2025-12-15 14:35:00,2025-12-15,0,Monday,175,76.2322,0.00363547
2025-12-15 14:40:00,2025-12-15,0,Monday,176,42.3006,0.00201729
2025-12-15 14:45:00,2025-12-15,0,Monday,177,46.5337,0.00221916
2025-12-15 14:50:00,2025-12-15,0,Monday,178,55.5801,0.00265058
2025-12-15 14:55:00,2025-12-15,0,Monday,179,55.8393,0.00266294
2025-12-15 15:00:00,2025-12-15,0,Monday,180,68.6493,0.00327384
2025-12-15 15:05:00,2025-12-15,0,Monday,181,48.1681,0.00229711
2025-12-15 15:10:00,2025-12-15,0,Monday,182,61.2923,0.00292299
2025-12-15 15:15:00,2025-12-15,0,Monday,183,63.8942,0.00304707
2025-12-15 15:20:00,2025-12-15,0,Monday,184,60.6542,0.00289256
2025-12-15 15:25:00,2025-12-15,0,Monday,185,47.3398,0.0022576
2025-12-15 15:30:00,2025-12-15,0,Monday,186,67.5567,0.00322173
2025-12-15 15:35:00,2025-12-15,0,Monday,187,66.624,0.00317726
2025-12-15 15:40:00,2025-12-15,0,Monday,188,61.8343,0.00294884
2025-12-15 15:45:00,2025-12-15,0,Monday,189,58.974,0.00281243
2025-12-15 15:50:00,2025-12-15,0,Monday,190,59.6727,0.00284575
2025-12-15 15:55:00,2025-12-15,0,Monday,191,57.5298,0.00274356
2025-12-15 16:00:00,2025-12-15,0,Monday,192,64.3709,0.00306981
2025-12-15 16:05:00,2025-12-15,0,Monday,193,59.5182,0.00283838
2025-12-15 16:10:00,2025-12-15,0,Monday,194,52.1565,0.00248731
2025-12-15 16:15:00,2025-12-15,0,Monday,195,50.8075,0.00242297
2025-12-15 16:20:00,2025-12-15,0,Monday,196,53.9624,0.00257343
2025-12-15 16:25:00,2025-12-15,0,Monday,197,63.4068,0.00302383
2025-12-15 16:30:00,2025-12-15,0,Monday,198,61.6557,0.00294032
2025-12-15 16:35:00,2025-12-15,0,Monday,199,64.4722,0.00307464
2025-12-15 16:40:00,2025-12-15,0,Monday,200,67.7415,0.00323055
2025-12-15 16:45:00,2025-12-15,0,Monday,201,57.5846,0.00274617
2025-12-15 16:50:00,2025-12-15,0,Monday,202,78.2265,0.00373057
2025-12-15 16:55:00,2025-12-15,0,Monday,203,62.096,0.00296132
2025-12-15 17:00:00,2025-12-15,0,Monday,204,61.0203,0.00291002
2025-12-15 17:05:00,2025-12-15,0,Monday,205,70.5999,0.00336686
2025-12-15 17:10:00,2025-12-15,0,Monday,206,48.117,0.00229467
2025-12-15 17:15:00,2025-12-15,0,Monday,207,59.0469,0.00281591
2025-12-15 17:20:00,2025-12-15,0,Monday,208,77.5158,0.00369668
2025-12-15 17:25:00,2025-12-15,0,Monday,209,50.3931,0.00240321
2025-12-15 17:30:00,2025-12-15,0,Monday,210,80.264,0.00382774
2025-12-15 17:35:00,2025-12-15,0,Monday,211,85.0422,0.00405561
2025-12-15 17:40:00,2025-12-15,0,Monday,212,66.0415,0.00314948
2025-12-15 17:45:00,2025-12-15,0,Monday,213,73.5919,0.00350955
2025-12-15 17:50:00,2025-12-15,0,Monday,214,83.0306,0.00395967
2025-12-15 17:55:00,2025-12-15,0,Monday,215,66.6678,0.00317934
2025-12-15 18:00:00,2025-12-15,0,Monday,216,81.6867,0.00389558
2025-12-15 18:05:00,2025-12-15,0,Monday,217,65.5338,0.00312526
2025-12-15 18:10:00,2025-12-15,0,Monday,218,68.198,0.00325232
2025-12-15 18:15:00,2025-12-15,0,Monday,219,65.1724,0.00310803
2025-12-15 18:20:00,2025-12-15,0,Monday,220,78.4771,0.00374252
2025-12-15 18:25:00,2025-12-15,0,Monday,221,88.2962,0.00421079
2025-12-15 18:30:00,2025-12-15,0,Monday,222,73.7225,0.00351578
2025-12-15 18:35:00,2025-12-15,0,Monday,223,61.8328,0.00294877
2025-12-15 18:40:00,2025-12-15,0,Monday,224,64.4822,0.00307512
2025-12-15 18:45:00,2025-12-15,0,Monday,225,82.1574,0.00391803
2025-12-15 18:50:00,2025-12-15,0,Monday,226,99.7612,0.00475755
2025-12-15 18:55:00,2025-12-15,0,Monday,227,83.3699,0.00397586
2025-12-15 19:00:00,2025-12-15,0,Monday,228,74.6918,0.003562
2025-12-15 19:05:00,2025-12-15,0,Monday,229,89.0415,0.00424633
2025-12-15 19:10:00,2025-12-15,0,Monday,230,77.5395,0.00369781
2025-12-15 19:15:00,2025-12-15,0,Monday,231,76.3952,0.00364324
2025-12-15 19:20:00,2025-12-15,0,Monday,232,69.8245,0.00332989
2025-12-15 19:25:00,2025-12-15,0,Monday,233,99.4476,0.00474259
2025-12-15 19:30:00,2025-12-15,0,Monday,234,51.1707,0.0024403
2025-12-15 19:35:00,2025-12-15,0,Monday,235,93.1513,0.00444233
2025-12-15 19:40:00,2025-12-15,0,Monday,236,77.9086,0.00371541
2025-12-15 19:45:00,2025-12-15,0,Monday,237,79.0797,0.00377126
2025-12-15 19:50:00,2025-12-15,0,Monday,238,106.3186,0.00507026
2025-12-15 19:55:00,2025-12-15,0,Monday,239,76.1764,0.0036328
2025-12-15 20:00:00,2025-12-15,0,Monday,240,77.075,0.00367566
2025-12-15 20:05:00,2025-12-15,0,Monday,241,84.6508,0.00403694
2025-12-15 20:10:00,2025-12-15,0,Monday,242,92.2325,0.00439851
2025-12-15 20:15:00,2025-12-15,0,Monday,243,81.5483,0.00388899
2025-12-15 20:20:00,2025-12-15,0,Monday,244,67.0913,0.00319954
2025-12-15 20:25:00,2025-12-15,0,Monday,245,76.8387,0.00366439
2025-12-15 20:30:00,2025-12-15,0,Monday,246,105.8418,0.00504753
2025-12-15 20:35:00,2025-12-15,0,Monday,247,90.2447,0.00430371
2025-12-15 20:40:00,2025-12-15,0,Monday,248,95.7703,0.00456722
2025-12-15 20:45:00,2025-12-15,0,Monday,249,86.6146,0.00413059
2025-12-15 20:50:00,2025-12-15,0,Monday,250,81.6284,0.0038928
2025-12-15 20:55:00,2025-12-15,0,Monday,251,113.9257,0.00543304
2025-12-15 21:00:00,2025-12-15,0,Monday,252,88.8628,0.00423781
2025-12-15 21:05:00,2025-12-15,0,Monday,253,85.7487,0.0040893
2025-12-15 21:10:00,2025-12-15,0,Monday,254,107.4318,0.00512335
2025-12-15 21:15:00,2025-12-15,0,Monday,255,82.6169,0.00393995
2025-12-15 21:20:00,2025-12-15,0,Monday,256,84.7415,0.00404127
2025-12-15 21:25:00,2025-12-15,0,Monday,257,93.5604,0.00446183
2025-12-15 21:30:00,2025-12-15,0,Monday,258,93.7856,0.00447258
2025-12-15 21:35:00,2025-12-15,0,Monday,259,97.8025,0.00466414
2025-12-15 21:40:00,2025-12-15,0,Monday,260,124.1246,0.00591942
2025-12-15 21:45:00,2025-12-15,0,Monday,261,99.5972,0.00474972
2025-12-15 21:50:00,2025-12-15,0,Monday,262,61.2016,0.00291866
2025-12-15 21:55:00,2025-12-15,0,Monday,263,100.1221,0.00477476
2025-12-15 22:00:00,2025-12-15,0,Monday,264,96.2956,0.00459228
2025-12-15 22:05:00,2025-12-15,0,Monday,265,96.6676,0.00461001
2025-12-15 22:10:00,2025-12-15,0,Monday,266,99.8738,0.00476292
2025-12-15 22:15:00,2025-12-15,0,Monday,267,96.1722,0.00458639
2025-12-15 22:20:00,2025-12-15,0,Monday,268,96.0791,0.00458195
2025-12-15 22:25:00,2025-12-15,0,Monday,269,106.0153,0.0050558
2025-12-15 22:30:00,2025-12-15,0,Monday,270,89.4064,0.00426373
2025-12-15 22:35:00,2025-12-15,0,Monday,271,83.6744,0.00399038
2025-12-15 22:40:00,2025-12-15,0,Monday,272,142.0837,0.00677588
2025-12-15 22:45:00,2025-12-15,0,Monday,273,87.4273,0.00416935
2025-12-15 22:50:00,2025-12-15,0,Monday,274,99.6024,0.00474997
2025-12-15 22:55:00,2025-12-15,0,Monday,275,76.2465,0.00363615
2025-12-15 23:00:00,2025-12-15,0,Monday,276,100.1794,0.00477749
2025-12-15 23:05:00,2025-12-15,0,Monday,277,84.8029,0.00404419
2025-12-15 23:10:00,2025-12-15,0,Monday,278,92.1869,0.00439633
2025-12-15 23:15:00,2025-12-15,0,Monday,279,114.3597,0.00545374
2025-12-15 23:20:00,2025-12-15,0,Monday,280,105.9784,0.00505404
2025-12-15 23:25:00,2025-12-15,0,Monday,281,107.514,0.00512727
2025-12-15 23:30:00,2025-12-15,0,Monday,282,72.8085,0.00347219
2025-12-15 23:35:00,2025-12-15,0,Monday,283,126.5608,0.0060356
2025-12-15 23:40:00,2025-12-15,0,Monday,284,81.5303,0.00388813
2025-12-15 23:45:00,2025-12-15,0,Monday,285,122.0984,0.0058228
2025-12-15 23:50:00,2025-12-15,0,Monday,286,114.5817,0.00546433
2025-12-15 23:55:00,2025-12-15,0,Monday,287,107.9824,0.00514961
2025-12-16 00:00:00,2025-12-16,1,Tuesday,0,108.3683,0.00489789
2025-12-16 00:05:00,2025-12-16,1,Tuesday,1,98.4678,0.00445042
2025-12-16 00:10:00,2025-12-16,1,Tuesday,2,106.3929,0.0048086
2025-12-16 00:15:00,2025-12-16,1,Tuesday,3,101.928,0.00460681
2025-12-16 00:20:00,2025-12-16,1,Tuesday,4,73.4813,0.00332111
2025-12-16 00:25:00,2025-12-16,1,Tuesday,5,123.5878,0.00558576
2025-12-16 00:30:00,2025-12-16,1,Tuesday,6,104.4257,0.00471969
2025-12-16 00:35:00,2025-12-16,1,Tuesday,7,97.9418,0.00442664
2025-12-16 00:40:00,2025-12-16,1,Tuesday,8,96.6511,0.00436831
2025-12-16 00:45:00,2025-12-16,1,Tuesday,9,111.0712,0.00502005
2025-12-16 00:50:00,2025-12-16,1,Tuesday,10,91.1606,0.00412015
2025-12-16 00:55:00,2025-12-16,1,Tuesday,11,69.5676,0.00314422
2025-12-16 01:00:00,2025-12-16,1,Tuesday,12,111.385,0.00503423
2025-12-16 01:05:00,2025-12-16,1,Tuesday,13,112.9652,0.00510565
2025-12-16 01:10:00,2025-12-16,1,Tuesday,14,101.4886,0.00458695
2025-12-16 01:15:00,2025-12-16,1,Tuesday,15,86.4449,0.00390702
2025-12-16 01:20:00,2025-12-16,1,Tuesday,16,105.6065,0.00477306
2025-12-16 01:25:00,2025-12-16,1,Tuesday,17,81.1487,0.00366765
2025-12-16 01:30:00,2025-12-16,1,Tuesday,18,87.7716,0.00396698
2025-12-16 01:35:00,2025-12-16,1,Tuesday,19,91.8558,0.00415157
2025-12-16 01:40:00,2025-12-16,1,Tuesday,20,116.3222,0.00525737
2025-12-16 01:45:00,2025-12-16,1,Tuesday,21,97.3776,0.00440114
2025-12-16 01:50:00,2025-12-16,1,Tuesday,22,95.7949,0.00432961
2025-12-16 01:55:00,2025-12-16,1,Tuesday,23,132.4197,0.00598493
2025-12-16 02:00:00,2025-12-16,1,Tuesday,24,107.4847,0.00485795
2025-12-16 02:05:00,2025-12-16,1,Tuesday,25,106.941,0.00483337
2025-12-16 02:10:00,2025-12-16,1,Tuesday,26,95.8083,0.00433022
2025-12-16 02:15:00,2025-12-16,1,Tuesday,27,92.0458,0.00416016
2025-12-16 02:20:00,2025-12-16,1,Tuesday,28,67.6964,0.00305965
2025-12-16 02:25:00,2025-12-16,1,Tuesday,29,114.9499,0.00519535
2025-12-16 02:30:00,2025-12-16,1,Tuesday,30,106.7111,0.00482299
2025-12-16 02:35:00,2025-12-16,1,Tuesday,31,96.9214,0.00438052
2025-12-16 02:40:00,2025-12-16,1,Tuesday,32,97.1563,0.00439114
2025-12-16 02:45:00,2025-12-16,1,Tuesday,33,109.696,0.00495789
2025-12-16 02:50:00,2025-12-16,1,Tuesday,34,75.4271,0.00340905
2025-12-16 02:55:00,2025-12-16,1,Tuesday,35,89.2703,0.00403472
2025-12-16 03:00:00,2025-12-16,1,Tuesday,36,80.8774,0.00365539
2025-12-16 03:05:00,2025-12-16,1,Tuesday,37,122.8316,0.00555158
2025-12-16 03:10:00,2025-12-16,1,Tuesday,38,109.2704,0.00493866
2025-12-16 03:15:00,2025-12-16,1,Tuesday,39,64.3581,0.00290877
2025-12-16 03:20:00,2025-12-16,1,Tuesday,40,73.9207,0.00334097
2025-12-16 03:25:00,2025-12-16,1,Tuesday,41,93.2601,0.00421504
2025-12-16 03:30:00,2025-12-16,1,Tuesday,42,87.9453,0.00397484
2025-12-16 03:35:00,2025-12-16,1,Tuesday,43,75.4454,0.00340988
2025-12-16 03:40:00,2025-12-16,1,Tuesday,44,120.9513,0.00546659
2025-12-16 03:45:00,2025-12-16,1,Tuesday,45,97.4813,0.00440583
2025-12-16 03:50:00,2025-12-16,1,Tuesday,46,99.1823,0.00448271
2025-12-16 03:55:00,2025-12-16,1,Tuesday,47,82.4973,0.0037286
2025-12-16 04:00:00,2025-12-16,1,Tuesday,48,101.4243,0.00458404
2025-12-16 04:05:00,2025-12-16,1,Tuesday,49,85.77,0.00387652
2025-12-16 04:10:00,2025-12-16,1,Tuesday,50,86.5623,0.00391233
2025-12-16 04:15:00,2025-12-16,1,Tuesday,51,98.0764,0.00443272
2025-12-16 04:20:00,2025-12-16,1,Tuesday,52,67.4598,0.00304896
2025-12-16 04:25:00,2025-12-16,1,Tuesday,53,109.948,0.00496928
2025-12-16 04:30:00,2025-12-16,1,Tuesday,54,90.5306,0.00409168
2025-12-16 04:35:00,2025-12-16,1,Tuesday,55,104.3539,0.00471645
2025-12-16 04:40:00,2025-12-16,1,Tuesday,56,72.9194,0.00329571
2025-12-16 04:45:00,2025-12-16,1,Tuesday,57,74.3927,0.0033623
2025-12-16 04:50:00,2025-12-16,1,Tuesday,58,70.8058,0.00320018
2025-12-16 04:55:00,2025-12-16,1,Tuesday,59,88.3444,0.00399287
2025-12-16 05:00:00,2025-12-16,1,Tuesday,60,85.3771,0.00385876
2025-12-16 05:05:00,2025-12-16,1,Tuesday,61,78.083,0.00352909
2025-12-16 05:10:00,2025-12-16,1,Tuesday,62,70.6425,0.00319281
2025-12-16 05:15:00,2025-12-16,1,Tuesday,63,66.9869,0.00302758
2025-12-16 05:20:00,2025-12-16,1,Tuesday,64,81.4822,0.00368272
2025-12-16 05:25:00,2025-12-16,1,Tuesday,65,75.7683,0.00342448
2025-12-16 05:30:00,2025-12-16,1,Tuesday,66,72.5201,0.00327766
2025-12-16 05:35:00,2025-12-16,1,Tuesday,67,98.8202,0.00446634
2025-12-16 05:40:00,2025-12-16,1,Tuesday,68,78.597,0.00355232
2025-12-16 05:45:00,2025-12-16,1,Tuesday,69,93.9918,0.00424811
2025-12-16 05:50:00,2025-12-16,1,Tuesday,70,72.0568,0.00325673
2025-12-16 05:55:00,2025-12-16,1,Tuesday,71,80.544,0.00364032
2025-12-16 06:00:00,2025-12-16,1,Tuesday,72,76.4198,0.00345392
2025-12-16 06:05:00,2025-12-16,1,Tuesday,73,56.9681,0.00257477
2025-12-16 06:10:00,2025-12-16,1,Tuesday,74,92.0409,0.00415994
2025-12-16 06:15:00,2025-12-16,1,Tuesday,75,73.6471,0.0033286
2025-12-16 06:20:00,2025-12-16,1,Tuesday,76,82.8884,0.00374628
2025-12-16 06:25:00,2025-12-16,1,Tuesday,77,65.5771,0.00296387
2025-12-16 06:30:00,2025-12-16,1,Tuesday,78,71.477,0.00323052
2025-12-16 06:35:00,2025-12-16,1,Tuesday,79,63.2166,0.00285718
2025-12-16 06:40:00,2025-12-16,1,Tuesday,80,85.3998,0.00385978
2025-12-16 06:45:00,2025-12-16,1,Tuesday,81,74.7597,0.00337889
2025-12-16 06:50:00,2025-12-16,1,Tuesday,82,74.7049,0.00337641
2025-12-16 06:55:00,2025-12-16,1,Tuesday,83,84.4926,0.00381878
2025-12-16 07:00:00,2025-12-16,1,Tuesday,84,81.6508,0.00369034
2025-12-16 07:05:00,2025-12-16,1,Tuesday,85,76.893,0.00347531
2025-12-16 07:10:00,2025-12-16,1,Tuesday,86,53.7905,0.00243115
2025-12-16 07:15:00,2025-12-16,1,Tuesday,87,60.7,0.00274344
2025-12-16 07:20:00,2025-12-16,1,Tuesday,88,57.0616,0.00257899
2025-12-16 07:25:00,2025-12-16,1,Tuesday,89,73.8541,0.00333796
2025-12-16 07:30:00,2025-12-16,1,Tuesday,90,67.6918,0.00305945
2025-12-16 07:35:00,2025-12-16,1,Tuesday,91,51.7769,0.00234014
2025-12-16 07:40:00,2025-12-16,1,Tuesday,92,63.0123,0.00284795
2025-12-16 07:45:00,2025-12-16,1,Tuesday,93,49.8737,0.00225412
2025-12-16 07:50:00,2025-12-16,1,Tuesday,94,63.2095,0.00285686
2025-12-16 07:55:00,2025-12-16,1,Tuesday,95,47.4781,0.00214585
2025-12-16 08:00:00,2025-12-16,1,Tuesday,96,67.5788,0.00305434
2025-12-16 08:05:00,2025-12-16,1,Tuesday,97,65.5886,0.00296439
2025-12-16 08:10:00,2025-12-16,1,Tuesday,98,79.1449,0.00357708
2025-12-16 08:15:00,2025-12-16,1,Tuesday,99,68.7651,0.00310795
2025-12-16 08:20:00,2025-12-16,1,Tuesday,100,56.6489,0.00256034
2025-12-16 08:25:00,2025-12-16,1,Tuesday,101,67.3328,0.00304322
2025-12-16 08:30:00,2025-12-16,1,Tuesday,102,47.0015,0.00212431
2025-12-16 08:35:00,2025-12-16,1,Tuesday,103,50.4592,0.00228059
2025-12-16 08:40:00,2025-12-16,1,Tuesday,104,61.4085,0.00277546
2025-12-16 08:45:00,2025-12-16,1,Tuesday,105,39.2282,0.00177298
2025-12-16 08:50:00,2025-12-16,1,Tuesday,106,57.2172,0.00258603
2025-12-16 08:55:00,2025-12-16,1,Tuesday,107,48.3426,0.00218493
2025-12-16 09:00:00,2025-12-16,1,Tuesday,108,57.4877,0.00259825
2025-12-16 09:05:00,2025-12-16,1,Tuesday,109,47.1032,0.00212891
2025-12-16 09:10:00,2025-12-16,1,Tuesday,110,59.3034,0.00268032
2025-12-16 09:15:00,2025-12-16,1,Tuesday,111,55.4949,0.00250818
2025-12-16 09:20:00,2025-12-16,1,Tuesday,112,66.4611,0.00300382
2025-12-16 09:25:00,2025-12-16,1,Tuesday,113,54.5791,0.00246679
2025-12-16 09:30:00,2025-12-16,1,Tuesday,114,47.8933,0.00216462
2025-12-16 09:35:00,2025-12-16,1,Tuesday,115,51.7658,0.00233964
2025-12-16 09:40:00,2025-12-16,1,Tuesday,116,42.6241,0.00192647
2025-12-16 09:45:00,2025-12-16,1,Tuesday,117,56.2642,0.00254295
2025-12-16 09:50:00,2025-12-16,1,Tuesday,118,57.3506,0.00259206
2025-12-16 09:55:00,2025-12-16,1,Tuesday,119,71.7475,0.00324275
2025-12-16 10:00:00,2025-12-16,1,Tuesday,120,47.1812,0.00213243
2025-12-16 10:05:00,2025-12-16,1,Tuesday,121,49.6477,0.00224391
2025-12-16 10:10:00,2025-12-16,1,Tuesday,122,46.9868,0.00212365
2025-12-16 10:15:00,2025-12-16,1,Tuesday,123,52.7706,0.00238505
2025-12-16 10:20:00,2025-12-16,1,Tuesday,124,53.7832,0.00243082
2025-12-16 10:25:00,2025-12-16,1,Tuesday,125,50.2053,0.00226911
2025-12-16 10:30:00,2025-12-16,1,Tuesday,126,58.5695,0.00264714
2025-12-16 10:35:00,2025-12-16,1,Tuesday,127,45.4888,0.00205594
2025-12-16 10:40:00,2025-12-16,1,Tuesday,128,57.2883,0.00258924
2025-12-16 10:45:00,2025-12-16,1,Tuesday,129,53.711,0.00242756
2025-12-16 10:50:00,2025-12-16,1,Tuesday,130,49.4113,0.00223323
2025-12-16 10:55:00,2025-12-16,1,Tuesday,131,46.9879,0.00212369
2025-12-16 11:00:00,2025-12-16,1,Tuesday,132,67.0377,0.00302988
2025-12-16 11:05:00,2025-12-16,1,Tuesday,133,42.9874,0.00194289
2025-12-16 11:10:00,2025-12-16,1,Tuesday,134,51.0312,0.00230644
2025-12-16 11:15:00,2025-12-16,1,Tuesday,135,43.236,0.00195412
2025-12-16 11:20:00,2025-12-16,1,Tuesday,136,61.62,0.00278502
2025-12-16 11:25:00,2025-12-16,1,Tuesday,137,54.9511,0.00248361
2025-12-16 11:30:00,2025-12-16,1,Tuesday,138,43.4845,0.00196536
2025-12-16 11:35:00,2025-12-16,1,Tuesday,139,52.0514,0.00235255
2025-12-16 11:40:00,2025-12-16,1,Tuesday,140,50.1391,0.00226612
2025-12-16 11:45:00,2025-12-16,1,Tuesday,141,44.4879,0.0020107
2025-12-16 11:50:00,2025-12-16,1,Tuesday,142,53.6711,0.00242576
2025-12-16 11:55:00,2025-12-16,1,Tuesday,143,50.983,0.00230426
2025-12-16 12:00:00,2025-12-16,1,Tuesday,144,49.7215,0.00224725
2025-12-16 12:05:00,2025-12-16,1,Tuesday,145,47.8672,0.00216344
2025-12-16 12:10:00,2025-12-16,1,Tuesday,146,51.3066,0.00231889
2025-12-16 12:15:00,2025-12-16,1,Tuesday,147,49.8844,0.00225461
2025-12-16 12:20:00,2025-12-16,1,Tuesday,148,48.701,0.00220112
2025-12-16 12:25:00,2025-12-16,1,Tuesday,149,43.6874,0.00197453
2025-12-16 12:30:00,2025-12-16,1,Tuesday,150,60.7098,0.00274388
2025-12-16 12:35:00,2025-12-16,1,Tuesday,151,40.8578,0.00184664
2025-12-16 12:40:00,2025-12-16,1,Tuesday,152,51.7198,0.00233756
2025-12-16 12:45:00,2025-12-16,1,Tuesday,153,46.3782,0.00209614
2025-12-16 12:50:00,2025-12-16,1,Tuesday,154,61.7408,0.00279048
2025-12-16 12:55:00,2025-12-16,1,Tuesday,155,42.3519,0.00191416
2025-12-16 13:00:00,2025-12-16,1,Tuesday,156,43.7274,0.00197633
2025-12-16 13:05:00,2025-12-16,1,Tuesday,157,42.1433,0.00190474
2025-12-16 13:10:00,2025-12-16,1,Tuesday,158,51.9024,0.00234582
2025-12-16 13:15:00,2025-12-16,1,Tuesday,159,39.4614,0.00178352
2025-12-16 13:20:00,2025-12-16,1,Tuesday,160,46.3237,0.00209368
2025-12-16 13:25:00,2025-12-16,1,Tuesday,161,33.9439,0.00153415
2025-12-16 13:30:00,2025-12-16,1,Tuesday,162,52.1791,0.00235832
2025-12-16 13:35:00,2025-12-16,1,Tuesday,163,46.8131,0.00211579
2025-12-16 13:40:00,2025-12-16,1,Tuesday,164,39.5159,0.00178599
2025-12-16 13:45:00,2025-12-16,1,Tuesday,165,59.4716,0.00268792
2025-12-16 13:50:00,2025-12-16,1,Tuesday,166,41.3407,0.00186846
2025-12-16 13:55:00,2025-12-16,1,Tuesday,167,57.9089,0.00261729
2025-12-16 14:00:00,2025-12-16,1,Tuesday,168,46.563,0.00210449
2025-12-16 14:05:00,2025-12-16,1,Tuesday,169,64.9337,0.00293479
2025-12-16 14:10:00,2025-12-16,1,Tuesday,170,58.6128,0.0026491
2025-12-16 14:15:00,2025-12-16,1,Tuesday,171,45.0143,0.0020345
2025-12-16 14:20:00,2025-12-16,1,Tuesday,172,46.0449,0.00208108
2025-12-16 14:25:00,2025-12-16,1,Tuesday,173,58.6392,0.00265029
2025-12-16 14:30:00,2025-12-16,1,Tuesday,174,52.0043,0.00235042
2025-12-16 14:35:00,2025-12-16,1,Tuesday,175,53.1391,0.00240171
2025-12-16 14:40:00,2025-12-16,1,Tuesday,176,65.4055,0.00295611
2025-12-16 14:45:00,2025-12-16,1,Tuesday,177,49.1202,0.00222007
2025-12-16 14:50:00,2025-12-16,1,Tuesday,178,56.5188,0.00255446
2025-12-16 14:55:00,2025-12-16,1,Tuesday,179,64.2318,0.00290306
2025-12-16 15:00:00,2025-12-16,1,Tuesday,180,63.4999,0.00286998
2025-12-16 15:05:00,2025-12-16,1,Tuesday,181,55.7113,0.00251796
2025-12-16 15:10:00,2025-12-16,1,Tuesday,182,55.0445,0.00248783
2025-12-16 15:15:00,2025-12-16,1,Tuesday,183,42.8778,0.00193793
2025-12-16 15:20:00,2025-12-16,1,Tuesday,184,49.2196,0.00222456
2025-12-16 15:25:00,2025-12-16,1,Tuesday,185,61.7894,0.00279267
2025-12-16 15:30:00,2025-12-16,1,Tuesday,186,58.2392,0.00263222
2025-12-16 15:35:00,2025-12-16,1,Tuesday,187,60.6475,0.00274107
2025-12-16 15:40:00,2025-12-16,1,Tuesday,188,69.915,0.00315992
2025-12-16 15:45:00,2025-12-16,1,Tuesday,189,50.1411,0.00226621
2025-12-16 15:50:00,2025-12-16,1,Tuesday,190,59.3543,0.00268261
2025-12-16 15:55:00,2025-12-16,1,Tuesday,191,63.8266,0.00288475
2025-12-16 16:00:00,2025-12-16,1,Tuesday,192,55.9988,0.00253096
2025-12-16 16:05:00,2025-12-16,1,Tuesday,193,76.7237,0.00346765
2025-12-16 16:10:00,2025-12-16,1,Tuesday,194,72.4014,0.0032723
2025-12-16 16:15:00,2025-12-16,1,Tuesday,195,67.0773,0.00303167
2025-12-16 16:20:00,2025-12-16,1,Tuesday,196,82.3012,0.00371974
2025-12-16 16:25:00,2025-12-16,1,Tuesday,197,50.7133,0.00229207
2025-12-16 16:30:00,2025-12-16,1,Tuesday,198,65.9258,0.00297963
2025-12-16 16:35:00,2025-12-16,1,Tuesday,199,70.2464,0.0031749
2025-12-16 16:40:00,2025-12-16,1,Tuesday,200,57.9618,0.00261968
2025-12-16 16:45:00,2025-12-16,1,Tuesday,201,70.8292,0.00320124
2025-12-16 16:50:00,2025-12-16,1,Tuesday,202,57.0225,0.00257723
2025-12-16 16:55:00,2025-12-16,1,Tuesday,203,76.1192,0.00344034
2025-12-16 17:00:00,2025-12-16,1,Tuesday,204,80.6227,0.00364387
2025-12-16 17:05:00,2025-12-16,1,Tuesday,205,73.0598,0.00330206
2025-12-16 17:10:00,2025-12-16,1,Tuesday,206,51.1279,0.00231081
2025-12-16 17:15:00,2025-12-16,1,Tuesday,207,61.0656,0.00275996
2025-12-16 17:20:00,2025-12-16,1,Tuesday,208,78.1455,0.00353192
2025-12-16 17:25:00,2025-12-16,1,Tuesday,209,72.8961,0.00329466
2025-12-16 17:30:00,2025-12-16,1,Tuesday,210,43.673,0.00197387
2025-12-16 17:35:00,2025-12-16,1,Tuesday,211,87.6946,0.0039635
2025-12-16 17:40:00,2025-12-16,1,Tuesday,212,76.0705,0.00343813
2025-12-16 17:45:00,2025-12-16,1,Tuesday,213,65.9355,0.00298006
2025-12-16 17:50:00,2025-12-16,1,Tuesday,214,87.1133,0.00393723
2025-12-16 17:55:00,2025-12-16,1,Tuesday,215,68.663,0.00310334
2025-12-16 18:00:00,2025-12-16,1,Tuesday,216,69.1032,0.00312323
2025-12-16 18:05:00,2025-12-16,1,Tuesday,217,81.8676,0.00370014
2025-12-16 18:10:00,2025-12-16,1,Tuesday,218,99.2457,0.00448557
2025-12-16 18:15:00,2025-12-16,1,Tuesday,219,98.1787,0.00443735
2025-12-16 18:20:00,2025-12-16,1,Tuesday,220,83.8736,0.0037908
2025-12-16 18:25:00,2025-12-16,1,Tuesday,221,85.7701,0.00387652
2025-12-16 18:30:00,2025-12-16,1,Tuesday,222,90.4299,0.00408713
2025-12-16 18:35:00,2025-12-16,1,Tuesday,223,66.0986,0.00298744
2025-12-16 18:40:00,2025-12-16,1,Tuesday,224,90.0098,0.00406814
2025-12-16 18:45:00,2025-12-16,1,Tuesday,225,73.5927,0.00332615
2025-12-16 18:50:00,2025-12-16,1,Tuesday,226,87.2959,0.00394548
2025-12-16 18:55:00,2025-12-16,1,Tuesday,227,81.066,0.00366391
2025-12-16 19:00:00,2025-12-16,1,Tuesday,228,90.8963,0.00410821
2025-12-16 19:05:00,2025-12-16,1,Tuesday,229,86.656,0.00391656
2025-12-16 19:10:00,2025-12-16,1,Tuesday,230,46.2236,0.00208915
2025-12-16 19:15:00,2025-12-16,1,Tuesday,231,88.6671,0.00400746
2025-12-16 19:20:00,2025-12-16,1,Tuesday,232,95.3195,0.00430812
2025-12-16 19:25:00,2025-12-16,1,Tuesday,233,93.3899,0.00422091
2025-12-16 19:30:00,2025-12-16,1,Tuesday,234,86.7639,0.00392144
2025-12-16 19:35:00,2025-12-16,1,Tuesday,235,110.5485,0.00499642
2025-12-16 19:40:00,2025-12-16,1,Tuesday,236,93.4435,0.00422333
2025-12-16 19:45:00,2025-12-16,1,Tuesday,237,95.7405,0.00432715
2025-12-16 19:50:00,2025-12-16,1,Tuesday,238,104.5687,0.00472616
2025-12-16 19:55:00,2025-12-16,1,Tuesday,239,95.9079,0.00433472
2025-12-16 20:00:00,2025-12-16,1,Tuesday,240,79.1834,0.00357882
2025-12-16 20:05:00,2025-12-16,1,Tuesday,241,58.3843,0.00263877
2025-12-16 20:10:00,2025-12-16,1,Tuesday,242,85.9616,0.00388518
2025-12-16 20:15:00,2025-12-16,1,Tuesday,243,103.7443,0.0046889
2025-12-16 20:20:00,2025-12-16,1,Tuesday,244,88.6768,0.0040079
2025-12-16 20:25:00,2025-12-16,1,Tuesday,245,105.4632,0.00476658
2025-12-16 20:30:00,2025-12-16,1,Tuesday,246,96.7646,0.00437344
2025-12-16 20:35:00,2025-12-16,1,Tuesday,247,113.5327,0.0051313
2025-12-16 20:40:00,2025-12-16,1,Tuesday,248,91.4013,0.00413103
2025-12-16 20:45:00,2025-12-16,1,Tuesday,249,102.8565,0.00464877
2025-12-16 20:50:00,2025-12-16,1,Tuesday,250,103.9133,0.00469653
2025-12-16 20:55:00,2025-12-16,1,Tuesday,251,118.9027,0.005374
2025-12-16 21:00:00,2025-12-16,1,Tuesday,252,72.5367,0.00327842
2025-12-16 21:05:00,2025-12-16,1,Tuesday,253,91.2017,0.00412201
2025-12-16 21:10:00,2025-12-16,1,Tuesday,254,110.8867,0.00501171
2025-12-16 21:15:00,2025-12-16,1,Tuesday,255,121.695,0.00550021
2025-12-16 21:20:00,2025-12-16,1,Tuesday,256,102.7704,0.00464488
2025-12-16 21:25:00,2025-12-16,1,Tuesday,257,95.2252,0.00430386
2025-12-16 21:30:00,2025-12-16,1,Tuesday,258,111.3427,0.00503232
2025-12-16 21:35:00,2025-12-16,1,Tuesday,259,113.4438,0.00512728
2025-12-16 21:40:00,2025-12-16,1,Tuesday,260,95.2984,0.00430717
2025-12-16 21:45:00,2025-12-16,1,Tuesday,261,106.0974,0.00479525
2025-12-16 21:50:00,2025-12-16,1,Tuesday,262,119.395,0.00539626
2025-12-16 21:55:00,2025-12-16,1,Tuesday,263,130.624,0.00590377
2025-12-16 22:00:00,2025-12-16,1,Tuesday,264,113.459,0.00512797
2025-12-16 22:05:00,2025-12-16,1,Tuesday,265,103.0746,0.00465863
2025-12-16 22:10:00,2025-12-16,1,Tuesday,266,101.8609,0.00460377
2025-12-16 22:15:00,2025-12-16,1,Tuesday,267,111.5888,0.00504344
2025-12-16 22:20:00,2025-12-16,1,Tuesday,268,101.46,0.00458565
2025-12-16 22:25:00,2025-12-16,1,Tuesday,269,106.4562,0.00481146
2025-12-16 22:30:00,2025-12-16,1,Tuesday,270,87.2946,0.00394542
2025-12-16 22:35:00,2025-12-16,1,Tuesday,271,124.2271,0.00561465
2025-12-16 22:40:00,2025-12-16,1,Tuesday,272,86.3924,0.00390465
2025-12-16 22:45:00,2025-12-16,1,Tuesday,273,97.6569,0.00441376
2025-12-16 22:50:00,2025-12-16,1,Tuesday,274,106.1531,0.00479776
2025-12-16 22:55:00,2025-12-16,1,Tuesday,275,136.1042,0.00615145
2025-12-16 23:00:00,2025-12-16,1,Tuesday,276,98.3187,0.00444368
2025-12-16 23:05:00,2025-12-16,1,Tuesday,277,94.628,0.00427687
2025-12-16 23:10:00,2025-12-16,1,Tuesday,278,96.576,0.00436491
2025-12-16 23:15:00,2025-12-16,1,Tuesday,279,131.6318,0.00594932
2025-12-16 23:20:00,2025-12-16,1,Tuesday,280,61.0062,0.00275727
2025-12-16 23:25:00,2025-12-16,1,Tuesday,281,89.7359,0.00405576
2025-12-16 23:30:00,2025-12-16,1,Tuesday,282,149.0212,0.00673526
2025-12-16 23:35:00,2025-12-16,1,Tuesday,283,115.1634,0.005205
2025-12-16 23:40:00,2025-12-16,1,Tuesday,284,88.2889,0.00399036
2025-12-16 23:45:00,2025-12-16,1,Tuesday,285,105.2313,0.0047561
2025-12-16 23:50:00,2025-12-16,1,Tuesday,286,107.0033,0.00483619
2025-12-16 23:55:00,2025-12-16,1,Tuesday,287,119.3994,0.00539646
2025-12-17 00:00:00,2025-12-17,2,Wednesday,0,155.4792,0.0051632
2025-12-17 00:05:00,2025-12-17,2,Wednesday,1,135.0122,0.00448353
2025-12-17 00:10:00,2025-12-17,2,Wednesday,2,164.2192,0.00545344
2025-12-17 00:15:00,2025-12-17,2,Wednesday,3,131.452,0.0043653
2025-12-17 00:20:00,2025-12-17,2,Wednesday,4,124.0155,0.00411834
2025-12-17 00:25:00,2025-12-17,2,Wednesday,5,107.9573,0.00358508
2025-12-17 00:30:00,2025-12-17,2,Wednesday,6,112.1627,0.00372473
2025-12-17 00:35:00,2025-12-17,2,Wednesday,7,126.7575,0.0042094
2025-12-17 00:40:00,2025-12-17,2,Wednesday,8,120.4598,0.00400027
2025-12-17 00:45:00,2025-12-17,2,Wednesday,9,153.0134,0.00508131
2025-12-17 00:50:00,2025-12-17,2,Wednesday,10,119.7058,0.00397523
2025-12-17 00:55:00,2025-12-17,2,Wednesday,11,77.0312,0.00255808
2025-12-17 01:00:00,2025-12-17,2,Wednesday,12,122.7598,0.00407665
2025-12-17 01:05:00,2025-12-17,2,Wednesday,13,135.0305,0.00448413
2025-12-17 01:10:00,2025-12-17,2,Wednesday,14,131.8879,0.00437977
2025-12-17 01:15:00,2025-12-17,2,Wednesday,15,177.7919,0.00590417
2025-12-17 01:20:00,2025-12-17,2,Wednesday,16,131.2016,0.00435698
2025-12-17 01:25:00,2025-12-17,2,Wednesday,17,163.2455,0.00542111
2025-12-17 01:30:00,2025-12-17,2,Wednesday,18,143.4569,0.00476396
2025-12-17 01:35:00,2025-12-17,2,Wednesday,19,142.6125,0.00473592
2025-12-17 01:40:00,2025-12-17,2,Wednesday,20,125.2232,0.00415845
2025-12-17 01:45:00,2025-12-17,2,Wednesday,21,141.5254,0.00469982
2025-12-17 01:50:00,2025-12-17,2,Wednesday,22,126.048,0.00418584
2025-12-17 01:55:00,2025-12-17,2,Wednesday,23,145.5981,0.00483507
2025-12-17 02:00:00,2025-12-17,2,Wednesday,24,136.5323,0.00453401
2025-12-17 02:05:00,2025-12-17,2,Wednesday,25,121.1096,0.00402184
2025-12-17 02:10:00,2025-12-17,2,Wednesday,26,161.5667,0.00536536
2025-12-17 02:15:00,2025-12-17,2,Wednesday,27,149.138,0.00495262
2025-12-17 02:20:00,2025-12-17,2,Wednesday,28,130.2831,0.00432648
2025-12-17 02:25:00,2025-12-17,2,Wednesday,29,142.1982,0.00472216
2025-12-17 02:30:00,2025-12-17,2,Wednesday,30,136.8934,0.004546
2025-12-17 02:35:00,2025-12-17,2,Wednesday,31,120.1252,0.00398915
2025-12-17 02:40:00,2025-12-17,2,Wednesday,32,138.9968,0.00461585
2025-12-17 02:45:00,2025-12-17,2,Wednesday,33,124.2139,0.00412493
2025-12-17 02:50:00,2025-12-17,2,Wednesday,34,117.0578,0.00388729
2025-12-17 02:55:00,2025-12-17,2,Wednesday,35,102.7383,0.00341176
2025-12-17 03:00:00,2025-12-17,2,Wednesday,36,127.9093,0.00424765
2025-12-17 03:05:00,2025-12-17,2,Wednesday,37,145.9994,0.00484839
2025-12-17 03:10:00,2025-12-17,2,Wednesday,38,119.9639,0.0039838
2025-12-17 03:15:00,2025-12-17,2,Wednesday,39,183.6563,0.00609891
2025-12-17 03:20:00,2025-12-17,2,Wednesday,40,150.2205,0.00498857
2025-12-17 03:25:00,2025-12-17,2,Wednesday,41,157.7396,0.00523826
2025-12-17 03:30:00,2025-12-17,2,Wednesday,42,146.8955,0.00487815
2025-12-17 03:35:00,2025-12-17,2,Wednesday,43,166.8223,0.00553988
2025-12-17 03:40:00,2025-12-17,2,Wednesday,44,114.504,0.00380248
2025-12-17 03:45:00,2025-12-17,2,Wednesday,45,79.5169,0.00264062
2025-12-17 03:50:00,2025-12-17,2,Wednesday,46,119.7861,0.00397789
2025-12-17 03:55:00,2025-12-17,2,Wednesday,47,138.3219,0.00459343
2025-12-17 04:00:00,2025-12-17,2,Wednesday,48,129.7662,0.00430931
2025-12-17 04:05:00,2025-12-17,2,Wednesday,49,131.3321,0.00436132
2025-12-17 04:10:00,2025-12-17,2,Wednesday,50,150.1862,0.00498743
2025-12-17 04:15:00,2025-12-17,2,Wednesday,51,131.709,0.00437383
2025-12-17 04:20:00,2025-12-17,2,Wednesday,52,138.6156,0.00460319
2025-12-17 04:25:00,2025-12-17,2,Wednesday,53,105.6528,0.00350855
2025-12-17 04:30:00,2025-12-17,2,Wednesday,54,102.1062,0.00339077
2025-12-17 04:35:00,2025-12-17,2,Wednesday,55,150.7565,0.00500637
2025-12-17 04:40:00,2025-12-17,2,Wednesday,56,122.3771,0.00406393
2025-12-17 04:45:00,2025-12-17,2,Wednesday,57,108.5352,0.00360427
2025-12-17 04:50:00,2025-12-17,2,Wednesday,58,107.8148,0.00358035
2025-12-17 04:55:00,2025-12-17,2,Wednesday,59,106.5652,0.00353885
2025-12-17 05:00:00,2025-12-17,2,Wednesday,60,104.7533,0.00347868
2025-12-17 05:05:00,2025-12-17,2,Wednesday,61,93.9736,0.0031207
2025-12-17 05:10:00,2025-12-17,2,Wednesday,62,89.5213,0.00297285
2025-12-17 05:15:00,2025-12-17,2,Wednesday,63,111.3113,0.00369646
2025-12-17 05:20:00,2025-12-17,2,Wednesday,64,103.6843,0.00344318
2025-12-17 05:25:00,2025-12-17,2,Wednesday,65,131.7007,0.00437356
2025-12-17 05:30:00,2025-12-17,2,Wednesday,66,117.0055,0.00388555
2025-12-17 05:35:00,2025-12-17,2,Wednesday,67,115.6364,0.00384009
2025-12-17 05:40:00,2025-12-17,2,Wednesday,68,98.0411,0.00325578
2025-12-17 05:45:00,2025-12-17,2,Wednesday,69,107.4816,0.00356928
2025-12-17 05:50:00,2025-12-17,2,Wednesday,70,114.4766,0.00380157
2025-12-17 05:55:00,2025-12-17,2,Wednesday,71,119.295,0.00396158
2025-12-17 06:00:00,2025-12-17,2,Wednesday,72,105.3435,0.00349828
2025-12-17 06:05:00,2025-12-17,2,Wednesday,73,123.1282,0.00408888
2025-12-17 06:10:00,2025-12-17,2,Wednesday,74,105.2266,0.0034944
2025-12-17 06:15:00,2025-12-17,2,Wednesday,75,116.6233,0.00387286
2025-12-17 06:20:00,2025-12-17,2,Wednesday,76,95.7618,0.00318009
2025-12-17 06:25:00,2025-12-17,2,Wednesday,77,74.6215,0.00247805
2025-12-17 06:30:00,2025-12-17,2,Wednesday,78,105.709,0.00351042
2025-12-17 06:35:00,2025-12-17,2,Wednesday,79,111.7149,0.00370986
2025-12-17 06:40:00,2025-12-17,2,Wednesday,80,108.5114,0.00360348
2025-12-17 06:45:00,2025-12-17,2,Wednesday,81,105.3029,0.00349693
2025-12-17 06:50:00,2025-12-17,2,Wednesday,82,93.0426,0.00308979
2025-12-17 06:55:00,2025-12-17,2,Wednesday,83,85.5473,0.00284088
2025-12-17 07:00:00,2025-12-17,2,Wednesday,84,104.4624,0.00346902
2025-12-17 07:05:00,2025-12-17,2,Wednesday,85,101.7537,0.00337907
2025-12-17 07:10:00,2025-12-17,2,Wednesday,86,86.8237,0.00288327
2025-12-17 07:15:00,2025-12-17,2,Wednesday,87,109.6066,0.00363985
2025-12-17 07:20:00,2025-12-17,2,Wednesday,88,80.8092,0.00268354
2025-12-17 07:25:00,2025-12-17,2,Wednesday,89,84.245,0.00279763
2025-12-17 07:30:00,2025-12-17,2,Wednesday,90,113.9786,0.00378503
2025-12-17 07:35:00,2025-12-17,2,Wednesday,91,102.5296,0.00340483
2025-12-17 07:40:00,2025-12-17,2,Wednesday,92,85.0863,0.00282557
2025-12-17 07:45:00,2025-12-17,2,Wednesday,93,92.9687,0.00308733
2025-12-17 07:50:00,2025-12-17,2,Wednesday,94,90.3983,0.00300197
2025-12-17 07:55:00,2025-12-17,2,Wednesday,95,51.5085,0.00171051
2025-12-17 08:00:00,2025-12-17,2,Wednesday,96,75.0101,0.00249096
2025-12-17 08:05:00,2025-12-17,2,Wednesday,97,85.4057,0.00283618
2025-12-17 08:10:00,2025-12-17,2,Wednesday,98,80.7559,0.00268177
2025-12-17 08:15:00,2025-12-17,2,Wednesday,99,87.723,0.00291313
2025-12-17 08:20:00,2025-12-17,2,Wednesday,100,98.0751,0.00325691
2025-12-17 08:25:00,2025-12-17,2,Wednesday,101,79.1451,0.00262827
2025-12-17 08:30:00,2025-12-17,2,Wednesday,102,69.3749,0.00230382
2025-12-17 08:35:00,2025-12-17,2,Wednesday,103,85.7532,0.00284772
2025-12-17 08:40:00,2025-12-17,2,Wednesday,104,77.12,0.00256103
2025-12-17 08:45:00,2025-12-17,2,Wednesday,105,78.5468,0.00260841
2025-12-17 08:50:00,2025-12-17,2,Wednesday,106,76.2871,0.00253337
2025-12-17 08:55:00,2025-12-17,2,Wednesday,107,105.7538,0.00351191
2025-12-17 09:00:00,2025-12-17,2,Wednesday,108,52.1263,0.00173103
2025-12-17 09:05:00,2025-12-17,2,Wednesday,109,73.3666,0.00243638
2025-12-17 09:10:00,2025-12-17,2,Wednesday,110,77.2643,0.00256581
2025-12-17 09:15:00,2025-12-17,2,Wednesday,111,67.7337,0.00224932
2025-12-17 09:20:00,2025-12-17,2,Wednesday,112,86.4333,0.0028703
2025-12-17 09:25:00,2025-12-17,2,Wednesday,113,84.8222,0.0028168
2025-12-17 09:30:00,2025-12-17,2,Wednesday,114,74.5225,0.00247477
2025-12-17 09:35:00,2025-12-17,2,Wednesday,115,71.5094,0.00237471
2025-12-17 09:40:00,2025-12-17,2,Wednesday,116,72.7833,0.00241701
2025-12-17 09:45:00,2025-12-17,2,Wednesday,117,72.3771,0.00240352
2025-12-17 09:50:00,2025-12-17,2,Wednesday,118,72.1964,0.00239752
2025-12-17 09:55:00,2025-12-17,2,Wednesday,119,70.5465,0.00234273
2025-12-17 10:00:00,2025-12-17,2,Wednesday,120,74.8804,0.00248665
2025-12-17 10:05:00,2025-12-17,2,Wednesday,121,79.8226,0.00265077
2025-12-17 10:10:00,2025-12-17,2,Wednesday,122,58.1485,0.00193101
2025-12-17 10:15:00,2025-12-17,2,Wednesday,123,59.7366,0.00198375
2025-12-17 10:20:00,2025-12-17,2,Wednesday,124,52.0347,0.00172798
2025-12-17 10:25:00,2025-12-17,2,Wednesday,125,79.2933,0.00263319
2025-12-17 10:30:00,2025-12-17,2,Wednesday,126,72.4523,0.00240602
2025-12-17 10:35:00,2025-12-17,2,Wednesday,127,74.7723,0.00248306
2025-12-17 10:40:00,2025-12-17,2,Wednesday,128,54.3592,0.00180518
2025-12-17 10:45:00,2025-12-17,2,Wednesday,129,87.3559,0.00290094
2025-12-17 10:50:00,2025-12-17,2,Wednesday,130,62.3665,0.00207108
2025-12-17 10:55:00,2025-12-17,2,Wednesday,131,70.1063,0.00232811
2025-12-17 11:00:00,2025-12-17,2,Wednesday,132,76.8789,0.00255302
2025-12-17 11:05:00,2025-12-17,2,Wednesday,133,57.8719,0.00192183
2025-12-17 11:10:00,2025-12-17,2,Wednesday,134,62.1796,0.00206488
2025-12-17 11:15:00,2025-12-17,2,Wednesday,135,69.3656,0.00230351
2025-12-17 11:20:00,2025-12-17,2,Wednesday,136,96.2733,0.00319707
2025-12-17 11:25:00,2025-12-17,2,Wednesday,137,70.284,0.00233401
2025-12-17 11:30:00,2025-12-17,2,Wednesday,138,83.2966,0.00276614
2025-12-17 11:35:00,2025-12-17,2,Wednesday,139,79.1387,0.00262806
2025-12-17 11:40:00,2025-12-17,2,Wednesday,140,70.6275,0.00234542
2025-12-17 11:45:00,2025-12-17,2,Wednesday,141,56.9445,0.00189103
2025-12-17 11:50:00,2025-12-17,2,Wednesday,142,77.44,0.00257165
2025-12-17 11:55:00,2025-12-17,2,Wednesday,143,51.781,0.00171956
2025-12-17 12:00:00,2025-12-17,2,Wednesday,144,82.8163,0.00275019
2025-12-17 12:05:00,2025-12-17,2,Wednesday,145,68.7935,0.00228452
2025-12-17 12:10:00,2025-12-17,2,Wednesday,146,40.2558,0.00133683
2025-12-17 12:15:00,2025-12-17,2,Wednesday,147,63.4508,0.00210709
2025-12-17 12:20:00,2025-12-17,2,Wednesday,148,73.4983,0.00244075
2025-12-17 12:25:00,2025-12-17,2,Wednesday,149,64.6356,0.00214644
2025-12-17 12:30:00,2025-12-17,2,Wednesday,150,74.322,0.00246811
2025-12-17 12:35:00,2025-12-17,2,Wednesday,151,58.6724,0.00194841
2025-12-17 12:40:00,2025-12-17,2,Wednesday,152,54.1876,0.00179948
2025-12-17 12:45:00,2025-12-17,2,Wednesday,153,66.8262,0.00221918
2025-12-17 12:50:00,2025-12-17,2,Wednesday,154,68.0507,0.00225985
2025-12-17 12:55:00,2025-12-17,2,Wednesday,155,64.3787,0.00213791
2025-12-17 13:00:00,2025-12-17,2,Wednesday,156,80.6907,0.0026796
2025-12-17 13:05:00,2025-12-17,2,Wednesday,157,59.6603,0.00198122
2025-12-17 13:10:00,2025-12-17,2,Wednesday,158,71.8588,0.00238631
2025-12-17 13:15:00,2025-12-17,2,Wednesday,159,69.6092,0.0023116
2025-12-17 13:20:00,2025-12-17,2,Wednesday,160,53.0387,0.00176133
2025-12-17 13:25:00,2025-12-17,2,Wednesday,161,55.7528,0.00185145
2025-12-17 13:30:00,2025-12-17,2,Wednesday,162,69.955,0.00232309
2025-12-17 13:35:00,2025-12-17,2,Wednesday,163,91.0277,0.00302288
2025-12-17 13:40:00,2025-12-17,2,Wednesday,164,76.6631,0.00254585
2025-12-17 13:45:00,2025-12-17,2,Wednesday,165,52.557,0.00174533
2025-12-17 13:50:00,2025-12-17,2,Wednesday,166,38.0373,0.00126316
2025-12-17 13:55:00,2025-12-17,2,Wednesday,167,79.6057,0.00264357
2025-12-17 14:00:00,2025-12-17,2,Wednesday,168,71.1071,0.00236135
2025-12-17 14:05:00,2025-12-17,2,Wednesday,169,85.0209,0.0028234
2025-12-17 14:10:00,2025-12-17,2,Wednesday,170,63.4041,0.00210554
2025-12-17 14:15:00,2025-12-17,2,Wednesday,171,77.3958,0.00257018
2025-12-17 14:20:00,2025-12-17,2,Wednesday,172,83.4224,0.00277031
2025-12-17 14:25:00,2025-12-17,2,Wednesday,173,69.5328,0.00230907
2025-12-17 14:30:00,2025-12-17,2,Wednesday,174,70.2629,0.00233331
2025-12-17 14:35:00,2025-12-17,2,Wednesday,175,75.8863,0.00252006
2025-12-17 14:40:00,2025-12-17,2,Wednesday,176,82.3535,0.00273482
2025-12-17 14:45:00,2025-12-17,2,Wednesday,177,76.5586,0.00254238
2025-12-17 14:50:00,2025-12-17,2,Wednesday,178,88.6016,0.00294231
2025-12-17 14:55:00,2025-12-17,2,Wednesday,179,72.5066,0.00240782
2025-12-17 15:00:00,2025-12-17,2,Wednesday,180,62.8709,0.00208784
2025-12-17 15:05:00,2025-12-17,2,Wednesday,181,102.6096,0.00340749
2025-12-17 15:10:00,2025-12-17,2,Wednesday,182,72.5432,0.00240904
2025-12-17 15:15:00,2025-12-17,2,Wednesday,183,73.5717,0.00244319
2025-12-17 15:20:00,2025-12-17,2,Wednesday,184,80.2926,0.00266638
2025-12-17 15:25:00,2025-12-17,2,Wednesday,185,82.5928,0.00274277
2025-12-17 15:30:00,2025-12-17,2,Wednesday,186,77.6738,0.00257941
2025-12-17 15:35:00,2025-12-17,2,Wednesday,187,82.9382,0.00275424
2025-12-17 15:40:00,2025-12-17,2,Wednesday,188,83.366,0.00276844
2025-12-17 15:45:00,2025-12-17,2,Wednesday,189,86.8058,0.00288267
2025-12-17 15:50:00,2025-12-17,2,Wednesday,190,55.1487,0.0018314
2025-12-17 15:55:00,2025-12-17,2,Wednesday,191,110.3429,0.0036643
2025-12-17 16:00:00,2025-12-17,2,Wednesday,192,84.8963,0.00281926
2025-12-17 16:05:00,2025-12-17,2,Wednesday,193,95.2033,0.00316154
2025-12-17 16:10:00,2025-12-17,2,Wednesday,194,70.0843,0.00232738
2025-12-17 16:15:00,2025-12-17,2,Wednesday,195,82.8299,0.00275064
2025-12-17 16:20:00,2025-12-17,2,Wednesday,196,80.8472,0.0026848
2025-12-17 16:25:00,2025-12-17,2,Wednesday,197,110.7091,0.00367646
2025-12-17 16:30:00,2025-12-17,2,Wednesday,198,83.4734,0.00277201
2025-12-17 16:35:00,2025-12-17,2,Wednesday,199,102.8248,0.00341464
2025-12-17 16:40:00,2025-12-17,2,Wednesday,200,84.0568,0.00279138
2025-12-17 16:45:00,2025-12-17,2,Wednesday,201,87.5891,0.00290868
2025-12-17 16:50:00,2025-12-17,2,Wednesday,202,91.3079,0.00303218
2025-12-17 16:55:00,2025-12-17,2,Wednesday,203,114.0535,0.00378752
2025-12-17 17:00:00,2025-12-17,2,Wednesday,204,69.1286,0.00229564
2025-12-17 17:05:00,2025-12-17,2,Wednesday,205,78.1178,0.00259416
2025-12-17 17:10:00,2025-12-17,2,Wednesday,206,69.4992,0.00230795
2025-12-17 17:15:00,2025-12-17,2,Wednesday,207,82.8769,0.0027522
2025-12-17 17:20:00,2025-12-17,2,Wednesday,208,87.7299,0.00291336
2025-12-17 17:25:00,2025-12-17,2,Wednesday,209,76.3535,0.00253557
2025-12-17 17:30:00,2025-12-17,2,Wednesday,210,90.428,0.00300296
2025-12-17 17:35:00,2025-12-17,2,Wednesday,211,71.5142,0.00237486
2025-12-17 17:40:00,2025-12-17,2,Wednesday,212,87.5739,0.00290818
2025-12-17 17:45:00,2025-12-17,2,Wednesday,213,122.9954,0.00408447
2025-12-17 17:50:00,2025-12-17,2,Wednesday,214,111.4632,0.0037015
2025-12-17 17:55:00,2025-12-17,2,Wednesday,215,108.9543,0.00361819
2025-12-17 18:00:00,2025-12-17,2,Wednesday,216,90.7766,0.00301454
2025-12-17 18:05:00,2025-12-17,2,Wednesday,217,82.9018,0.00275303
2025-12-17 18:10:00,2025-12-17,2,Wednesday,218,90.0399,0.00299007
2025-12-17 18:15:00,2025-12-17,2,Wednesday,219,108.7594,0.00361172
2025-12-17 18:20:00,2025-12-17,2,Wednesday,220,124.7098,0.0041414
2025-12-17 18:25:00,2025-12-17,2,Wednesday,221,126.2634,0.00419299
2025-12-17 18:30:00,2025-12-17,2,Wednesday,222,122.68,0.00407399
2025-12-17 18:35:00,2025-12-17,2,Wednesday,223,100.4483,0.00333572
2025-12-17 18:40:00,2025-12-17,2,Wednesday,224,114.2252,0.00379323
2025-12-17 18:45:00,2025-12-17,2,Wednesday,225,109.1383,0.0036243
2025-12-17 18:50:00,2025-12-17,2,Wednesday,226,112.0345,0.00372047
2025-12-17 18:55:00,2025-12-17,2,Wednesday,227,151.9317,0.00504539
2025-12-17 19:00:00,2025-12-17,2,Wednesday,228,86.2378,0.00286381
2025-12-17 19:05:00,2025-12-17,2,Wednesday,229,113.9047,0.00378258
2025-12-17 19:10:00,2025-12-17,2,Wednesday,230,140.5081,0.00466604
2025-12-17 19:15:00,2025-12-17,2,Wednesday,231,93.4017,0.00310171
2025-12-17 19:20:00,2025-12-17,2,Wednesday,232,108.9117,0.00361677
2025-12-17 19:25:00,2025-12-17,2,Wednesday,233,111.7391,0.00371067
2025-12-17 19:30:00,2025-12-17,2,Wednesday,234,118.0895,0.00392155
2025-12-17 19:35:00,2025-12-17,2,Wednesday,235,93.5437,0.00310643
2025-12-17 19:40:00,2025-12-17,2,Wednesday,236,134.8348,0.00447763
2025-12-17 19:45:00,2025-12-17,2,Wednesday,237,137.02,0.0045502
2025-12-17 19:50:00,2025-12-17,2,Wednesday,238,134.9085,0.00448008
2025-12-17 19:55:00,2025-12-17,2,Wednesday,239,109.6549,0.00364145
2025-12-17 20:00:00,2025-12-17,2,Wednesday,240,128.529,0.00426823
2025-12-17 20:05:00,2025-12-17,2,Wednesday,241,110.4147,0.00366668
2025-12-17 20:10:00,2025-12-17,2,Wednesday,242,121.9723,0.00405049
2025-12-17 20:15:00,2025-12-17,2,Wednesday,243,170.8139,0.00567244
2025-12-17 20:20:00,2025-12-17,2,Wednesday,244,131.6941,0.00437334
2025-12-17 20:25:00,2025-12-17,2,Wednesday,245,107.2879,0.00356285
2025-12-17 20:30:00,2025-12-17,2,Wednesday,246,134.7904,0.00447616
2025-12-17 20:35:00,2025-12-17,2,Wednesday,247,105.177,0.00349275
2025-12-17 20:40:00,2025-12-17,2,Wednesday,248,108.7547,0.00361156
2025-12-17 20:45:00,2025-12-17,2,Wednesday,249,112.455,0.00373444
2025-12-17 20:50:00,2025-12-17,2,Wednesday,250,124.9929,0.0041508
2025-12-17 20:55:00,2025-12-17,2,Wednesday,251,153.4672,0.00509639
2025-12-17 21:00:00,2025-12-17,2,Wednesday,252,146.9091,0.0048786
2025-12-17 21:05:00,2025-12-17,2,Wednesday,253,146.445,0.00486319
2025-12-17 21:10:00,2025-12-17,2,Wednesday,254,113.9074,0.00378267
2025-12-17 21:15:00,2025-12-17,2,Wednesday,255,125.8514,0.00417931
2025-12-17 21:20:00,2025-12-17,2,Wednesday,256,143.1541,0.0047539
2025-12-17 21:25:00,2025-12-17,2,Wednesday,257,125.0815,0.00415375
2025-12-17 21:30:00,2025-12-17,2,Wednesday,258,132.8478,0.00441165
2025-12-17 21:35:00,2025-12-17,2,Wednesday,259,148.3741,0.00492725
2025-12-17 21:40:00,2025-12-17,2,Wednesday,260,132.3633,0.00439556
2025-12-17 21:45:00,2025-12-17,2,Wednesday,261,144.9166,0.00481243
2025-12-17 21:50:00,2025-12-17,2,Wednesday,262,174.2421,0.00578628
2025-12-17 21:55:00,2025-12-17,2,Wednesday,263,137.4656,0.004565
2025-12-17 22:00:00,2025-12-17,2,Wednesday,264,166.5884,0.00553212
2025-12-17 22:05:00,2025-12-17,2,Wednesday,265,153.8899,0.00511042
2025-12-17 22:10:00,2025-12-17,2,Wednesday,266,111.0513,0.00368783
2025-12-17 22:15:00,2025-12-17,2,Wednesday,267,119.1792,0.00395774
2025-12-17 22:20:00,2025-12-17,2,Wednesday,268,125.2615,0.00415972
2025-12-17 22:25:00,2025-12-17,2,Wednesday,269,125.1199,0.00415502
2025-12-17 22:30:00,2025-12-17,2,Wednesday,270,141.9181,0.00471286
2025-12-17 22:35:00,2025-12-17,2,Wednesday,271,157.4862,0.00522985
2025-12-17 22:40:00,2025-12-17,2,Wednesday,272,171.7057,0.00570205
2025-12-17 22:45:00,2025-12-17,2,Wednesday,273,151.4832,0.0050305
2025-12-17 22:50:00,2025-12-17,2,Wednesday,274,135.3644,0.00449522
2025-12-17 22:55:00,2025-12-17,2,Wednesday,275,99.9284,0.00331845
2025-12-17 23:00:00,2025-12-17,2,Wednesday,276,147.0924,0.00488469
2025-12-17 23:05:00,2025-12-17,2,Wednesday,277,146.3317,0.00485943
2025-12-17 23:10:00,2025-12-17,2,Wednesday,278,149.972,0.00498031
2025-12-17 23:15:00,2025-12-17,2,Wednesday,279,192.3196,0.00638661
2025-12-17 23:20:00,2025-12-17,2,Wednesday,280,173.5341,0.00576277
2025-12-17 23:25:00,2025-12-17,2,Wednesday,281,163.696,0.00543607
2025-12-17 23:30:00,2025-12-17,2,Wednesday,282,125.4214,0.00416503
2025-12-17 23:35:00,2025-12-17,2,Wednesday,283,135.3916,0.00449612
2025-12-17 23:40:00,2025-12-17,2,Wednesday,284,144.6761,0.00480445
2025-12-17 23:45:00,2025-12-17,2,Wednesday,285,129.7527,0.00430887
2025-12-17 23:50:00,2025-12-17,2,Wednesday,286,157.9045,0.00524374
2025-12-17 23:55:00,2025-12-17,2,Wednesday,287,154.7718,0.00513971
2025-12-18 00:00:00,2025-12-18,3,Thursday,0,141.7797,0.00564731
2025-12-18 00:05:00,2025-12-18,3,Thursday,1,122.0377,0.00486095
2025-12-18 00:10:00,2025-12-18,3,Thursday,2,89.0024,0.00354511
2025-12-18 00:15:00,2025-12-18,3,Thursday,3,119.2056,0.00474814
2025-12-18 00:20:00,2025-12-18,3,Thursday,4,125.1411,0.00498457
2025-12-18 00:25:00,2025-12-18,3,Thursday,5,137.5173,0.00547753
2025-12-18 00:30:00,2025-12-18,3,Thursday,6,113.8499,0.00453482
2025-12-18 00:35:00,2025-12-18,3,Thursday,7,134.6999,0.00536531
2025-12-18 00:40:00,2025-12-18,3,Thursday,8,123.0631,0.0049018
2025-12-18 00:45:00,2025-12-18,3,Thursday,9,95.9847,0.00382322
2025-12-18 00:50:00,2025-12-18,3,Thursday,10,94.0732,0.00374708
2025-12-18 00:55:00,2025-12-18,3,Thursday,11,139.3432,0.00555026
2025-12-18 01:00:00,2025-12-18,3,Thursday,12,140.4473,0.00559423
2025-12-18 01:05:00,2025-12-18,3,Thursday,13,124.65,0.004965
2025-12-18 01:10:00,2025-12-18,3,Thursday,14,145.3111,0.00578797
2025-12-18 01:15:00,2025-12-18,3,Thursday,15,137.2363,0.00546634
2025-12-18 01:20:00,2025-12-18,3,Thursday,16,130.3471,0.00519193
2025-12-18 01:25:00,2025-12-18,3,Thursday,17,101.8456,0.00405667
2025-12-18 01:30:00,2025-12-18,3,Thursday,18,148.2754,0.00590604
2025-12-18 01:35:00,2025-12-18,3,Thursday,19,126.8709,0.00505347
2025-12-18 01:40:00,2025-12-18,3,Thursday,20,110.3506,0.00439543
2025-12-18 01:45:00,2025-12-18,3,Thursday,21,105.1101,0.0041867
2025-12-18 01:50:00,2025-12-18,3,Thursday,22,120.9841,0.00481899
2025-12-18 01:55:00,2025-12-18,3,Thursday,23,87.0433,0.00346707
2025-12-18 02:00:00,2025-12-18,3,Thursday,24,127.9632,0.00509698
2025-12-18 02:05:00,2025-12-18,3,Thursday,25,98.932,0.00394061
2025-12-18 02:10:00,2025-12-18,3,Thursday,26,121.4637,0.00483809
2025-12-18 02:15:00,2025-12-18,3,Thursday,27,105.7036,0.00421034
2025-12-18 02:20:00,2025-12-18,3,Thursday,28,109.74,0.00437112
2025-12-18 02:25:00,2025-12-18,3,Thursday,29,100.929,0.00402016
2025-12-18 02:30:00,2025-12-18,3,Thursday,30,110.6835,0.0044087
2025-12-18 02:35:00,2025-12-18,3,Thursday,31,145.0059,0.00577581
2025-12-18 02:40:00,2025-12-18,3,Thursday,32,135.9108,0.00541354
2025-12-18 02:45:00,2025-12-18,3,Thursday,33,118.0245,0.0047011
2025-12-18 02:50:00,2025-12-18,3,Thursday,34,111.165,0.00442787
2025-12-18 02:55:00,2025-12-18,3,Thursday,35,125.168,0.00498564
2025-12-18 03:00:00,2025-12-18,3,Thursday,36,129.3454,0.00515203
2025-12-18 03:05:00,2025-12-18,3,Thursday,37,96.3851,0.00383917
2025-12-18 03:10:00,2025-12-18,3,Thursday,38,108.2934,0.0043135
2025-12-18 03:15:00,2025-12-18,3,Thursday,39,79.2354,0.00315607
2025-12-18 03:20:00,2025-12-18,3,Thursday,40,126.7677,0.00504936
2025-12-18 03:25:00,2025-12-18,3,Thursday,41,141.3721,0.00563107
2025-12-18 03:30:00,2025-12-18,3,Thursday,42,108.6652,0.0043283
2025-12-18 03:35:00,2025-12-18,3,Thursday,43,72.7595,0.00289813
2025-12-18 03:40:00,2025-12-18,3,Thursday,44,115.9235,0.00461741
2025-12-18 03:45:00,2025-12-18,3,Thursday,45,91.3066,0.00363688
2025-12-18 03:50:00,2025-12-18,3,Thursday,46,94.5817,0.00376733
2025-12-18 03:55:00,2025-12-18,3,Thursday,47,114.2399,0.00455035
2025-12-18 04:00:00,2025-12-18,3,Thursday,48,107.7737,0.00429279
2025-12-18 04:05:00,2025-12-18,3,Thursday,49,95.6317,0.00380916
2025-12-18 04:10:00,2025-12-18,3,Thursday,50,92.5628,0.00368692
2025-12-18 04:15:00,2025-12-18,3,Thursday,51,103.8418,0.00413618
2025-12-18 04:20:00,2025-12-18,3,Thursday,52,95.053,0.00378611
2025-12-18 04:25:00,2025-12-18,3,Thursday,53,83.8797,0.00334106
2025-12-18 04:30:00,2025-12-18,3,Thursday,54,94.9774,0.0037831
2025-12-18 04:35:00,2025-12-18,3,Thursday,55,104.3586,0.00415677
2025-12-18 04:40:00,2025-12-18,3,Thursday,56,95.996,0.00382367
2025-12-18 04:45:00,2025-12-18,3,Thursday,57,77.187,0.00307448
2025-12-18 04:50:00,2025-12-18,3,Thursday,58,111.7086,0.00444953
2025-12-18 04:55:00,2025-12-18,3,Thursday,59,56.9101,0.00226682
2025-12-18 05:00:00,2025-12-18,3,Thursday,60,89.4823,0.00356422
2025-12-18 05:05:00,2025-12-18,3,Thursday,61,86.3533,0.00343959
2025-12-18 05:10:00,2025-12-18,3,Thursday,62,96.615,0.00384832
2025-12-18 05:15:00,2025-12-18,3,Thursday,63,101.7181,0.00405159
2025-12-18 05:20:00,2025-12-18,3,Thursday,64,108.8486,0.00433561
2025-12-18 05:25:00,2025-12-18,3,Thursday,65,82.5312,0.00328735
2025-12-18 05:30:00,2025-12-18,3,Thursday,66,99.766,0.00397384
2025-12-18 05:35:00,2025-12-18,3,Thursday,67,93.6603,0.00373064
2025-12-18 05:40:00,2025-12-18,3,Thursday,68,67.0994,0.00267267
2025-12-18 05:45:00,2025-12-18,3,Thursday,69,115.0956,0.00458444
2025-12-18 05:50:00,2025-12-18,3,Thursday,70,69.6738,0.00277522
2025-12-18 05:55:00,2025-12-18,3,Thursday,71,93.6798,0.00373141
2025-12-18 06:00:00,2025-12-18,3,Thursday,72,92.5323,0.00368571
2025-12-18 06:05:00,2025-12-18,3,Thursday,73,90.2885,0.00359633
2025-12-18 06:10:00,2025-12-18,3,Thursday,74,79.6097,0.00317098
2025-12-18 06:15:00,2025-12-18,3,Thursday,75,95.8564,0.00381811
2025-12-18 06:20:00,2025-12-18,3,Thursday,76,64.7696,0.00257987
2025-12-18 06:25:00,2025-12-18,3,Thursday,77,83.022,0.0033069
2025-12-18 06:30:00,2025-12-18,3,Thursday,78,76.1079,0.0030315
2025-12-18 06:35:00,2025-12-18,3,Thursday,79,74.0573,0.00294982
2025-12-18 06:40:00,2025-12-18,3,Thursday,80,86.9823,0.00346464
2025-12-18 06:45:00,2025-12-18,3,Thursday,81,94.1186,0.00374889
2025-12-18 06:50:00,2025-12-18,3,Thursday,82,76.1878,0.00303468
2025-12-18 06:55:00,2025-12-18,3,Thursday,83,88.9515,0.00354308
2025-12-18 07:00:00,2025-12-18,3,Thursday,84,79.5232,0.00316753
2025-12-18 07:05:00,2025-12-18,3,Thursday,85,67.7677,0.00269929
2025-12-18 07:10:00,2025-12-18,3,Thursday,86,74.5601,0.00296984
2025-12-18 07:15:00,2025-12-18,3,Thursday,87,73.4277,0.00292474
2025-12-18 07:20:00,2025-12-18,3,Thursday,88,68.2432,0.00271823
2025-12-18 07:25:00,2025-12-18,3,Thursday,89,80.3924,0.00320215
2025-12-18 07:30:00,2025-12-18,3,Thursday,90,77.509,0.00308731
2025-12-18 07:35:00,2025-12-18,3,Thursday,91,56.5082,0.00225081
2025-12-18 07:40:00,2025-12-18,3,Thursday,92,55.3405,0.0022043
2025-12-18 07:45:00,2025-12-18,3,Thursday,93,77.5649,0.00308953
2025-12-18 07:50:00,2025-12-18,3,Thursday,94,63.4422,0.002527
2025-12-18 07:55:00,2025-12-18,3,Thursday,95,74.8973,0.00298328
2025-12-18 08:00:00,2025-12-18,3,Thursday,96,79.348,0.00316055
2025-12-18 08:05:00,2025-12-18,3,Thursday,97,56.9888,0.00226995
2025-12-18 08:10:00,2025-12-18,3,Thursday,98,55.0252,0.00219174
2025-12-18 08:15:00,2025-12-18,3,Thursday,99,86.5883,0.00344895
2025-12-18 08:20:00,2025-12-18,3,Thursday,100,72.2343,0.00287721
2025-12-18 08:25:00,2025-12-18,3,Thursday,101,63.7561,0.0025395
2025-12-18 08:30:00,2025-12-18,3,Thursday,102,58.0115,0.00231069
2025-12-18 08:35:00,2025-12-18,3,Thursday,103,61.7775,0.0024607
2025-12-18 08:40:00,2025-12-18,3,Thursday,104,54.4983,0.00217075
2025-12-18 08:45:00,2025-12-18,3,Thursday,105,74.524,0.00296841
2025-12-18 08:50:00,2025-12-18,3,Thursday,106,57.6666,0.00229695
2025-12-18 08:55:00,2025-12-18,3,Thursday,107,75.3705,0.00300213
2025-12-18 09:00:00,2025-12-18,3,Thursday,108,60.3781,0.00240495
2025-12-18 09:05:00,2025-12-18,3,Thursday,109,53.7631,0.00214147
2025-12-18 09:10:00,2025-12-18,3,Thursday,110,59.2049,0.00235822
2025-12-18 09:15:00,2025-12-18,3,Thursday,111,38.0634,0.00151612
2025-12-18 09:20:00,2025-12-18,3,Thursday,112,61.1776,0.0024368
2025-12-18 09:25:00,2025-12-18,3,Thursday,113,60.2743,0.00240082
2025-12-18 09:30:00,2025-12-18,3,Thursday,114,69.0084,0.00274871
2025-12-18 09:35:00,2025-12-18,3,Thursday,115,43.7274,0.00174173
2025-12-18 09:40:00,2025-12-18,3,Thursday,116,71.1207,0.00283285
2025-12-18 09:45:00,2025-12-18,3,Thursday,117,67.5669,0.00269129
2025-12-18 09:50:00,2025-12-18,3,Thursday,118,70.9961,0.00282788
2025-12-18 09:55:00,2025-12-18,3,Thursday,119,58.9234,0.00234701
2025-12-18 10:00:00,2025-12-18,3,Thursday,120,68.0061,0.00270879
2025-12-18 10:05:00,2025-12-18,3,Thursday,121,45.7285,0.00182144
2025-12-18 10:10:00,2025-12-18,3,Thursday,122,64.5808,0.00257235
2025-12-18 10:15:00,2025-12-18,3,Thursday,123,51.3064,0.00204361
2025-12-18 10:20:00,2025-12-18,3,Thursday,124,43.4133,0.00172922
2025-12-18 10:25:00,2025-12-18,3,Thursday,125,47.732,0.00190124
2025-12-18 10:30:00,2025-12-18,3,Thursday,126,57.1796,0.00227755
2025-12-18 10:35:00,2025-12-18,3,Thursday,127,49.8346,0.00198499
2025-12-18 10:40:00,2025-12-18,3,Thursday,128,59.8074,0.00238222
2025-12-18 10:45:00,2025-12-18,3,Thursday,129,41.0852,0.00163649
2025-12-18 10:50:00,2025-12-18,3,Thursday,130,38.2373,0.00152305
2025-12-18 10:55:00,2025-12-18,3,Thursday,131,67.4635,0.00268718
2025-12-18 11:00:00,2025-12-18,3,Thursday,132,63.3124,0.00252183
2025-12-18 11:05:00,2025-12-18,3,Thursday,133,46.8289,0.00186527
2025-12-18 11:10:00,2025-12-18,3,Thursday,134,55.3889,0.00220623
2025-12-18 11:15:00,2025-12-18,3,Thursday,135,63.7184,0.002538
2025-12-18 11:20:00,2025-12-18,3,Thursday,136,58.6017,0.0023342
2025-12-18 11:25:00,2025-12-18,3,Thursday,137,56.2416,0.00224019
2025-12-18 11:30:00,2025-12-18,3,Thursday,138,63.9387,0.00254678
2025-12-18 11:35:00,2025-12-18,3,Thursday,139,48.8217,0.00194464
2025-12-18 11:40:00,2025-12-18,3,Thursday,140,55.0176,0.00219144
2025-12-18 11:45:00,2025-12-18,3,Thursday,141,54.5605,0.00217323
2025-12-18 11:50:00,2025-12-18,3,Thursday,142,52.4313,0.00208842
2025-12-18 11:55:00,2025-12-18,3,Thursday,143,51.4495,0.00204931
2025-12-18 12:00:00,2025-12-18,3,Thursday,144,55.234,0.00220006
2025-12-18 12:05:00,2025-12-18,3,Thursday,145,54.9266,0.00218781
2025-12-18 12:10:00,2025-12-18,3,Thursday,146,46.0707,0.00183507
2025-12-18 12:15:00,2025-12-18,3,Thursday,147,61.2866,0.00244114
2025-12-18 12:20:00,2025-12-18,3,Thursday,148,46.7413,0.00186178
2025-12-18 12:25:00,2025-12-18,3,Thursday,149,53.0367,0.00211254
2025-12-18 12:30:00,2025-12-18,3,Thursday,150,52.4849,0.00209055
2025-12-18 12:35:00,2025-12-18,3,Thursday,151,57.9737,0.00230918
2025-12-18 12:40:00,2025-12-18,3,Thursday,152,37.6094,0.00149804
2025-12-18 12:45:00,2025-12-18,3,Thursday,153,62.6523,0.00249554
2025-12-18 12:50:00,2025-12-18,3,Thursday,154,49.7867,0.00198308
2025-12-18 12:55:00,2025-12-18,3,Thursday,155,65.7464,0.00261878
2025-12-18 13:00:00,2025-12-18,3,Thursday,156,51.7549,0.00206148
2025-12-18 13:05:00,2025-12-18,3,Thursday,157,55.5365,0.00221211
2025-12-18 13:10:00,2025-12-18,3,Thursday,158,72.2741,0.00287879
2025-12-18 13:15:00,2025-12-18,3,Thursday,159,54.0312,0.00215215
2025-12-18 13:20:00,2025-12-18,3,Thursday,160,67.1342,0.00267406
2025-12-18 13:25:00,2025-12-18,3,Thursday,161,57.1988,0.00227832
2025-12-18 13:30:00,2025-12-18,3,Thursday,162,60.6922,0.00241747
2025-12-18 13:35:00,2025-12-18,3,Thursday,163,58.0155,0.00231085
2025-12-18 13:40:00,2025-12-18,3,Thursday,164,65.0474,0.00259094
2025-12-18 13:45:00,2025-12-18,3,Thursday,165,52.0516,0.0020733
2025-12-18 13:50:00,2025-12-18,3,Thursday,166,49.7293,0.00198079
2025-12-18 13:55:00,2025-12-18,3,Thursday,167,53.0574,0.00211336
2025-12-18 14:00:00,2025-12-18,3,Thursday,168,59.9116,0.00238637
2025-12-18 14:05:00,2025-12-18,3,Thursday,169,57.4258,0.00228736
2025-12-18 14:10:00,2025-12-18,3,Thursday,170,66.1388,0.00263441
2025-12-18 14:15:00,2025-12-18,3,Thursday,171,71.9358,0.00286531
2025-12-18 14:20:00,2025-12-18,3,Thursday,172,51.7001,0.00205929
2025-12-18 14:25:00,2025-12-18,3,Thursday,173,54.2683,0.00216159
2025-12-18 14:30:00,2025-12-18,3,Thursday,174,48.1809,0.00191912
2025-12-18 14:35:00,2025-12-18,3,Thursday,175,80.6902,0.00321402
2025-12-18 14:40:00,2025-12-18,3,Thursday,176,65.1538,0.00259518
2025-12-18 14:45:00,2025-12-18,3,Thursday,177,67.2897,0.00268025
2025-12-18 14:50:00,2025-12-18,3,Thursday,178,50.5343,0.00201286
2025-12-18 14:55:00,2025-12-18,3,Thursday,179,63.7271,0.00253835
2025-12-18 15:00:00,2025-12-18,3,Thursday,180,69.1454,0.00275417
2025-12-18 15:05:00,2025-12-18,3,Thursday,181,62.2947,0.0024813
2025-12-18 15:10:00,2025-12-18,3,Thursday,182,75.8036,0.00301937
2025-12-18 15:15:00,2025-12-18,3,Thursday,183,88.6234,0.00353001
2025-12-18 15:20:00,2025-12-18,3,Thursday,184,56.9217,0.00226728
2025-12-18 15:25:00,2025-12-18,3,Thursday,185,56.6432,0.00225619
2025-12-18 15:30:00,2025-12-18,3,Thursday,186,58.5801,0.00233334
2025-12-18 15:35:00,2025-12-18,3,Thursday,187,84.4261,0.00336282
2025-12-18 15:40:00,2025-12-18,3,Thursday,188,79.3442,0.0031604
2025-12-18 15:45:00,2025-12-18,3,Thursday,189,67.7992,0.00270055
2025-12-18 15:50:00,2025-12-18,3,Thursday,190,70.1879,0.00279569
2025-12-18 15:55:00,2025-12-18,3,Thursday,191,61.7882,0.00246112
2025-12-18 16:00:00,2025-12-18,3,Thursday,192,80.5103,0.00320685
2025-12-18 16:05:00,2025-12-18,3,Thursday,193,67.568,0.00269134
2025-12-18 16:10:00,2025-12-18,3,Thursday,194,69.462,0.00276678
2025-12-18 16:15:00,2025-12-18,3,Thursday,195,79.5786,0.00316974
2025-12-18 16:20:00,2025-12-18,3,Thursday,196,71.4901,0.00284756
2025-12-18 16:25:00,2025-12-18,3,Thursday,197,71.6003,0.00285195
2025-12-18 16:30:00,2025-12-18,3,Thursday,198,74.9925,0.00298707
2025-12-18 16:35:00,2025-12-18,3,Thursday,199,84.5493,0.00336773
2025-12-18 16:40:00,2025-12-18,3,Thursday,200,95.0278,0.00378511
2025-12-18 16:45:00,2025-12-18,3,Thursday,201,83.6334,0.00333125
2025-12-18 16:50:00,2025-12-18,3,Thursday,202,86.907,0.00346164
2025-12-18 16:55:00,2025-12-18,3,Thursday,203,75.8998,0.00302321
2025-12-18 17:00:00,2025-12-18,3,Thursday,204,70.5538,0.00281027
2025-12-18 17:05:00,2025-12-18,3,Thursday,205,87.4383,0.0034828
2025-12-18 17:10:00,2025-12-18,3,Thursday,206,82.3867,0.00328159
2025-12-18 17:15:00,2025-12-18,3,Thursday,207,63.7335,0.0025386
2025-12-18 17:20:00,2025-12-18,3,Thursday,208,77.7045,0.00309509
2025-12-18 17:25:00,2025-12-18,3,Thursday,209,81.4069,0.00324257
2025-12-18 17:30:00,2025-12-18,3,Thursday,210,76.774,0.00305803
2025-12-18 17:35:00,2025-12-18,3,Thursday,211,102.4865,0.0040822
2025-12-18 17:40:00,2025-12-18,3,Thursday,212,90.6481,0.00361066
2025-12-18 17:45:00,2025-12-18,3,Thursday,213,102.8394,0.00409625
2025-12-18 17:50:00,2025-12-18,3,Thursday,214,89.3867,0.00356041
2025-12-18 17:55:00,2025-12-18,3,Thursday,215,87.7622,0.00349571
2025-12-18 18:00:00,2025-12-18,3,Thursday,216,75.1374,0.00299284
2025-12-18 18:05:00,2025-12-18,3,Thursday,217,88.2917,0.0035168
2025-12-18 18:10:00,2025-12-18,3,Thursday,218,89.0228,0.00354592
2025-12-18 18:15:00,2025-12-18,3,Thursday,219,71.1965,0.00283587
2025-12-18 18:20:00,2025-12-18,3,Thursday,220,82.9701,0.00330483
2025-12-18 18:25:00,2025-12-18,3,Thursday,221,86.5755,0.00344844
2025-12-18 18:30:00,2025-12-18,3,Thursday,222,97.3851,0.003879
2025-12-18 18:35:00,2025-12-18,3,Thursday,223,98.8005,0.00393538
2025-12-18 18:40:00,2025-12-18,3,Thursday,224,84.9923,0.00338538
2025-12-18 18:45:00,2025-12-18,3,Thursday,225,100.4123,0.00399958
2025-12-18 18:50:00,2025-12-18,3,Thursday,226,91.9329,0.00366183
2025-12-18 18:55:00,2025-12-18,3,Thursday,227,54.2279,0.00215998
2025-12-18 19:00:00,2025-12-18,3,Thursday,228,88.9308,0.00354225
2025-12-18 19:05:00,2025-12-18,3,Thursday,229,112.2255,0.00447012
2025-12-18 19:10:00,2025-12-18,3,Thursday,230,72.7366,0.00289721
2025-12-18 19:15:00,2025-12-18,3,Thursday,231,99.6121,0.00396771
2025-12-18 19:20:00,2025-12-18,3,Thursday,232,122.0844,0.00486281
2025-12-18 19:25:00,2025-12-18,3,Thursday,233,87.971,0.00350402
2025-12-18 19:30:00,2025-12-18,3,Thursday,234,99.9963,0.00398301
2025-12-18 19:35:00,2025-12-18,3,Thursday,235,80.9399,0.00322396
2025-12-18 19:40:00,2025-12-18,3,Thursday,236,125.9924,0.00501847
2025-12-18 19:45:00,2025-12-18,3,Thursday,237,100.644,0.00400881
2025-12-18 19:50:00,2025-12-18,3,Thursday,238,103.2732,0.00411353
2025-12-18 19:55:00,2025-12-18,3,Thursday,239,124.1485,0.00494503
2025-12-18 20:00:00,2025-12-18,3,Thursday,240,114.1101,0.00454518
2025-12-18 20:05:00,2025-12-18,3,Thursday,241,90.7097,0.00361311
2025-12-18 20:10:00,2025-12-18,3,Thursday,242,94.8349,0.00377742
2025-12-18 20:15:00,2025-12-18,3,Thursday,243,113.4737,0.00451983
2025-12-18 20:20:00,2025-12-18,3,Thursday,244,96.2776,0.00383489
2025-12-18 20:25:00,2025-12-18,3,Thursday,245,72.884,0.00290308
2025-12-18 20:30:00,2025-12-18,3,Thursday,246,106.5178,0.00424277
2025-12-18 20:35:00,2025-12-18,3,Thursday,247,83.9723,0.00334475
2025-12-18 20:40:00,2025-12-18,3,Thursday,248,134.7935,0.00536904
2025-12-18 20:45:00,2025-12-18,3,Thursday,249,111.925,0.00445815
2025-12-18 20:50:00,2025-12-18,3,Thursday,250,94.6896,0.00377164
2025-12-18 20:55:00,2025-12-18,3,Thursday,251,98.5514,0.00392546
2025-12-18 21:00:00,2025-12-18,3,Thursday,252,79.2544,0.00315683
2025-12-18 21:05:00,2025-12-18,3,Thursday,253,92.777,0.00369545
2025-12-18 21:10:00,2025-12-18,3,Thursday,254,128.5998,0.00512233
2025-12-18 21:15:00,2025-12-18,3,Thursday,255,149.5818,0.00595807
2025-12-18 21:20:00,2025-12-18,3,Thursday,256,124.7928,0.00497069
2025-12-18 21:25:00,2025-12-18,3,Thursday,257,111.4252,0.00443824
2025-12-18 21:30:00,2025-12-18,3,Thursday,258,106.0773,0.00422522
2025-12-18 21:35:00,2025-12-18,3,Thursday,259,97.5204,0.00388439
2025-12-18 21:40:00,2025-12-18,3,Thursday,260,149.5785,0.00595795
2025-12-18 21:45:00,2025-12-18,3,Thursday,261,111.4294,0.00443841
2025-12-18 21:50:00,2025-12-18,3,Thursday,262,151.5829,0.00603778
2025-12-18 21:55:00,2025-12-18,3,Thursday,263,139.5758,0.00555952
2025-12-18 22:00:00,2025-12-18,3,Thursday,264,85.569,0.00340835
2025-12-18 22:05:00,2025-12-18,3,Thursday,265,104.5563,0.00416464
2025-12-18 22:10:00,2025-12-18,3,Thursday,266,104.8057,0.00417457
2025-12-18 22:15:00,2025-12-18,3,Thursday,267,115.4211,0.0045974
2025-12-18 22:20:00,2025-12-18,3,Thursday,268,116.0698,0.00462324
2025-12-18 22:25:00,2025-12-18,3,Thursday,269,170.1995,0.00677931
2025-12-18 22:30:00,2025-12-18,3,Thursday,270,98.6862,0.00393083
2025-12-18 22:35:00,2025-12-18,3,Thursday,271,122.0238,0.0048604
2025-12-18 22:40:00,2025-12-18,3,Thursday,272,129.1568,0.00514452
2025-12-18 22:45:00,2025-12-18,3,Thursday,273,118.4333,0.00471738
2025-12-18 22:50:00,2025-12-18,3,Thursday,274,120.6452,0.00480549
2025-12-18 22:55:00,2025-12-18,3,Thursday,275,100.2585,0.00399345
2025-12-18 23:00:00,2025-12-18,3,Thursday,276,120.986,0.00481906
2025-12-18 23:05:00,2025-12-18,3,Thursday,277,128.41,0.00511477
2025-12-18 23:10:00,2025-12-18,3,Thursday,278,125.2924,0.00499059
2025-12-18 23:15:00,2025-12-18,3,Thursday,279,129.798,0.00517006
2025-12-18 23:20:00,2025-12-18,3,Thursday,280,145.0669,0.00577824
2025-12-18 23:25:00,2025-12-18,3,Thursday,281,136.6594,0.00544336
2025-12-18 23:30:00,2025-12-18,3,Thursday,282,121.2029,0.0048277
2025-12-18 23:35:00,2025-12-18,3,Thursday,283,98.9134,0.00393987
2025-12-18 23:40:00,2025-12-18,3,Thursday,284,109.2692,0.00435236
2025-12-18 23:45:00,2025-12-18,3,Thursday,285,116.1731,0.00462735
2025-12-18 23:50:00,2025-12-18,3,Thursday,286,124.7184,0.00496773
2025-12-18 23:55:00,2025-12-18,3,Thursday,287,111.5693,0.00444398
2025-12-19 00:00:00,2025-12-19,4,Friday,0,103.132,0.00387746
2025-12-19 00:05:00,2025-12-19,4,Friday,1,94.4103,0.00354955
2025-12-19 00:10:00,2025-12-19,4,Friday,2,121.0454,0.00455095
2025-12-19 00:15:00,2025-12-19,4,Friday,3,97.7763,0.0036761
2025-12-19 00:20:00,2025-12-19,4,Friday,4,106.5542,0.00400613
2025-12-19 00:25:00,2025-12-19,4,Friday,5,117.8932,0.00443244
2025-12-19 00:30:00,2025-12-19,4,Friday,6,100.117,0.00376411
2025-12-19 00:35:00,2025-12-19,4,Friday,7,132.2276,0.00497137
2025-12-19 00:40:00,2025-12-19,4,Friday,8,138.8567,0.00522061
2025-12-19 00:45:00,2025-12-19,4,Friday,9,114.5534,0.00430687
2025-12-19 00:50:00,2025-12-19,4,Friday,10,116.5146,0.00438061
2025-12-19 00:55:00,2025-12-19,4,Friday,11,134.5569,0.00505895
2025-12-19 01:00:00,2025-12-19,4,Friday,12,111.0175,0.00417393
2025-12-19 01:05:00,2025-12-19,4,Friday,13,109.558,0.00411906
2025-12-19 01:10:00,2025-12-19,4,Friday,14,146.1554,0.00549502
2025-12-19 01:15:00,2025-12-19,4,Friday,15,140.0873,0.00526687
2025-12-19 01:20:00,2025-12-19,4,Friday,16,134.5735,0.00505957
2025-12-19 01:25:00,2025-12-19,4,Friday,17,140.2747,0.00527392
2025-12-19 01:30:00,2025-12-19,4,Friday,18,86.4449,0.00325008
2025-12-19 01:35:00,2025-12-19,4,Friday,19,147.4984,0.00554551
2025-12-19 01:40:00,2025-12-19,4,Friday,20,129.4849,0.00486825
2025-12-19 01:45:00,2025-12-19,4,Friday,21,140.4628,0.00528099
2025-12-19 01:50:00,2025-12-19,4,Friday,22,128.6962,0.0048386
2025-12-19 01:55:00,2025-12-19,4,Friday,23,122.1705,0.00459325
2025-12-19 02:00:00,2025-12-19,4,Friday,24,115.9209,0.00435829
2025-12-19 02:05:00,2025-12-19,4,Friday,25,127.1718,0.00478129
2025-12-19 02:10:00,2025-12-19,4,Friday,26,114.5215,0.00430567
2025-12-19 02:15:00,2025-12-19,4,Friday,27,135.3183,0.00508757
2025-12-19 02:20:00,2025-12-19,4,Friday,28,90.9179,0.00341825
2025-12-19 02:25:00,2025-12-19,4,Friday,29,109.218,0.00410628
2025-12-19 02:30:00,2025-12-19,4,Friday,30,154.7512,0.00581819
2025-12-19 02:35:00,2025-12-19,4,Friday,31,106.8874,0.00401865
2025-12-19 02:40:00,2025-12-19,4,Friday,32,113.2856,0.00425921
2025-12-19 02:45:00,2025-12-19,4,Friday,33,101.5159,0.0038167
2025-12-19 02:50:00,2025-12-19,4,Friday,34,122.3768,0.00460101
2025-12-19 02:55:00,2025-12-19,4,Friday,35,103.1864,0.00387951
2025-12-19 03:00:00,2025-12-19,4,Friday,36,112.2599,0.00422064
2025-12-19 03:05:00,2025-12-19,4,Friday,37,129.5766,0.0048717
2025-12-19 03:10:00,2025-12-19,4,Friday,38,102.4058,0.00385016
2025-12-19 03:15:00,2025-12-19,4,Friday,39,127.3065,0.00478635
2025-12-19 03:20:00,2025-12-19,4,Friday,40,127.2439,0.004784
2025-12-19 03:25:00,2025-12-19,4,Friday,41,130.5296,0.00490753
2025-12-19 03:30:00,2025-12-19,4,Friday,42,114.4722,0.00430382
2025-12-19 03:35:00,2025-12-19,4,Friday,43,165.7271,0.00623085
2025-12-19 03:40:00,2025-12-19,4,Friday,44,128.4474,0.00482925
2025-12-19 03:45:00,2025-12-19,4,Friday,45,115.6627,0.00434858
2025-12-19 03:50:00,2025-12-19,4,Friday,46,95.2544,0.00358129
2025-12-19 03:55:00,2025-12-19,4,Friday,47,107.4414,0.00403948
2025-12-19 04:00:00,2025-12-19,4,Friday,48,131.5753,0.00494685
2025-12-19 04:05:00,2025-12-19,4,Friday,49,135.3621,0.00508922
2025-12-19 04:10:00,2025-12-19,4,Friday,50,130.8212,0.00491849
2025-12-19 04:15:00,2025-12-19,4,Friday,51,118.9438,0.00447194
2025-12-19 04:20:00,2025-12-19,4,Friday,52,85.822,0.00322666
2025-12-19 04:25:00,2025-12-19,4,Friday,53,112.7345,0.00423849
2025-12-19 04:30:00,2025-12-19,4,Friday,54,84.9358,0.00319334
2025-12-19 04:35:00,2025-12-19,4,Friday,55,80.5452,0.00302826
2025-12-19 04:40:00,2025-12-19,4,Friday,56,106.6732,0.0040106
2025-12-19 04:45:00,2025-12-19,4,Friday,57,110.3011,0.004147
2025-12-19 04:50:00,2025-12-19,4,Friday,58,115.3276,0.00433598
2025-12-19 04:55:00,2025-12-19,4,Friday,59,108.3708,0.00407443
2025-12-19 05:00:00,2025-12-19,4,Friday,60,108.1155,0.00406483
2025-12-19 05:05:00,2025-12-19,4,Friday,61,84.7256,0.00318543
2025-12-19 05:10:00,2025-12-19,4,Friday,62,97.1268,0.00365168
2025-12-19 05:15:00,2025-12-19,4,Friday,63,75.8067,0.00285011
2025-12-19 05:20:00,2025-12-19,4,Friday,64,68.0021,0.00255668
2025-12-19 05:25:00,2025-12-19,4,Friday,65,107.1978,0.00403033
2025-12-19 05:30:00,2025-12-19,4,Friday,66,84.9245,0.00319291
2025-12-19 05:35:00,2025-12-19,4,Friday,67,107.4317,0.00403912
2025-12-19 05:40:00,2025-12-19,4,Friday,68,109.9259,0.00413289
2025-12-19 05:45:00,2025-12-19,4,Friday,69,84.8242,0.00318914
2025-12-19 05:50:00,2025-12-19,4,Friday,70,100.9796,0.00379654
2025-12-19 05:55:00,2025-12-19,4,Friday,71,82.8934,0.00311655
2025-12-19 06:00:00,2025-12-19,4,Friday,72,66.0009,0.00248144
2025-12-19 06:05:00,2025-12-19,4,Friday,73,92.2003,0.00346646
2025-12-19 06:10:00,2025-12-19,4,Friday,74,83.4384,0.00313704
2025-12-19 06:15:00,2025-12-19,4,Friday,75,83.1566,0.00312644
2025-12-19 06:20:00,2025-12-19,4,Friday,76,114.4498,0.00430298
2025-12-19 06:25:00,2025-12-19,4,Friday,77,67.5089,0.00253814
2025-12-19 06:30:00,2025-12-19,4,Friday,78,91.7903,0.00345105
2025-12-19 06:35:00,2025-12-19,4,Friday,79,73.223,0.00275297
2025-12-19 06:40:00,2025-12-19,4,Friday,80,96.9542,0.0036452
2025-12-19 06:45:00,2025-12-19,4,Friday,81,88.3821,0.00332291
2025-12-19 06:50:00,2025-12-19,4,Friday,82,88.6365,0.00333247
2025-12-19 06:55:00,2025-12-19,4,Friday,83,71.3539,0.0026827
2025-12-19 07:00:00,2025-12-19,4,Friday,84,72.9497,0.00274269
2025-12-19 07:05:00,2025-12-19,4,Friday,85,93.0575,0.00349869
2025-12-19 07:10:00,2025-12-19,4,Friday,86,102.4902,0.00385333
2025-12-19 07:15:00,2025-12-19,4,Friday,87,86.0538,0.00323537
2025-12-19 07:20:00,2025-12-19,4,Friday,88,68.8555,0.00258877
2025-12-19 07:25:00,2025-12-19,4,Friday,89,82.877,0.00311593
2025-12-19 07:30:00,2025-12-19,4,Friday,90,106.6393,0.00400933
2025-12-19 07:35:00,2025-12-19,4,Friday,91,78.6782,0.00295807
2025-12-19 07:40:00,2025-12-19,4,Friday,92,93.6496,0.00352095
2025-12-19 07:45:00,2025-12-19,4,Friday,93,67.6796,0.00254456
2025-12-19 07:50:00,2025-12-19,4,Friday,94,74.9918,0.00281947
2025-12-19 07:55:00,2025-12-19,4,Friday,95,81.7621,0.00307402
2025-12-19 08:00:00,2025-12-19,4,Friday,96,78.5788,0.00295433
2025-12-19 08:05:00,2025-12-19,4,Friday,97,65.0651,0.00244626
2025-12-19 08:10:00,2025-12-19,4,Friday,98,64.0324,0.00240743
2025-12-19 08:15:00,2025-12-19,4,Friday,99,82.9685,0.00311937
2025-12-19 08:20:00,2025-12-19,4,Friday,100,84.4452,0.00317489
2025-12-19 08:25:00,2025-12-19,4,Friday,101,87.1457,0.00327642
2025-12-19 08:30:00,2025-12-19,4,Friday,102,89.4957,0.00336478
2025-12-19 08:35:00,2025-12-19,4,Friday,103,71.2594,0.00267915
2025-12-19 08:40:00,2025-12-19,4,Friday,104,66.0381,0.00248284
2025-12-19 08:45:00,2025-12-19,4,Friday,105,82.628,0.00310657
2025-12-19 08:50:00,2025-12-19,4,Friday,106,75.4382,0.00283626
2025-12-19 08:55:00,2025-12-19,4,Friday,107,57.6413,0.00216715
2025-12-19 09:00:00,2025-12-19,4,Friday,108,56.6713,0.00213068
2025-12-19 09:05:00,2025-12-19,4,Friday,109,71.4586,0.00268664
2025-12-19 09:10:00,2025-12-19,4,Friday,110,64.2816,0.0024168
2025-12-19 09:15:00,2025-12-19,4,Friday,111,65.2794,0.00245431
2025-12-19 09:20:00,2025-12-19,4,Friday,112,75.5187,0.00283928
2025-12-19 09:25:00,2025-12-19,4,Friday,113,71.932,0.00270443
2025-12-19 09:30:00,2025-12-19,4,Friday,114,76.9087,0.00289154
2025-12-19 09:35:00,2025-12-19,4,Friday,115,45.223,0.00170025
2025-12-19 09:40:00,2025-12-19,4,Friday,116,65.6388,0.00246783
2025-12-19 09:45:00,2025-12-19,4,Friday,117,69.3591,0.0026077
2025-12-19 09:50:00,2025-12-19,4,Friday,118,48.1155,0.001809
2025-12-19 09:55:00,2025-12-19,4,Friday,119,55.9197,0.00210242
2025-12-19 10:00:00,2025-12-19,4,Friday,120,53.861,0.00202501
2025-12-19 10:05:00,2025-12-19,4,Friday,121,61.4641,0.00231087
2025-12-19 10:10:00,2025-12-19,4,Friday,122,75.7862,0.00284934
2025-12-19 10:15:00,2025-12-19,4,Friday,123,78.9529,0.0029684
2025-12-19 10:20:00,2025-12-19,4,Friday,124,52.8928,0.00198861
2025-12-19 10:25:00,2025-12-19,4,Friday,125,64.6786,0.00243173
2025-12-19 10:30:00,2025-12-19,4,Friday,126,64.6507,0.00243068
2025-12-19 10:35:00,2025-12-19,4,Friday,127,62.8247,0.00236202
2025-12-19 10:40:00,2025-12-19,4,Friday,128,62.647,0.00235535
2025-12-19 10:45:00,2025-12-19,4,Friday,129,61.5436,0.00231386
2025-12-19 10:50:00,2025-12-19,4,Friday,130,73.4707,0.00276228
2025-12-19 10:55:00,2025-12-19,4,Friday,131,68.0725,0.00255933
2025-12-19 11:00:00,2025-12-19,4,Friday,132,48.9546,0.00184055
2025-12-19 11:05:00,2025-12-19,4,Friday,133,64.9521,0.00244201
2025-12-19 11:10:00,2025-12-19,4,Friday,134,65.6011,0.00246641
2025-12-19 11:15:00,2025-12-19,4,Friday,135,60.4292,0.00227196
2025-12-19 11:20:00,2025-12-19,4,Friday,136,67.335,0.0025316
2025-12-19 11:25:00,2025-12-19,4,Friday,137,59.0643,0.00222064
2025-12-19 11:30:00,2025-12-19,4,Friday,138,59.0623,0.00222057
2025-12-19 11:35:00,2025-12-19,4,Friday,139,58.2899,0.00219153
2025-12-19 11:40:00,2025-12-19,4,Friday,140,39.8665,0.00149886
2025-12-19 11:45:00,2025-12-19,4,Friday,141,56.4298,0.0021216
2025-12-19 11:50:00,2025-12-19,4,Friday,142,51.3566,0.00193086
2025-12-19 11:55:00,2025-12-19,4,Friday,143,46.8999,0.0017633
2025-12-19 12:00:00,2025-12-19,4,Friday,144,69.316,0.00260608
2025-12-19 12:05:00,2025-12-19,4,Friday,145,61.3685,0.00230728
2025-12-19 12:10:00,2025-12-19,4,Friday,146,56.8225,0.00213636
2025-12-19 12:15:00,2025-12-19,4,Friday,147,52.2795,0.00196556
2025-12-19 12:20:00,2025-12-19,4,Friday,148,59.7157,0.00224513
2025-12-19 12:25:00,2025-12-19,4,Friday,149,65.7626,0.00247248
2025-12-19 12:30:00,2025-12-19,4,Friday,150,50.2257,0.00188834
2025-12-19 12:35:00,2025-12-19,4,Friday,151,57.4021,0.00215815
2025-12-19 12:40:00,2025-12-19,4,Friday,152,65.0609,0.0024461
2025-12-19 12:45:00,2025-12-19,4,Friday,153,40.9461,0.00153945
2025-12-19 12:50:00,2025-12-19,4,Friday,154,57.3571,0.00215646
2025-12-19 12:55:00,2025-12-19,4,Friday,155,54.2897,0.00204113
2025-12-19 13:00:00,2025-12-19,4,Friday,156,57.0431,0.00214465
2025-12-19 13:05:00,2025-12-19,4,Friday,157,54.0175,0.0020309
2025-12-19 13:10:00,2025-12-19,4,Friday,158,59.8398,0.0022498
2025-12-19 13:15:00,2025-12-19,4,Friday,159,75.846,0.00285159
2025-12-19 13:20:00,2025-12-19,4,Friday,160,56.2375,0.00211436
2025-12-19 13:25:00,2025-12-19,4,Friday,161,61.9705,0.00232991
2025-12-19 13:30:00,2025-12-19,4,Friday,162,77.499,0.00291373
2025-12-19 13:35:00,2025-12-19,4,Friday,163,54.9985,0.00206778
2025-12-19 13:40:00,2025-12-19,4,Friday,164,76.6529,0.00288193
2025-12-19 13:45:00,2025-12-19,4,Friday,165,60.6235,0.00227927
2025-12-19 13:50:00,2025-12-19,4,Friday,166,77.1937,0.00290226
2025-12-19 13:55:00,2025-12-19,4,Friday,167,68.1588,0.00256257
2025-12-19 14:00:00,2025-12-19,4,Friday,168,64.47,0.00242389
2025-12-19 14:05:00,2025-12-19,4,Friday,169,61.4008,0.00230849
2025-12-19 14:10:00,2025-12-19,4,Friday,170,56.5641,0.00212664
2025-12-19 14:15:00,2025-12-19,4,Friday,171,63.5278,0.00238846
2025-12-19 14:20:00,2025-12-19,4,Friday,172,71.747,0.00269748
2025-12-19 14:25:00,2025-12-19,4,Friday,173,63.545,0.00238911
2025-12-19 14:30:00,2025-12-19,4,Friday,174,61.0731,0.00229617
2025-12-19 14:35:00,2025-12-19,4,Friday,175,62.15,0.00233666
2025-12-19 14:40:00,2025-12-19,4,Friday,176,74.7375,0.00280991
2025-12-19 14:45:00,2025-12-19,4,Friday,177,77.5836,0.00291692
2025-12-19 14:50:00,2025-12-19,4,Friday,178,59.4291,0.00223436
2025-12-19 14:55:00,2025-12-19,4,Friday,179,59.8741,0.00225109
2025-12-19 15:00:00,2025-12-19,4,Friday,180,70.8868,0.00266514
2025-12-19 15:05:00,2025-12-19,4,Friday,181,83.0941,0.0031241
2025-12-19 15:10:00,2025-12-19,4,Friday,182,79.8637,0.00300264
2025-12-19 15:15:00,2025-12-19,4,Friday,183,55.8037,0.00209806
2025-12-19 15:20:00,2025-12-19,4,Friday,184,66.5278,0.00250125
2025-12-19 15:25:00,2025-12-19,4,Friday,185,60.0987,0.00225954
2025-12-19 15:30:00,2025-12-19,4,Friday,186,67.61,0.00254194
2025-12-19 15:35:00,2025-12-19,4,Friday,187,88.1288,0.00331338
2025-12-19 15:40:00,2025-12-19,4,Friday,188,56.3532,0.00211872
2025-12-19 15:45:00,2025-12-19,4,Friday,189,54.7108,0.00205697
2025-12-19 15:50:00,2025-12-19,4,Friday,190,63.8243,0.00239961
2025-12-19 15:55:00,2025-12-19,4,Friday,191,76.6847,0.00288312
2025-12-19 16:00:00,2025-12-19,4,Friday,192,81.0641,0.00304777
2025-12-19 16:05:00,2025-12-19,4,Friday,193,79.7185,0.00299718
2025-12-19 16:10:00,2025-12-19,4,Friday,194,88.7772,0.00333776
2025-12-19 16:15:00,2025-12-19,4,Friday,195,55.9996,0.00210542
2025-12-19 16:20:00,2025-12-19,4,Friday,196,90.4985,0.00340248
2025-12-19 16:25:00,2025-12-19,4,Friday,197,73.8601,0.00277693
2025-12-19 16:30:00,2025-12-19,4,Friday,198,86.752,0.00326162
2025-12-19 16:35:00,2025-12-19,4,Friday,199,63.2111,0.00237655
2025-12-19 16:40:00,2025-12-19,4,Friday,200,79.6253,0.00299368
2025-12-19 16:45:00,2025-12-19,4,Friday,201,83.1154,0.0031249
2025-12-19 16:50:00,2025-12-19,4,Friday,202,95.0192,0.00357244
2025-12-19 16:55:00,2025-12-19,4,Friday,203,62.2687,0.00234112
2025-12-19 17:00:00,2025-12-19,4,Friday,204,82.7941,0.00311282
2025-12-19 17:05:00,2025-12-19,4,Friday,205,69.6037,0.0026169
2025-12-19 17:10:00,2025-12-19,4,Friday,206,90.2234,0.00339214
2025-12-19 17:15:00,2025-12-19,4,Friday,207,94.4575,0.00355133
2025-12-19 17:20:00,2025-12-19,4,Friday,208,101.804,0.00382753
2025-12-19 17:25:00,2025-12-19,4,Friday,209,79.1587,0.00297613
2025-12-19 17:30:00,2025-12-19,4,Friday,210,98.8782,0.00371753
2025-12-19 17:35:00,2025-12-19,4,Friday,211,105.4177,0.0039634
2025-12-19 17:40:00,2025-12-19,4,Friday,212,66.5273,0.00250123
2025-12-19 17:45:00,2025-12-19,4,Friday,213,97.2119,0.00365488
2025-12-19 17:50:00,2025-12-19,4,Friday,214,102.6878,0.00386076
2025-12-19 17:55:00,2025-12-19,4,Friday,215,87.0127,0.00327142
2025-12-19 18:00:00,2025-12-19,4,Friday,216,74.696,0.00280835
2025-12-19 18:05:00,2025-12-19,4,Friday,217,105.0348,0.003949
2025-12-19 18:10:00,2025-12-19,4,Friday,218,76.0746,0.00286018
2025-12-19 18:15:00,2025-12-19,4,Friday,219,91.0095,0.00342169
2025-12-19 18:20:00,2025-12-19,4,Friday,220,93.6884,0.00352241
2025-12-19 18:25:00,2025-12-19,4,Friday,221,105.1951,0.00395503
2025-12-19 18:30:00,2025-12-19,4,Friday,222,86.7411,0.00326121
2025-12-19 18:35:00,2025-12-19,4,Friday,223,86.5721,0.00325486
2025-12-19 18:40:00,2025-12-19,4,Friday,224,98.6585,0.00370927
2025-12-19 18:45:00,2025-12-19,4,Friday,225,112.7364,0.00423856
2025-12-19 18:50:00,2025-12-19,4,Friday,226,132.5398,0.00498311
2025-12-19 18:55:00,2025-12-19,4,Friday,227,76.9296,0.00289233
2025-12-19 19:00:00,2025-12-19,4,Friday,228,104.8676,0.00394271
2025-12-19 19:05:00,2025-12-19,4,Friday,229,84.4137,0.00317371
2025-12-19 19:10:00,2025-12-19,4,Friday,230,117.0862,0.0044021
2025-12-19 19:15:00,2025-12-19,4,Friday,231,87.8762,0.00330389
2025-12-19 19:20:00,2025-12-19,4,Friday,232,92.5578,0.0034799
2025-12-19 19:25:00,2025-12-19,4,Friday,233,94.5137,0.00355344
2025-12-19 19:30:00,2025-12-19,4,Friday,234,103.1778,0.00387918
2025-12-19 19:35:00,2025-12-19,4,Friday,235,110.1506,0.00414134
2025-12-19 19:40:00,2025-12-19,4,Friday,236,113.4094,0.00426386
2025-12-19 19:45:00,2025-12-19,4,Friday,237,106.3188,0.00399728
2025-12-19 19:50:00,2025-12-19,4,Friday,238,85.7168,0.0032227
2025-12-19 19:55:00,2025-12-19,4,Friday,239,119.4967,0.00449273
2025-12-19 20:00:00,2025-12-19,4,Friday,240,107.5252,0.00404263
2025-12-19 20:05:00,2025-12-19,4,Friday,241,128.0281,0.00481348
2025-12-19 20:10:00,2025-12-19,4,Friday,242,98.0209,0.0036853
2025-12-19 20:15:00,2025-12-19,4,Friday,243,83.7814,0.00314994
2025-12-19 20:20:00,2025-12-19,4,Friday,244,110.3385,0.0041484
2025-12-19 20:25:00,2025-12-19,4,Friday,245,133.1885,0.0050075
2025-12-19 20:30:00,2025-12-19,4,Friday,246,114.8152,0.00431672
2025-12-19 20:35:00,2025-12-19,4,Friday,247,109.3209,0.00411015
2025-12-19 20:40:00,2025-12-19,4,Friday,248,98.4853,0.00370276
2025-12-19 20:45:00,2025-12-19,4,Friday,249,143.8558,0.00540856
2025-12-19 20:50:00,2025-12-19,4,Friday,250,96.7288,0.00363672
2025-12-19 20:55:00,2025-12-19,4,Friday,251,102.4345,0.00385124
2025-12-19 21:00:00,2025-12-19,4,Friday,252,125.3486,0.00471274
2025-12-19 21:05:00,2025-12-19,4,Friday,253,83.7031,0.00314699
2025-12-19 21:10:00,2025-12-19,4,Friday,254,138.7824,0.00521781
2025-12-19 21:15:00,2025-12-19,4,Friday,255,127.9611,0.00481096
2025-12-19 21:20:00,2025-12-19,4,Friday,256,133.34,0.0050132
2025-12-19 21:25:00,2025-12-19,4,Friday,257,127.8417,0.00480647
2025-12-19 21:30:00,2025-12-19,4,Friday,258,115.5647,0.00434489
2025-12-19 21:35:00,2025-12-19,4,Friday,259,99.9177,0.00375661
2025-12-19 21:40:00,2025-12-19,4,Friday,260,116.803,0.00439145
2025-12-19 21:45:00,2025-12-19,4,Friday,261,102.2165,0.00384304
2025-12-19 21:50:00,2025-12-19,4,Friday,262,128.9005,0.00484628
2025-12-19 21:55:00,2025-12-19,4,Friday,263,135.1205,0.00508013
2025-12-19 22:00:00,2025-12-19,4,Friday,264,147.6993,0.00555306
2025-12-19 22:05:00,2025-12-19,4,Friday,265,128.0437,0.00481407
2025-12-19 22:10:00,2025-12-19,4,Friday,266,138.5012,0.00520724
2025-12-19 22:15:00,2025-12-19,4,Friday,267,116.5336,0.00438132
2025-12-19 22:20:00,2025-12-19,4,Friday,268,113.5195,0.004268
2025-12-19 22:25:00,2025-12-19,4,Friday,269,131.312,0.00493695
2025-12-19 22:30:00,2025-12-19,4,Friday,270,115.7701,0.00435262
2025-12-19 22:35:00,2025-12-19,4,Friday,271,128.1461,0.00481792
2025-12-19 22:40:00,2025-12-19,4,Friday,272,103.7873,0.0039021
2025-12-19 22:45:00,2025-12-19,4,Friday,273,107.327,0.00403518
2025-12-19 22:50:00,2025-12-19,4,Friday,274,135.7262,0.00510291
2025-12-19 22:55:00,2025-12-19,4,Friday,275,140.6425,0.00528775
2025-12-19 23:00:00,2025-12-19,4,Friday,276,105.951,0.00398345
2025-12-19 23:05:00,2025-12-19,4,Friday,277,137.0445,0.00515247
2025-12-19 23:10:00,2025-12-19,4,Friday,278,114.7246,0.00431331
2025-12-19 23:15:00,2025-12-19,4,Friday,279,125.1512,0.00470532
2025-12-19 23:20:00,2025-12-19,4,Friday,280,151.5432,0.00569758
2025-12-19 23:25:00,2025-12-19,4,Friday,281,140.2541,0.00527314
2025-12-19 23:30:00,2025-12-19,4,Friday,282,140.1543,0.00526939
2025-12-19 23:35:00,2025-12-19,4,Friday,283,161.171,0.00605956
2025-12-19 23:40:00,2025-12-19,4,Friday,284,112.1328,0.00421587
2025-12-19 23:45:00,2025-12-19,4,Friday,285,106.8783,0.00401831
2025-12-19 23:50:00,2025-12-19,4,Friday,286,111.8768,0.00420624
2025-12-19 23:55:00,2025-12-19,4,Friday,287,120.701,0.004538
2025-12-20 00:00:00,2025-12-20,5,Saturday,0,102.7707,0.00460442
2025-12-20 00:05:00,2025-12-20,5,Saturday,1,97.4002,0.00436381
2025-12-20 00:10:00,2025-12-20,5,Saturday,2,118.5104,0.00530961
2025-12-20 00:15:00,2025-12-20,5,Saturday,3,111.613,0.00500059
2025-12-20 00:20:00,2025-12-20,5,Saturday,4,96.4134,0.0043196
2025-12-20 00:25:00,2025-12-20,5,Saturday,5,115.2705,0.00516445
2025-12-20 00:30:00,2025-12-20,5,Saturday,6,117.3043,0.00525557
2025-12-20 00:35:00,2025-12-20,5,Saturday,7,93.5451,0.00419109
2025-12-20 00:40:00,2025-12-20,5,Saturday,8,97.8197,0.0043826
2025-12-20 00:45:00,2025-12-20,5,Saturday,9,70.2937,0.00314936
2025-12-20 00:50:00,2025-12-20,5,Saturday,10,88.1444,0.00394912
2025-12-20 00:55:00,2025-12-20,5,Saturday,11,93.5211,0.00419002
2025-12-20 01:00:00,2025-12-20,5,Saturday,12,106.2544,0.0047605
2025-12-20 01:05:00,2025-12-20,5,Saturday,13,90.0375,0.00403394
2025-12-20 01:10:00,2025-12-20,5,Saturday,14,96.6659,0.00433091
2025-12-20 01:15:00,2025-12-20,5,Saturday,15,85.3221,0.00382268
2025-12-20 01:20:00,2025-12-20,5,Saturday,16,107.0042,0.0047941
2025-12-20 01:25:00,2025-12-20,5,Saturday,17,110.7519,0.00496201
2025-12-20 01:30:00,2025-12-20,5,Saturday,18,110.138,0.0049345
2025-12-20 01:35:00,2025-12-20,5,Saturday,19,103.8132,0.00465113
2025-12-20 01:40:00,2025-12-20,5,Saturday,20,79.4677,0.00356038
2025-12-20 01:45:00,2025-12-20,5,Saturday,21,93.5013,0.00418913
2025-12-20 01:50:00,2025-12-20,5,Saturday,22,96.5216,0.00432445
2025-12-20 01:55:00,2025-12-20,5,Saturday,23,96.3039,0.00431469
2025-12-20 02:00:00,2025-12-20,5,Saturday,24,103.3447,0.00463014
2025-12-20 02:05:00,2025-12-20,5,Saturday,25,123.6576,0.00554022
2025-12-20 02:10:00,2025-12-20,5,Saturday,26,113.9097,0.00510348
2025-12-20 02:15:00,2025-12-20,5,Saturday,27,86.2058,0.00386227
2025-12-20 02:20:00,2025-12-20,5,Saturday,28,111.1008,0.00497764
2025-12-20 02:25:00,2025-12-20,5,Saturday,29,110.1216,0.00493377
2025-12-20 02:30:00,2025-12-20,5,Saturday,30,87.9908,0.00394224
2025-12-20 02:35:00,2025-12-20,5,Saturday,31,112.3986,0.00503578
2025-12-20 02:40:00,2025-12-20,5,Saturday,32,96.9142,0.00434203
2025-12-20 02:45:00,2025-12-20,5,Saturday,33,77.9771,0.0034936
2025-12-20 02:50:00,2025-12-20,5,Saturday,34,105.1945,0.00471302
2025-12-20 02:55:00,2025-12-20,5,Saturday,35,101.23,0.0045354
2025-12-20 03:00:00,2025-12-20,5,Saturday,36,94.2649,0.00422334
2025-12-20 03:05:00,2025-12-20,5,Saturday,37,96.6012,0.00432801
2025-12-20 03:10:00,2025-12-20,5,Saturday,38,86.2575,0.00386458
2025-12-20 03:15:00,2025-12-20,5,Saturday,39,105.0221,0.00470529
2025-12-20 03:20:00,2025-12-20,5,Saturday,40,95.1134,0.00426136
2025-12-20 03:25:00,2025-12-20,5,Saturday,41,97.6277,0.004374
2025-12-20 03:30:00,2025-12-20,5,Saturday,42,99.8291,0.00447263
2025-12-20 03:35:00,2025-12-20,5,Saturday,43,77.9256,0.00349129
2025-12-20 03:40:00,2025-12-20,5,Saturday,44,81.1614,0.00363626
2025-12-20 03:45:00,2025-12-20,5,Saturday,45,62.3146,0.00279187
2025-12-20 03:50:00,2025-12-20,5,Saturday,46,100.5373,0.00450436
2025-12-20 03:55:00,2025-12-20,5,Saturday,47,75.3941,0.00337787
2025-12-20 04:00:00,2025-12-20,5,Saturday,48,93.4284,0.00418586
2025-12-20 04:05:00,2025-12-20,5,Saturday,49,96.124,0.00430663
2025-12-20 04:10:00,2025-12-20,5,Saturday,50,98.6772,0.00442102
2025-12-20 04:15:00,2025-12-20,5,Saturday,51,73.6944,0.00330172
2025-12-20 04:20:00,2025-12-20,5,Saturday,52,88.4947,0.00396482
2025-12-20 04:25:00,2025-12-20,5,Saturday,53,111.0399,0.00497491
2025-12-20 04:30:00,2025-12-20,5,Saturday,54,110.8967,0.00496849
2025-12-20 04:35:00,2025-12-20,5,Saturday,55,100.6048,0.00450739
2025-12-20 04:40:00,2025-12-20,5,Saturday,56,91.4428,0.0040969
2025-12-20 04:45:00,2025-12-20,5,Saturday,57,73.4089,0.00328893
2025-12-20 04:50:00,2025-12-20,5,Saturday,58,95.0946,0.00426051
2025-12-20 04:55:00,2025-12-20,5,Saturday,59,83.2172,0.00372837
2025-12-20 05:00:00,2025-12-20,5,Saturday,60,91.7454,0.00411046
2025-12-20 05:05:00,2025-12-20,5,Saturday,61,76.0429,0.00340694
2025-12-20 05:10:00,2025-12-20,5,Saturday,62,81.2403,0.0036398
2025-12-20 05:15:00,2025-12-20,5,Saturday,63,84.8246,0.00380039
2025-12-20 05:20:00,2025-12-20,5,Saturday,64,85.2013,0.00381726
2025-12-20 05:25:00,2025-12-20,5,Saturday,65,87.5822,0.00392394
2025-12-20 05:30:00,2025-12-20,5,Saturday,66,73.8883,0.00331041
2025-12-20 05:35:00,2025-12-20,5,Saturday,67,64.1137,0.00287248
2025-12-20 05:40:00,2025-12-20,5,Saturday,68,99.0793,0.00443904
2025-12-20 05:45:00,2025-12-20,5,Saturday,69,108.5451,0.00486314
2025-12-20 05:50:00,2025-12-20,5,Saturday,70,83.6664,0.00374849
2025-12-20 05:55:00,2025-12-20,5,Saturday,71,62.3279,0.00279247
2025-12-20 06:00:00,2025-12-20,5,Saturday,72,68.1956,0.00305536
2025-12-20 06:05:00,2025-12-20,5,Saturday,73,82.3545,0.00368972
2025-12-20 06:10:00,2025-12-20,5,Saturday,74,91.1454,0.00408358
2025-12-20 06:15:00,2025-12-20,5,Saturday,75,61.5599,0.00275806
2025-12-20 06:20:00,2025-12-20,5,Saturday,76,73.2296,0.0032809
2025-12-20 06:25:00,2025-12-20,5,Saturday,77,76.1678,0.00341254
2025-12-20 06:30:00,2025-12-20,5,Saturday,78,82.8813,0.00371332
2025-12-20 06:35:00,2025-12-20,5,Saturday,79,68.9927,0.00309107
2025-12-20 06:40:00,2025-12-20,5,Saturday,80,55.202,0.00247321
2025-12-20 06:45:00,2025-12-20,5,Saturday,81,78.1611,0.00350184
2025-12-20 06:50:00,2025-12-20,5,Saturday,82,82.8403,0.00371149
2025-12-20 06:55:00,2025-12-20,5,Saturday,83,69.3962,0.00310915
2025-12-20 07:00:00,2025-12-20,5,Saturday,84,73.8894,0.00331046
2025-12-20 07:05:00,2025-12-20,5,Saturday,85,64.1332,0.00287335
2025-12-20 07:10:00,2025-12-20,5,Saturday,86,59.7604,0.00267744
2025-12-20 07:15:00,2025-12-20,5,Saturday,87,78.2893,0.00350759
2025-12-20 07:20:00,2025-12-20,5,Saturday,88,71.1572,0.00318805
2025-12-20 07:25:00,2025-12-20,5,Saturday,89,71.5608,0.00320613
2025-12-20 07:30:00,2025-12-20,5,Saturday,90,80.9593,0.00362721
2025-12-20 07:35:00,2025-12-20,5,Saturday,91,55.1292,0.00246995
2025-12-20 07:40:00,2025-12-20,5,Saturday,92,59.5415,0.00266763
2025-12-20 07:45:00,2025-12-20,5,Saturday,93,65.8722,0.00295127
2025-12-20 07:50:00,2025-12-20,5,Saturday,94,58.3857,0.00261585
2025-12-20 07:55:00,2025-12-20,5,Saturday,95,70.6557,0.00316558
2025-12-20 08:00:00,2025-12-20,5,Saturday,96,60.9164,0.00272923
2025-12-20 08:05:00,2025-12-20,5,Saturday,97,52.8846,0.00236938
2025-12-20 08:10:00,2025-12-20,5,Saturday,98,62.207,0.00278705
2025-12-20 08:15:00,2025-12-20,5,Saturday,99,62.6312,0.00280606
2025-12-20 08:20:00,2025-12-20,5,Saturday,100,69.0391,0.00309315
2025-12-20 08:25:00,2025-12-20,5,Saturday,101,63.5773,0.00284845
2025-12-20 08:30:00,2025-12-20,5,Saturday,102,63.65,0.0028517
2025-12-20 08:35:00,2025-12-20,5,Saturday,103,61.8718,0.00277204
2025-12-20 08:40:00,2025-12-20,5,Saturday,104,56.8947,0.00254905
2025-12-20 08:45:00,2025-12-20,5,Saturday,105,51.8302,0.00232214
2025-12-20 08:50:00,2025-12-20,5,Saturday,106,60.0943,0.0026924
2025-12-20 08:55:00,2025-12-20,5,Saturday,107,54.283,0.00243204
2025-12-20 09:00:00,2025-12-20,5,Saturday,108,71.0557,0.0031835
2025-12-20 09:05:00,2025-12-20,5,Saturday,109,67.5695,0.00302731
2025-12-20 09:10:00,2025-12-20,5,Saturday,110,61.1125,0.00273802
2025-12-20 09:15:00,2025-12-20,5,Saturday,111,58.5376,0.00262266
2025-12-20 09:20:00,2025-12-20,5,Saturday,112,54.2566,0.00243085
2025-12-20 09:25:00,2025-12-20,5,Saturday,113,44.2566,0.00198282
2025-12-20 09:30:00,2025-12-20,5,Saturday,114,52.4348,0.00234923
2025-12-20 09:35:00,2025-12-20,5,Saturday,115,54.6319,0.00244766
2025-12-20 09:40:00,2025-12-20,5,Saturday,116,55.2853,0.00247694
2025-12-20 09:45:00,2025-12-20,5,Saturday,117,56.8285,0.00254608
2025-12-20 09:50:00,2025-12-20,5,Saturday,118,60.0338,0.00268969
2025-12-20 09:55:00,2025-12-20,5,Saturday,119,46.9698,0.00210438
2025-12-20 10:00:00,2025-12-20,5,Saturday,120,46.7526,0.00209465
2025-12-20 10:05:00,2025-12-20,5,Saturday,121,63.049,0.00282478
2025-12-20 10:10:00,2025-12-20,5,Saturday,122,57.4365,0.00257332
2025-12-20 10:15:00,2025-12-20,5,Saturday,123,48.1964,0.00215934
2025-12-20 10:20:00,2025-12-20,5,Saturday,124,50.1055,0.00224487
2025-12-20 10:25:00,2025-12-20,5,Saturday,125,49.8834,0.00223492
2025-12-20 10:30:00,2025-12-20,5,Saturday,126,50.6549,0.00226949
2025-12-20 10:35:00,2025-12-20,5,Saturday,127,53.739,0.00240766
2025-12-20 10:40:00,2025-12-20,5,Saturday,128,68.9554,0.0030894
2025-12-20 10:45:00,2025-12-20,5,Saturday,129,51.1654,0.00229236
2025-12-20 10:50:00,2025-12-20,5,Saturday,130,54.478,0.00244077
2025-12-20 10:55:00,2025-12-20,5,Saturday,131,36.8806,0.00165236
2025-12-20 11:00:00,2025-12-20,5,Saturday,132,45.6213,0.00204396
2025-12-20 11:05:00,2025-12-20,5,Saturday,133,58.0829,0.00260228
2025-12-20 11:10:00,2025-12-20,5,Saturday,134,51.8508,0.00232307
2025-12-20 11:15:00,2025-12-20,5,Saturday,135,16.6614,0.00074648
2025-12-20 11:20:00,2025-12-20,5,Saturday,136,53.5726,0.00240021
2025-12-20 11:25:00,2025-12-20,5,Saturday,137,62.52,0.00280108
2025-12-20 11:30:00,2025-12-20,5,Saturday,138,33.9529,0.00152119
2025-12-20 11:35:00,2025-12-20,5,Saturday,139,59.4136,0.0026619
2025-12-20 11:40:00,2025-12-20,5,Saturday,140,28.2313,0.00126484
2025-12-20 11:45:00,2025-12-20,5,Saturday,141,55.0685,0.00246723
2025-12-20 11:50:00,2025-12-20,5,Saturday,142,48.179,0.00215856
2025-12-20 11:55:00,2025-12-20,5,Saturday,143,31.2233,0.00139889
2025-12-20 12:00:00,2025-12-20,5,Saturday,144,51.4406,0.00230469
2025-12-20 12:05:00,2025-12-20,5,Saturday,145,56.5452,0.00253339
2025-12-20 12:10:00,2025-12-20,5,Saturday,146,50.8748,0.00227934
2025-12-20 12:15:00,2025-12-20,5,Saturday,147,52.511,0.00235264
2025-12-20 12:20:00,2025-12-20,5,Saturday,148,45.3401,0.00203137
2025-12-20 12:25:00,2025-12-20,5,Saturday,149,34.8762,0.00156256
2025-12-20 12:30:00,2025-12-20,5,Saturday,150,53.4909,0.00239655
2025-12-20 12:35:00,2025-12-20,5,Saturday,151,61.2936,0.00274613
2025-12-20 12:40:00,2025-12-20,5,Saturday,152,56.8973,0.00254916
2025-12-20 12:45:00,2025-12-20,5,Saturday,153,34.2277,0.0015335
2025-12-20 12:50:00,2025-12-20,5,Saturday,154,37.7881,0.00169302
2025-12-20 12:55:00,2025-12-20,5,Saturday,155,42.8198,0.00191845
2025-12-20 13:00:00,2025-12-20,5,Saturday,156,37.4437,0.00167759
2025-12-20 13:05:00,2025-12-20,5,Saturday,157,49.697,0.00222657
2025-12-20 13:10:00,2025-12-20,5,Saturday,158,52.4772,0.00235113
2025-12-20 13:15:00,2025-12-20,5,Saturday,159,39.0762,0.00175073
2025-12-20 13:20:00,2025-12-20,5,Saturday,160,55.7823,0.00249921
2025-12-20 13:25:00,2025-12-20,5,Saturday,161,54.7056,0.00245097
2025-12-20 13:30:00,2025-12-20,5,Saturday,162,46.2707,0.00207306
2025-12-20 13:35:00,2025-12-20,5,Saturday,163,49.3529,0.00221115
2025-12-20 13:40:00,2025-12-20,5,Saturday,164,36.0306,0.00161427
2025-12-20 13:45:00,2025-12-20,5,Saturday,165,48.6458,0.00217947
2025-12-20 13:50:00,2025-12-20,5,Saturday,166,51.5397,0.00230913
2025-12-20 13:55:00,2025-12-20,5,Saturday,167,53.0909,0.00237862
2025-12-20 14:00:00,2025-12-20,5,Saturday,168,55.0501,0.0024664
2025-12-20 14:05:00,2025-12-20,5,Saturday,169,54.3314,0.0024342
2025-12-20 14:10:00,2025-12-20,5,Saturday,170,50.6531,0.00226941
2025-12-20 14:15:00,2025-12-20,5,Saturday,171,55.3685,0.00248067
2025-12-20 14:20:00,2025-12-20,5,Saturday,172,61.4789,0.00275443
2025-12-20 14:25:00,2025-12-20,5,Saturday,173,53.0425,0.00237646
2025-12-20 14:30:00,2025-12-20,5,Saturday,174,56.7737,0.00254363
2025-12-20 14:35:00,2025-12-20,5,Saturday,175,53.0575,0.00237713
2025-12-20 14:40:00,2025-12-20,5,Saturday,176,49.648,0.00222438
2025-12-20 14:45:00,2025-12-20,5,Saturday,177,59.7376,0.00267642
2025-12-20 14:50:00,2025-12-20,5,Saturday,178,51.1658,0.00229238
2025-12-20 14:55:00,2025-12-20,5,Saturday,179,59.5035,0.00266593
2025-12-20 15:00:00,2025-12-20,5,Saturday,180,56.9273,0.00255051
2025-12-20 15:05:00,2025-12-20,5,Saturday,181,54.5332,0.00244325
2025-12-20 15:10:00,2025-12-20,5,Saturday,182,54.7637,0.00245357
2025-12-20 15:15:00,2025-12-20,5,Saturday,183,53.6428,0.00240335
2025-12-20 15:20:00,2025-12-20,5,Saturday,184,44.094,0.00197554
2025-12-20 15:25:00,2025-12-20,5,Saturday,185,62.4262,0.00279687
2025-12-20 15:30:00,2025-12-20,5,Saturday,186,61.5997,0.00275984
2025-12-20 15:35:00,2025-12-20,5,Saturday,187,67.6886,0.00303265
2025-12-20 15:40:00,2025-12-20,5,Saturday,188,55.7229,0.00249655
2025-12-20 15:45:00,2025-12-20,5,Saturday,189,78.4336,0.00351405
2025-12-20 15:50:00,2025-12-20,5,Saturday,190,58.0906,0.00260263
2025-12-20 15:55:00,2025-12-20,5,Saturday,191,53.979,0.00241841
2025-12-20 16:00:00,2025-12-20,5,Saturday,192,53.3359,0.0023896
2025-12-20 16:05:00,2025-12-20,5,Saturday,193,46.7833,0.00209603
2025-12-20 16:10:00,2025-12-20,5,Saturday,194,78.4486,0.00351473
2025-12-20 16:15:00,2025-12-20,5,Saturday,195,77.5816,0.00347588
2025-12-20 16:20:00,2025-12-20,5,Saturday,196,70.7666,0.00317055
2025-12-20 16:25:00,2025-12-20,5,Saturday,197,56.6888,0.00253982
2025-12-20 16:30:00,2025-12-20,5,Saturday,198,84.0233,0.00376448
2025-12-20 16:35:00,2025-12-20,5,Saturday,199,63.1411,0.0028289
2025-12-20 16:40:00,2025-12-20,5,Saturday,200,64.5347,0.00289134
2025-12-20 16:45:00,2025-12-20,5,Saturday,201,82.4702,0.0036949
2025-12-20 16:50:00,2025-12-20,5,Saturday,202,75.2083,0.00336955
2025-12-20 16:55:00,2025-12-20,5,Saturday,203,91.8446,0.00411491
2025-12-20 17:00:00,2025-12-20,5,Saturday,204,72.254,0.00323719
2025-12-20 17:05:00,2025-12-20,5,Saturday,205,66.082,0.00296066
2025-12-20 17:10:00,2025-12-20,5,Saturday,206,64.3765,0.00288425
2025-12-20 17:15:00,2025-12-20,5,Saturday,207,51.6902,0.00231587
2025-12-20 17:20:00,2025-12-20,5,Saturday,208,69.1054,0.00309612
2025-12-20 17:25:00,2025-12-20,5,Saturday,209,85.2308,0.00381859
2025-12-20 17:30:00,2025-12-20,5,Saturday,210,79.9568,0.0035823
2025-12-20 17:35:00,2025-12-20,5,Saturday,211,74.2186,0.00332521
2025-12-20 17:40:00,2025-12-20,5,Saturday,212,63.4848,0.0028443
2025-12-20 17:45:00,2025-12-20,5,Saturday,213,77.8114,0.00348618
2025-12-20 17:50:00,2025-12-20,5,Saturday,214,87.4087,0.00391616
2025-12-20 17:55:00,2025-12-20,5,Saturday,215,81.4547,0.00364941
2025-12-20 18:00:00,2025-12-20,5,Saturday,216,79.0719,0.00354265
2025-12-20 18:05:00,2025-12-20,5,Saturday,217,68.4763,0.00306794
2025-12-20 18:10:00,2025-12-20,5,Saturday,218,88.603,0.00396967
2025-12-20 18:15:00,2025-12-20,5,Saturday,219,41.9053,0.00187748
2025-12-20 18:20:00,2025-12-20,5,Saturday,220,84.2387,0.00377414
2025-12-20 18:25:00,2025-12-20,5,Saturday,221,111.2483,0.00498425
2025-12-20 18:30:00,2025-12-20,5,Saturday,222,62.6102,0.00280512
2025-12-20 18:35:00,2025-12-20,5,Saturday,223,78.5909,0.0035211
2025-12-20 18:40:00,2025-12-20,5,Saturday,224,82.0684,0.0036769
2025-12-20 18:45:00,2025-12-20,5,Saturday,225,77.0419,0.0034517
2025-12-20 18:50:00,2025-12-20,5,Saturday,226,96.3694,0.00431763
2025-12-20 18:55:00,2025-12-20,5,Saturday,227,89.9726,0.00403103
2025-12-20 19:00:00,2025-12-20,5,Saturday,228,86.5632,0.00387828
2025-12-20 19:05:00,2025-12-20,5,Saturday,229,95.4312,0.00427559
2025-12-20 19:10:00,2025-12-20,5,Saturday,230,86.0572,0.00385561
2025-12-20 19:15:00,2025-12-20,5,Saturday,231,127.672,0.00572008
2025-12-20 19:20:00,2025-12-20,5,Saturday,232,89.0126,0.00398802
2025-12-20 19:25:00,2025-12-20,5,Saturday,233,90.1941,0.00404096
2025-12-20 19:30:00,2025-12-20,5,Saturday,234,65.5802,0.00293818
2025-12-20 19:35:00,2025-12-20,5,Saturday,235,81.5552,0.00365391
2025-12-20 19:40:00,2025-12-20,5,Saturday,236,104.7491,0.00469306
2025-12-20 19:45:00,2025-12-20,5,Saturday,237,71.9212,0.00322228
2025-12-20 19:50:00,2025-12-20,5,Saturday,238,61.2113,0.00274244
2025-12-20 19:55:00,2025-12-20,5,Saturday,239,91.4982,0.00409938
2025-12-20 20:00:00,2025-12-20,5,Saturday,240,110.4422,0.00494813
2025-12-20 20:05:00,2025-12-20,5,Saturday,241,92.7357,0.00415483
2025-12-20 20:10:00,2025-12-20,5,Saturday,242,88.0127,0.00394322
2025-12-20 20:15:00,2025-12-20,5,Saturday,243,67.2287,0.00301204
2025-12-20 20:20:00,2025-12-20,5,Saturday,244,100.0941,0.0044845
2025-12-20 20:25:00,2025-12-20,5,Saturday,245,103.5968,0.00464144
2025-12-20 20:30:00,2025-12-20,5,Saturday,246,69.4294,0.00311064
2025-12-20 20:35:00,2025-12-20,5,Saturday,247,111.4591,0.00499369
2025-12-20 20:40:00,2025-12-20,5,Saturday,248,106.7333,0.00478196
2025-12-20 20:45:00,2025-12-20,5,Saturday,249,112.5585,0.00504295
2025-12-20 20:50:00,2025-12-20,5,Saturday,250,105.1492,0.00471099
2025-12-20 20:55:00,2025-12-20,5,Saturday,251,106.6724,0.00477923
2025-12-20 21:00:00,2025-12-20,5,Saturday,252,105.2213,0.00471422
2025-12-20 21:05:00,2025-12-20,5,Saturday,253,110.8111,0.00496466
2025-12-20 21:10:00,2025-12-20,5,Saturday,254,71.6067,0.00320819
2025-12-20 21:15:00,2025-12-20,5,Saturday,255,76.6257,0.00343305
2025-12-20 21:20:00,2025-12-20,5,Saturday,256,88.3399,0.00395788
2025-12-20 21:25:00,2025-12-20,5,Saturday,257,97.7619,0.00438001
2025-12-20 21:30:00,2025-12-20,5,Saturday,258,105.9205,0.00474554
2025-12-20 21:35:00,2025-12-20,5,Saturday,259,105.3649,0.00472065
2025-12-20 21:40:00,2025-12-20,5,Saturday,260,117.7366,0.00527494
2025-12-20 21:45:00,2025-12-20,5,Saturday,261,118.6291,0.00531493
2025-12-20 21:50:00,2025-12-20,5,Saturday,262,88.2532,0.003954
2025-12-20 21:55:00,2025-12-20,5,Saturday,263,105.5195,0.00472758
2025-12-20 22:00:00,2025-12-20,5,Saturday,264,89.1987,0.00399636
2025-12-20 22:05:00,2025-12-20,5,Saturday,265,99.6105,0.00446284
2025-12-20 22:10:00,2025-12-20,5,Saturday,266,107.7645,0.00482816
2025-12-20 22:15:00,2025-12-20,5,Saturday,267,50.3783,0.00225709
2025-12-20 22:20:00,2025-12-20,5,Saturday,268,140.7448,0.00630577
2025-12-20 22:25:00,2025-12-20,5,Saturday,269,112.4249,0.00503696
2025-12-20 22:30:00,2025-12-20,5,Saturday,270,94.5877,0.0042378
2025-12-20 22:35:00,2025-12-20,5,Saturday,271,134.2012,0.0060126
2025-12-20 22:40:00,2025-12-20,5,Saturday,272,98.8895,0.00443053
2025-12-20 22:45:00,2025-12-20,5,Saturday,273,106.6137,0.0047766
2025-12-20 22:50:00,2025-12-20,5,Saturday,274,97.0796,0.00434945
2025-12-20 22:55:00,2025-12-20,5,Saturday,275,130.9132,0.00586529
2025-12-20 23:00:00,2025-12-20,5,Saturday,276,103.4304,0.00463398
2025-12-20 23:05:00,2025-12-20,5,Saturday,277,107.6018,0.00482087
2025-12-20 23:10:00,2025-12-20,5,Saturday,278,124.4144,0.00557413
2025-12-20 23:15:00,2025-12-20,5,Saturday,279,114.7763,0.00514231
2025-12-20 23:20:00,2025-12-20,5,Saturday,280,104.7704,0.00469402
2025-12-20 23:25:00,2025-12-20,5,Saturday,281,123.3453,0.00552623
2025-12-20 23:30:00,2025-12-20,5,Saturday,282,146.1182,0.00654652
2025-12-20 23:35:00,2025-12-20,5,Saturday,283,110.9411,0.00497048
2025-12-20 23:40:00,2025-12-20,5,Saturday,284,107.8167,0.0048305
2025-12-20 23:45:00,2025-12-20,5,Saturday,285,108.7223,0.00487107
2025-12-20 23:50:00,2025-12-20,5,Saturday,286,126.8878,0.00568494
2025-12-20 23:55:00,2025-12-20,5,Saturday,287,96.5311,0.00432487
2025-12-21 00:00:00,2025-12-21,6,Sunday,0,80.0838,0.00364033
2025-12-21 00:05:00,2025-12-21,6,Sunday,1,85.5987,0.00389102
2025-12-21 00:10:00,2025-12-21,6,Sunday,2,95.9788,0.00436287
2025-12-21 00:15:00,2025-12-21,6,Sunday,3,103.1546,0.00468905
2025-12-21 00:20:00,2025-12-21,6,Sunday,4,131.5727,0.00598084
2025-12-21 00:25:00,2025-12-21,6,Sunday,5,112.2746,0.00510361
2025-12-21 00:30:00,2025-12-21,6,Sunday,6,89.6381,0.00407464
2025-12-21 00:35:00,2025-12-21,6,Sunday,7,92.4278,0.00420145
2025-12-21 00:40:00,2025-12-21,6,Sunday,8,125.0323,0.00568354
2025-12-21 00:45:00,2025-12-21,6,Sunday,9,121.0407,0.00550209
2025-12-21 00:50:00,2025-12-21,6,Sunday,10,103.852,0.00472076
2025-12-21 00:55:00,2025-12-21,6,Sunday,11,96.4195,0.0043829
2025-12-21 01:00:00,2025-12-21,6,Sunday,12,120.5216,0.0054785
2025-12-21 01:05:00,2025-12-21,6,Sunday,13,87.6141,0.00398263
2025-12-21 01:10:00,2025-12-21,6,Sunday,14,108.818,0.00494649
2025-12-21 01:15:00,2025-12-21,6,Sunday,15,137.5517,0.00625263
2025-12-21 01:20:00,2025-12-21,6,Sunday,16,105.5298,0.00479702
2025-12-21 01:25:00,2025-12-21,6,Sunday,17,90.2729,0.00410349
2025-12-21 01:30:00,2025-12-21,6,Sunday,18,108.2015,0.00491847
2025-12-21 01:35:00,2025-12-21,6,Sunday,19,94.5153,0.00429634
2025-12-21 01:40:00,2025-12-21,6,Sunday,20,80.2181,0.00364644
2025-12-21 01:45:00,2025-12-21,6,Sunday,21,111.7983,0.00508197
2025-12-21 01:50:00,2025-12-21,6,Sunday,22,117.796,0.0053546
2025-12-21 01:55:00,2025-12-21,6,Sunday,23,95.8978,0.00435918
2025-12-21 02:00:00,2025-12-21,6,Sunday,24,94.6104,0.00430066
2025-12-21 02:05:00,2025-12-21,6,Sunday,25,85.5505,0.00388883
2025-12-21 02:10:00,2025-12-21,6,Sunday,26,97.4015,0.00442754
2025-12-21 02:15:00,2025-12-21,6,Sunday,27,90.9272,0.00413324
2025-12-21 02:20:00,2025-12-21,6,Sunday,28,83.9475,0.00381596
2025-12-21 02:25:00,2025-12-21,6,Sunday,29,126.577,0.00575376
2025-12-21 02:30:00,2025-12-21,6,Sunday,30,105.095,0.00477726
2025-12-21 02:35:00,2025-12-21,6,Sunday,31,106.2401,0.00482931
2025-12-21 02:40:00,2025-12-21,6,Sunday,32,110.3595,0.00501656
2025-12-21 02:45:00,2025-12-21,6,Sunday,33,108.2672,0.00492145
2025-12-21 02:50:00,2025-12-21,6,Sunday,34,90.6423,0.00412029
2025-12-21 02:55:00,2025-12-21,6,Sunday,35,100.14,0.00455202
2025-12-21 03:00:00,2025-12-21,6,Sunday,36,91.9088,0.00417786
2025-12-21 03:05:00,2025-12-21,6,Sunday,37,101.6009,0.00461843
2025-12-21 03:10:00,2025-12-21,6,Sunday,38,99.7419,0.00453392
2025-12-21 03:15:00,2025-12-21,6,Sunday,39,88.9984,0.00404556
2025-12-21 03:20:00,2025-12-21,6,Sunday,40,75.2151,0.00341902
2025-12-21 03:25:00,2025-12-21,6,Sunday,41,95.5194,0.00434198
2025-12-21 03:30:00,2025-12-21,6,Sunday,42,90.1329,0.00409713
2025-12-21 03:35:00,2025-12-21,6,Sunday,43,66.2614,0.00301201
2025-12-21 03:40:00,2025-12-21,6,Sunday,44,98.9875,0.00449963
2025-12-21 03:45:00,2025-12-21,6,Sunday,45,104.7172,0.00476008
2025-12-21 03:50:00,2025-12-21,6,Sunday,46,125.4476,0.00570242
2025-12-21 03:55:00,2025-12-21,6,Sunday,47,85.1211,0.00386931
2025-12-21 04:00:00,2025-12-21,6,Sunday,48,82.6303,0.00375609
2025-12-21 04:05:00,2025-12-21,6,Sunday,49,74.4849,0.00338583
2025-12-21 04:10:00,2025-12-21,6,Sunday,50,91.5879,0.00416327
2025-12-21 04:15:00,2025-12-21,6,Sunday,51,90.9345,0.00413357
2025-12-21 04:20:00,2025-12-21,6,Sunday,52,77.0254,0.00350131
2025-12-21 04:25:00,2025-12-21,6,Sunday,53,84.8473,0.00385686
2025-12-21 04:30:00,2025-12-21,6,Sunday,54,60.8719,0.00276702
2025-12-21 04:35:00,2025-12-21,6,Sunday,55,97.9381,0.00445193
2025-12-21 04:40:00,2025-12-21,6,Sunday,56,75.5362,0.00343362
2025-12-21 04:45:00,2025-12-21,6,Sunday,57,84.3845,0.00383583
2025-12-21 04:50:00,2025-12-21,6,Sunday,58,66.2099,0.00300967
2025-12-21 04:55:00,2025-12-21,6,Sunday,59,76.3377,0.00347005
2025-12-21 05:00:00,2025-12-21,6,Sunday,60,79.5649,0.00361675
2025-12-21 05:05:00,2025-12-21,6,Sunday,61,82.3083,0.00374145
2025-12-21 05:10:00,2025-12-21,6,Sunday,62,87.7343,0.0039881
2025-12-21 05:15:00,2025-12-21,6,Sunday,63,98.775,0.00448997
2025-12-21 05:20:00,2025-12-21,6,Sunday,64,89.4918,0.00406799
2025-12-21 05:25:00,2025-12-21,6,Sunday,65,91.5677,0.00416235
2025-12-21 05:30:00,2025-12-21,6,Sunday,66,96.6303,0.00439248
2025-12-21 05:35:00,2025-12-21,6,Sunday,67,85.5242,0.00388764
2025-12-21 05:40:00,2025-12-21,6,Sunday,68,77.7443,0.00353399
2025-12-21 05:45:00,2025-12-21,6,Sunday,69,89.2968,0.00405912
2025-12-21 05:50:00,2025-12-21,6,Sunday,70,89.3222,0.00406028
2025-12-21 05:55:00,2025-12-21,6,Sunday,71,83.7446,0.00380674
2025-12-21 06:00:00,2025-12-21,6,Sunday,72,59.1831,0.00269026
2025-12-21 06:05:00,2025-12-21,6,Sunday,73,65.6046,0.00298216
2025-12-21 06:10:00,2025-12-21,6,Sunday,74,71.3924,0.00324525
2025-12-21 06:15:00,2025-12-21,6,Sunday,75,82.4794,0.00374923
2025-12-21 06:20:00,2025-12-21,6,Sunday,76,72.9919,0.00331796
2025-12-21 06:25:00,2025-12-21,6,Sunday,77,84.9923,0.00386346
2025-12-21 06:30:00,2025-12-21,6,Sunday,78,86.1988,0.0039183
2025-12-21 06:35:00,2025-12-21,6,Sunday,79,84.222,0.00382844
2025-12-21 06:40:00,2025-12-21,6,Sunday,80,83.5687,0.00379874
2025-12-21 06:45:00,2025-12-21,6,Sunday,81,59.2487,0.00269324
2025-12-21 06:50:00,2025-12-21,6,Sunday,82,74.5919,0.00339069
2025-12-21 06:55:00,2025-12-21,6,Sunday,83,62.6695,0.00284874
2025-12-21 07:00:00,2025-12-21,6,Sunday,84,51.4454,0.00233853
2025-12-21 07:05:00,2025-12-21,6,Sunday,85,64.8351,0.00294718
2025-12-21 07:10:00,2025-12-21,6,Sunday,86,80.5104,0.00365973
2025-12-21 07:15:00,2025-12-21,6,Sunday,87,71.1768,0.00323545
2025-12-21 07:20:00,2025-12-21,6,Sunday,88,85.9651,0.00390768
2025-12-21 07:25:00,2025-12-21,6,Sunday,89,67.1507,0.00305244
2025-12-21 07:30:00,2025-12-21,6,Sunday,90,88.6433,0.00402942
2025-12-21 07:35:00,2025-12-21,6,Sunday,91,65.9788,0.00299917
2025-12-21 07:40:00,2025-12-21,6,Sunday,92,63.9182,0.0029055
2025-12-21 07:45:00,2025-12-21,6,Sunday,93,51.0269,0.00231951
2025-12-21 07:50:00,2025-12-21,6,Sunday,94,73.0195,0.00331922
2025-12-21 07:55:00,2025-12-21,6,Sunday,95,57.3731,0.00260798
2025-12-21 08:00:00,2025-12-21,6,Sunday,96,55.537,0.00252452
2025-12-21 08:05:00,2025-12-21,6,Sunday,97,72.692,0.00330433
2025-12-21 08:10:00,2025-12-21,6,Sunday,98,70.9497,0.00322513
2025-12-21 08:15:00,2025-12-21,6,Sunday,99,70.1056,0.00318676
2025-12-21 08:20:00,2025-12-21,6,Sunday,100,56.1899,0.0025542
2025-12-21 08:25:00,2025-12-21,6,Sunday,101,58.4641,0.00265758
2025-12-21 08:30:00,2025-12-21,6,Sunday,102,57.8947,0.00263169
2025-12-21 08:35:00,2025-12-21,6,Sunday,103,64.7319,0.00294249
2025-12-21 08:40:00,2025-12-21,6,Sunday,104,70.8419,0.00322023
2025-12-21 08:45:00,2025-12-21,6,Sunday,105,60.13,0.0027333
2025-12-21 08:50:00,2025-12-21,6,Sunday,106,73.2658,0.00333041
2025-12-21 08:55:00,2025-12-21,6,Sunday,107,63.6159,0.00289176
2025-12-21 09:00:00,2025-12-21,6,Sunday,108,53.6682,0.00243957
2025-12-21 09:05:00,2025-12-21,6,Sunday,109,62.0553,0.00282082
2025-12-21 09:10:00,2025-12-21,6,Sunday,110,68.7863,0.00312679
2025-12-21 09:15:00,2025-12-21,6,Sunday,111,70.6509,0.00321154
2025-12-21 09:20:00,2025-12-21,6,Sunday,112,63.56,0.00288922
2025-12-21 09:25:00,2025-12-21,6,Sunday,113,53.7677,0.00244409
2025-12-21 09:30:00,2025-12-21,6,Sunday,114,51.4505,0.00233876
2025-12-21 09:35:00,2025-12-21,6,Sunday,115,57.3706,0.00260787
2025-12-21 09:40:00,2025-12-21,6,Sunday,116,65.6159,0.00298267
2025-12-21 09:45:00,2025-12-21,6,Sunday,117,55.4867,0.00252224
2025-12-21 09:50:00,2025-12-21,6,Sunday,118,55.2875,0.00251318
2025-12-21 09:55:00,2025-12-21,6,Sunday,119,51.8281,0.00235593
2025-12-21 10:00:00,2025-12-21,6,Sunday,120,48.602,0.00220928
2025-12-21 10:05:00,2025-12-21,6,Sunday,121,49.5765,0.00225358
2025-12-21 10:10:00,2025-12-21,6,Sunday,122,51.5466,0.00234313
2025-12-21 10:15:00,2025-12-21,6,Sunday,123,63.1881,0.00287231
2025-12-21 10:20:00,2025-12-21,6,Sunday,124,48.1757,0.0021899
2025-12-21 10:25:00,2025-12-21,6,Sunday,125,50.1093,0.0022778
2025-12-21 10:30:00,2025-12-21,6,Sunday,126,43.0517,0.00195698
2025-12-21 10:35:00,2025-12-21,6,Sunday,127,54.5363,0.00247903
2025-12-21 10:40:00,2025-12-21,6,Sunday,128,59.075,0.00268535
2025-12-21 10:45:00,2025-12-21,6,Sunday,129,60.7154,0.00275991
2025-12-21 10:50:00,2025-12-21,6,Sunday,130,50.1101,0.00227783
2025-12-21 10:55:00,2025-12-21,6,Sunday,131,52.6208,0.00239196
2025-12-21 11:00:00,2025-12-21,6,Sunday,132,47.1681,0.0021441
2025-12-21 11:05:00,2025-12-21,6,Sunday,133,51.9381,0.00236093
2025-12-21 11:10:00,2025-12-21,6,Sunday,134,50.2456,0.00228399
2025-12-21 11:15:00,2025-12-21,6,Sunday,135,48.2766,0.00219449
2025-12-21 11:20:00,2025-12-21,6,Sunday,136,48.7307,0.00221513
2025-12-21 11:25:00,2025-12-21,6,Sunday,137,50.8729,0.00231251
2025-12-21 11:30:00,2025-12-21,6,Sunday,138,45.4574,0.00206634
2025-12-21 11:35:00,2025-12-21,6,Sunday,139,45.7545,0.00207984
2025-12-21 11:40:00,2025-12-21,6,Sunday,140,59.5656,0.00270764
2025-12-21 11:45:00,2025-12-21,6,Sunday,141,66.6349,0.00302899
2025-12-21 11:50:00,2025-12-21,6,Sunday,142,38.7877,0.00176315
2025-12-21 11:55:00,2025-12-21,6,Sunday,143,38.3799,0.00174462
2025-12-21 12:00:00,2025-12-21,6,Sunday,144,40.52,0.0018419
2025-12-21 12:05:00,2025-12-21,6,Sunday,145,46.5865,0.00211766
2025-12-21 12:10:00,2025-12-21,6,Sunday,146,53.7008,0.00244105
2025-12-21 12:15:00,2025-12-21,6,Sunday,147,51.5751,0.00234443
2025-12-21 12:20:00,2025-12-21,6,Sunday,148,48.6445,0.00221121
2025-12-21 12:25:00,2025-12-21,6,Sunday,149,51.2488,0.00232959
2025-12-21 12:30:00,2025-12-21,6,Sunday,150,42.6188,0.0019373
2025-12-21 12:35:00,2025-12-21,6,Sunday,151,45.8986,0.00208639
2025-12-21 12:40:00,2025-12-21,6,Sunday,152,47.6002,0.00216374
2025-12-21 12:45:00,2025-12-21,6,Sunday,153,36.4856,0.00165851
2025-12-21 12:50:00,2025-12-21,6,Sunday,154,39.6268,0.0018013
2025-12-21 12:55:00,2025-12-21,6,Sunday,155,40.0298,0.00181962
2025-12-21 13:00:00,2025-12-21,6,Sunday,156,53.8138,0.00244619
2025-12-21 13:05:00,2025-12-21,6,Sunday,157,50.2299,0.00228328
2025-12-21 13:10:00,2025-12-21,6,Sunday,158,53.0838,0.00241301
2025-12-21 13:15:00,2025-12-21,6,Sunday,159,35.3478,0.00160679
2025-12-21 13:20:00,2025-12-21,6,Sunday,160,38.1151,0.00173258
2025-12-21 13:25:00,2025-12-21,6,Sunday,161,54.1418,0.0024611
2025-12-21 13:30:00,2025-12-21,6,Sunday,162,28.8531,0.00131156
2025-12-21 13:35:00,2025-12-21,6,Sunday,163,58.8497,0.0026751
2025-12-21 13:40:00,2025-12-21,6,Sunday,164,36.3052,0.00165031
2025-12-21 13:45:00,2025-12-21,6,Sunday,165,56.5959,0.00257265
2025-12-21 13:50:00,2025-12-21,6,Sunday,166,43.7866,0.00199039
2025-12-21 13:55:00,2025-12-21,6,Sunday,167,58.8069,0.00267316
2025-12-21 14:00:00,2025-12-21,6,Sunday,168,75.7144,0.00344171
2025-12-21 14:05:00,2025-12-21,6,Sunday,169,33.8946,0.00154073
2025-12-21 14:10:00,2025-12-21,6,Sunday,170,57.1574,0.00259818
2025-12-21 14:15:00,2025-12-21,6,Sunday,171,37.967,0.00172585
2025-12-21 14:20:00,2025-12-21,6,Sunday,172,55.8041,0.00253666
2025-12-21 14:25:00,2025-12-21,6,Sunday,173,51.1696,0.00232599
2025-12-21 14:30:00,2025-12-21,6,Sunday,174,54.2143,0.0024644
2025-12-21 14:35:00,2025-12-21,6,Sunday,175,46.2367,0.00210176
2025-12-21 14:40:00,2025-12-21,6,Sunday,176,60.2713,0.00273973
2025-12-21 14:45:00,2025-12-21,6,Sunday,177,42.5482,0.00193409
2025-12-21 14:50:00,2025-12-21,6,Sunday,178,64.9718,0.00295339
2025-12-21 14:55:00,2025-12-21,6,Sunday,179,51.8061,0.00235492
2025-12-21 15:00:00,2025-12-21,6,Sunday,180,43.9232,0.0019966
2025-12-21 15:05:00,2025-12-21,6,Sunday,181,69.4843,0.00315852
2025-12-21 15:10:00,2025-12-21,6,Sunday,182,55.9511,0.00254335
2025-12-21 15:15:00,2025-12-21,6,Sunday,183,73.2887,0.00333145
2025-12-21 15:20:00,2025-12-21,6,Sunday,184,67.9789,0.00309009
2025-12-21 15:25:00,2025-12-21,6,Sunday,185,50.9963,0.00231812
2025-12-21 15:30:00,2025-12-21,6,Sunday,186,57.6745,0.00262168
2025-12-21 15:35:00,2025-12-21,6,Sunday,187,59.9843,0.00272668
2025-12-21 15:40:00,2025-12-21,6,Sunday,188,73.0215,0.00331931
2025-12-21 15:45:00,2025-12-21,6,Sunday,189,63.8622,0.00290296
2025-12-21 15:50:00,2025-12-21,6,Sunday,190,62.0463,0.00282041
2025-12-21 15:55:00,2025-12-21,6,Sunday,191,59.1457,0.00268856
2025-12-21 16:00:00,2025-12-21,6,Sunday,192,61.0403,0.00277468
2025-12-21 16:05:00,2025-12-21,6,Sunday,193,74.1882,0.00337234
2025-12-21 16:10:00,2025-12-21,6,Sunday,194,62.6274,0.00284682
2025-12-21 16:15:00,2025-12-21,6,Sunday,195,59.4037,0.00270029
2025-12-21 16:20:00,2025-12-21,6,Sunday,196,58.3092,0.00265054
2025-12-21 16:25:00,2025-12-21,6,Sunday,197,58.9291,0.00267872
2025-12-21 16:30:00,2025-12-21,6,Sunday,198,51.2009,0.00232742
2025-12-21 16:35:00,2025-12-21,6,Sunday,199,58.0493,0.00263872
2025-12-21 16:40:00,2025-12-21,6,Sunday,200,80.8238,0.00367397
2025-12-21 16:45:00,2025-12-21,6,Sunday,201,64.5125,0.00293251
2025-12-21 16:50:00,2025-12-21,6,Sunday,202,74.2609,0.00337564
2025-12-21 16:55:00,2025-12-21,6,Sunday,203,42.5639,0.00193481
2025-12-21 17:00:00,2025-12-21,6,Sunday,204,74.1802,0.00337197
2025-12-21 17:05:00,2025-12-21,6,Sunday,205,67.2843,0.00305851
2025-12-21 17:10:00,2025-12-21,6,Sunday,206,64.5332,0.00293346
2025-12-21 17:15:00,2025-12-21,6,Sunday,207,72.0669,0.00327591
2025-12-21 17:20:00,2025-12-21,6,Sunday,208,65.5076,0.00297775
2025-12-21 17:25:00,2025-12-21,6,Sunday,209,48.6411,0.00221106
2025-12-21 17:30:00,2025-12-21,6,Sunday,210,81.9548,0.00372538
2025-12-21 17:35:00,2025-12-21,6,Sunday,211,75.2569,0.00342092
2025-12-21 17:40:00,2025-12-21,6,Sunday,212,69.7781,0.00317187
2025-12-21 17:45:00,2025-12-21,6,Sunday,213,63.1419,0.00287021
2025-12-21 17:50:00,2025-12-21,6,Sunday,214,58.045,0.00263852
2025-12-21 17:55:00,2025-12-21,6,Sunday,215,77.6028,0.00352756
2025-12-21 18:00:00,2025-12-21,6,Sunday,216,94.0213,0.00427388
2025-12-21 18:05:00,2025-12-21,6,Sunday,217,78.6457,0.00357496
2025-12-21 18:10:00,2025-12-21,6,Sunday,218,60.9806,0.00277197
2025-12-21 18:15:00,2025-12-21,6,Sunday,219,80.1761,0.00364453
2025-12-21 18:20:00,2025-12-21,6,Sunday,220,77.5492,0.00352512
2025-12-21 18:25:00,2025-12-21,6,Sunday,221,89.0029,0.00404576
2025-12-21 18:30:00,2025-12-21,6,Sunday,222,86.6326,0.00393802
2025-12-21 18:35:00,2025-12-21,6,Sunday,223,44.1806,0.0020083
2025-12-21 18:40:00,2025-12-21,6,Sunday,224,87.2245,0.00396492
2025-12-21 18:45:00,2025-12-21,6,Sunday,225,69.0105,0.00313698
2025-12-21 18:50:00,2025-12-21,6,Sunday,226,64.3906,0.00292698
2025-12-21 18:55:00,2025-12-21,6,Sunday,227,80.117,0.00364184
2025-12-21 19:00:00,2025-12-21,6,Sunday,228,88.1674,0.00400778
2025-12-21 19:05:00,2025-12-21,6,Sunday,229,63.0586,0.00286642
2025-12-21 19:10:00,2025-12-21,6,Sunday,230,93.1396,0.00423381
2025-12-21 19:15:00,2025-12-21,6,Sunday,231,94.5381,0.00429737
2025-12-21 19:20:00,2025-12-21,6,Sunday,232,86.0116,0.00390979
2025-12-21 19:25:00,2025-12-21,6,Sunday,233,74.7984,0.00340008
2025-12-21 19:30:00,2025-12-21,6,Sunday,234,73.8472,0.00335684
2025-12-21 19:35:00,2025-12-21,6,Sunday,235,100.5426,0.00457032
2025-12-21 19:40:00,2025-12-21,6,Sunday,236,67.8181,0.00308278
2025-12-21 19:45:00,2025-12-21,6,Sunday,237,102.348,0.00465239
2025-12-21 19:50:00,2025-12-21,6,Sunday,238,86.6079,0.0039369
2025-12-21 19:55:00,2025-12-21,6,Sunday,239,88.0702,0.00400337
2025-12-21 20:00:00,2025-12-21,6,Sunday,240,66.8623,0.00303933
2025-12-21 20:05:00,2025-12-21,6,Sunday,241,88.4373,0.00402005
2025-12-21 20:10:00,2025-12-21,6,Sunday,242,99.3244,0.00451494
2025-12-21 20:15:00,2025-12-21,6,Sunday,243,73.1353,0.00332448
2025-12-21 20:20:00,2025-12-21,6,Sunday,244,98.863,0.00449397
2025-12-21 20:25:00,2025-12-21,6,Sunday,245,93.7213,0.00426025
2025-12-21 20:30:00,2025-12-21,6,Sunday,246,84.0033,0.0038185
2025-12-21 20:35:00,2025-12-21,6,Sunday,247,105.4519,0.00479348
2025-12-21 20:40:00,2025-12-21,6,Sunday,248,62.9132,0.00285982
2025-12-21 20:45:00,2025-12-21,6,Sunday,249,99.3278,0.0045151
2025-12-21 20:50:00,2025-12-21,6,Sunday,250,117.9266,0.00536054
2025-12-21 20:55:00,2025-12-21,6,Sunday,251,115.9217,0.0052694
2025-12-21 21:00:00,2025-12-21,6,Sunday,252,101.3737,0.0046081
2025-12-21 21:05:00,2025-12-21,6,Sunday,253,91.8532,0.00417533
2025-12-21 21:10:00,2025-12-21,6,Sunday,254,87.4145,0.00397356
2025-12-21 21:15:00,2025-12-21,6,Sunday,255,92.634,0.00421082
2025-12-21 21:20:00,2025-12-21,6,Sunday,256,105.3956,0.00479092
2025-12-21 21:25:00,2025-12-21,6,Sunday,257,85.9926,0.00390893
2025-12-21 21:30:00,2025-12-21,6,Sunday,258,109.3814,0.0049721
2025-12-21 21:35:00,2025-12-21,6,Sunday,259,130.1411,0.00591577
2025-12-21 21:40:00,2025-12-21,6,Sunday,260,98.0359,0.00445637
2025-12-21 21:45:00,2025-12-21,6,Sunday,261,79.2785,0.00360373
2025-12-21 21:50:00,2025-12-21,6,Sunday,262,79.5434,0.00361577
2025-12-21 21:55:00,2025-12-21,6,Sunday,263,111.6145,0.00507361
2025-12-21 22:00:00,2025-12-21,6,Sunday,264,99.3863,0.00451776
2025-12-21 22:05:00,2025-12-21,6,Sunday,265,113.8187,0.00517381
2025-12-21 22:10:00,2025-12-21,6,Sunday,266,92.8057,0.00421863
2025-12-21 22:15:00,2025-12-21,6,Sunday,267,113.7647,0.00517135
2025-12-21 22:20:00,2025-12-21,6,Sunday,268,99.0201,0.00450111
2025-12-21 22:25:00,2025-12-21,6,Sunday,269,90.5115,0.00411434
2025-12-21 22:30:00,2025-12-21,6,Sunday,270,95.7965,0.00435458
2025-12-21 22:35:00,2025-12-21,6,Sunday,271,83.8148,0.00380993
2025-12-21 22:40:00,2025-12-21,6,Sunday,272,132.9258,0.00604235
2025-12-21 22:45:00,2025-12-21,6,Sunday,273,101.0987,0.0045956
2025-12-21 22:50:00,2025-12-21,6,Sunday,274,112.7103,0.00512342
2025-12-21 22:55:00,2025-12-21,6,Sunday,275,94.6632,0.00430306
2025-12-21 23:00:00,2025-12-21,6,Sunday,276,86.8496,0.00394788
2025-12-21 23:05:00,2025-12-21,6,Sunday,277,99.6516,0.00452982
2025-12-21 23:10:00,2025-12-21,6,Sunday,278,120.4974,0.0054774
2025-12-21 23:15:00,2025-12-21,6,Sunday,279,95.4551,0.00433906
2025-12-21 23:20:00,2025-12-21,6,Sunday,280,90.1215,0.00409661
2025-12-21 23:25:00,2025-12-21,6,Sunday,281,106.1775,0.00482646
2025-12-21 23:30:00,2025-12-21,6,Sunday,282,111.6186,0.0050738
2025-12-21 23:35:00,2025-12-21,6,Sunday,283,129.5281,0.0058879
2025-12-21 23:40:00,2025-12-21,6,Sunday,284,109.4977,0.00497739
2025-12-21 23:45:00,2025-12-21,6,Sunday,285,114.0764,0.00518552
2025-12-21 23:50:00,2025-12-21,6,Sunday,286,115.2885,0.00524062
2025-12-21 23:55:00,2025-12-21,6,Sunday,287,86.0804,0.00391292
